timestamp,signal,label,barrier_touched,days_to_barrier,return_at_barrier
2018-01-01,-1,0.0,upper,4.0,0.2632
2018-01-02,-1,0.0,upper,3.0,0.1796
2018-01-03,-1,0.0,upper,2.0,0.1627
2018-01-04,-1,1.0,time,5.0,-0.0235
2018-01-05,-1,1.0,lower,5.0,-0.1675
2018-01-06,-1,1.0,lower,3.0,-0.1617
2018-01-07,-1,1.0,lower,4.0,-0.1929
2018-01-08,-1,1.0,time,5.0,-0.0455
2018-01-09,-1,1.0,time,5.0,-0.075
2018-01-10,-1,1.0,time,5.0,-0.0734
2018-01-11,-1,1.0,lower,5.0,-0.181
2018-01-12,-1,1.0,lower,4.0,-0.2302
2018-01-13,-1,1.0,lower,3.0,-0.2592
2018-01-14,-1,1.0,lower,2.0,-0.2109
2018-01-15,-1,1.0,lower,1.0,-0.2064
2018-01-16,-1,1.0,time,5.0,-0.0017
2018-01-17,-1,1.0,time,5.0,-0.0378
2018-01-18,1,0.0,time,5.0,-0.0602
2018-01-19,1,0.0,time,5.0,-0.0418
2018-01-20,1,0.0,lower,2.0,-0.1876
2018-01-21,1,0.0,time,5.0,-0.0579
2018-01-22,1,1.0,time,5.0,0.0414
2018-01-23,1,1.0,time,5.0,0.0684
2018-01-24,1,0.0,time,5.0,-0.0106
2018-01-25,1,0.0,time,5.0,-0.0117
2018-01-26,1,0.0,time,5.0,-0.1004
2018-01-27,1,0.0,time,5.0,-0.1246
2018-01-28,1,0.0,lower,3.0,-0.1551
2018-01-29,1,0.0,lower,4.0,-0.2071
2018-01-30,1,0.0,lower,3.0,-0.2015
2018-01-31,1,0.0,lower,5.0,-0.1834
2018-02-01,1,0.0,lower,2.0,-0.1358
2018-02-02,1,0.0,lower,4.0,-0.2805
2018-02-03,1,0.0,lower,3.0,-0.2536
2018-02-04,1,0.0,lower,2.0,-0.2721
2018-02-05,1,0.0,lower,1.0,-0.1936
2018-02-06,1,1.0,upper,3.0,0.2356
2018-02-07,1,1.0,time,5.0,0.1372
2018-02-08,1,1.0,time,5.0,0.114
2018-02-09,1,1.0,time,5.0,0.0858
2018-02-10,1,1.0,time,5.0,0.1657
2018-02-11,1,1.0,upper,4.0,0.2288
2018-02-12,1,1.0,upper,5.0,0.2208
2018-02-13,1,1.0,upper,2.0,0.1726
2018-02-14,1,1.0,time,5.0,0.1635
2018-02-15,1,1.0,time,5.0,0.1125
2018-02-16,1,1.0,time,5.0,0.0457
2018-02-17,1,0.0,time,5.0,-0.1007
2018-02-18,1,0.0,time,5.0,-0.0207
2018-02-19,1,0.0,time,5.0,-0.1263
2018-02-20,1,0.0,lower,4.0,-0.1457
2018-02-21,1,0.0,time,5.0,-0.0347
2018-02-22,1,1.0,time,5.0,0.0655
2018-02-23,1,1.0,time,5.0,0.0028
2018-02-24,1,1.0,time,5.0,0.101
2018-02-25,1,1.0,upper,5.0,0.1395
2018-02-26,1,1.0,time,5.0,0.1047
2018-02-27,1,1.0,time,5.0,0.0628
2018-02-28,1,1.0,time,5.0,0.1063
2018-03-01,1,0.0,time,5.0,-0.0082
2018-03-02,1,0.0,time,5.0,-0.1031
2018-03-03,1,0.0,lower,4.0,-0.1348
2018-03-04,1,0.0,lower,3.0,-0.1286
2018-03-05,1,0.0,lower,2.0,-0.142
2018-03-06,1,0.0,lower,2.0,-0.1311
2018-03-07,1,0.0,lower,3.0,-0.1125
2018-03-08,1,0.0,time,5.0,-0.0254
2018-03-09,1,0.0,lower,5.0,-0.1208
2018-03-10,1,0.0,time,5.0,-0.0689
2018-03-11,1,0.0,lower,3.0,-0.1374
2018-03-12,1,0.0,lower,2.0,-0.105
2018-03-13,1,0.0,lower,1.0,-0.1011
2018-03-14,1,1.0,time,5.0,0.0381
2018-03-15,1,1.0,time,5.0,0.0708
2018-03-16,1,1.0,time,5.0,0.0712
2018-03-17,1,1.0,upper,3.0,0.1196
2018-03-18,1,1.0,time,5.0,0.0712
2018-03-19,1,0.0,time,5.0,-0.0022
2018-03-20,1,0.0,time,5.0,-0.0515
2018-03-21,1,0.0,time,5.0,-0.0915
2018-03-22,1,0.0,lower,5.0,-0.1087
2018-03-23,1,0.0,lower,4.0,-0.1187
2018-03-24,1,0.0,lower,3.0,-0.0954
2018-03-25,1,0.0,lower,4.0,-0.1737
2018-03-26,1,0.0,lower,3.0,-0.1386
2018-03-27,1,0.0,lower,2.0,-0.0949
2018-03-28,1,0.0,lower,1.0,-0.1069
2018-03-29,1,1.0,time,5.0,0.0463
2018-03-30,1,0.0,time,5.0,-0.0076
2018-03-31,1,0.0,time,5.0,-0.0173
2018-04-01,1,1.0,upper,2.0,0.0879
2018-04-02,1,0.0,time,5.0,-0.0281
2018-04-03,1,0.0,lower,3.0,-0.1187
2018-04-04,1,0.0,time,5.0,-0.0098
2018-04-05,1,0.0,time,5.0,-0.0038
2018-04-06,1,1.0,time,5.0,0.0437
2018-04-07,1,1.0,upper,5.0,0.1295
2018-04-08,1,1.0,upper,4.0,0.115
2018-04-09,1,1.0,upper,3.0,0.145
2018-04-10,1,1.0,upper,2.0,0.1376
2018-04-11,1,1.0,upper,1.0,0.1236
2018-04-12,1,1.0,time,5.0,0.0047
2018-04-13,1,1.0,time,5.0,0.0316
2018-04-14,1,1.0,time,5.0,0.047
2018-04-15,1,1.0,time,5.0,0.0288
2018-04-16,-1,0.0,upper,5.0,0.1003
2018-04-17,-1,0.0,upper,4.0,0.1201
2018-04-18,-1,0.0,upper,3.0,0.0921
2018-04-19,-1,0.0,upper,5.0,0.1603
2018-04-20,-1,0.0,upper,4.0,0.1338
2018-04-21,-1,0.0,upper,3.0,0.0902
2018-04-22,-1,0.0,upper,2.0,0.1026
2018-04-23,-1,0.0,upper,1.0,0.0899
2018-04-24,-1,1.0,lower,1.0,-0.0962
2018-04-25,-1,0.0,time,5.0,0.0414
2018-04-26,-1,1.0,time,5.0,-0.0216
2018-04-27,-1,0.0,time,5.0,0.0202
2018-04-28,-1,0.0,time,5.0,0.0321
2018-04-29,-1,0.0,time,5.0,0.0326
2018-04-30,-1,0.0,time,5.0,0.0599
2018-05-01,-1,0.0,time,5.0,0.0602
2018-05-02,-1,0.0,time,5.0,0.0201
2018-05-03,-1,1.0,time,5.0,-0.043
2018-05-04,-1,1.0,time,5.0,-0.0408
2018-05-05,-1,1.0,lower,5.0,-0.0851
2018-05-06,-1,1.0,lower,5.0,-0.1312
2018-05-07,-1,1.0,lower,4.0,-0.102
2018-05-08,-1,1.0,lower,3.0,-0.0848
2018-05-09,-1,1.0,lower,2.0,-0.0956
2018-05-10,-1,1.0,time,5.0,-0.057
2018-05-11,-1,1.0,time,5.0,-0.0075
2018-05-12,1,0.0,time,5.0,-0.0514
2018-05-13,1,0.0,lower,4.0,-0.0751
2018-05-14,1,0.0,lower,3.0,-0.0766
2018-05-15,1,0.0,time,5.0,-0.0036
2018-05-16,1,1.0,time,5.0,0.0014
2018-05-17,1,0.0,time,5.0,-0.0058
2018-05-18,1,0.0,lower,5.0,-0.0821
2018-05-19,1,0.0,lower,4.0,-0.0794
2018-05-20,1,0.0,lower,3.0,-0.111
2018-05-21,1,0.0,lower,2.0,-0.1005
2018-05-22,1,0.0,lower,3.0,-0.0694
2018-05-23,1,0.0,time,5.0,-0.0607
2018-05-24,1,0.0,lower,4.0,-0.0617
2018-05-25,1,0.0,time,5.0,-0.0123
2018-05-26,1,1.0,time,5.0,0.0178
2018-05-27,1,1.0,time,5.0,0.0217
2018-05-28,1,1.0,upper,5.0,0.0622
2018-05-29,1,1.0,time,5.0,0.025
2018-05-30,1,1.0,time,5.0,0.0112
2018-05-31,1,1.0,time,5.0,0.0145
2018-06-01,1,1.0,time,5.0,0.0157
2018-06-02,1,1.0,time,5.0,0.0061
2018-06-03,1,0.0,time,5.0,-0.0104
2018-06-04,1,0.0,time,5.0,-0.0066
2018-06-05,1,0.0,lower,5.0,-0.1099
2018-06-06,1,0.0,lower,4.0,-0.1147
2018-06-07,1,0.0,lower,3.0,-0.1158
2018-06-08,1,0.0,lower,2.0,-0.1088
2018-06-09,1,0.0,lower,1.0,-0.0893
2018-06-10,1,0.0,lower,3.0,-0.0683
2018-06-11,1,0.0,lower,2.0,-0.0827
2018-06-12,1,0.0,time,5.0,-0.0251
2018-06-13,1,1.0,time,5.0,0.0528
2018-06-14,1,1.0,time,5.0,0.0096
2018-06-15,1,1.0,time,5.0,0.0469
2018-06-16,1,1.0,time,5.0,0.0316
2018-06-17,1,0.0,time,5.0,-0.0527
2018-06-18,1,0.0,lower,4.0,-0.0922
2018-06-19,1,0.0,lower,3.0,-0.0968
2018-06-20,1,0.0,lower,2.0,-0.0977
2018-06-21,1,0.0,lower,1.0,-0.0936
2018-06-22,1,1.0,time,5.0,0.0045
2018-06-23,1,0.0,time,5.0,-0.0481
2018-06-24,1,1.0,time,5.0,0.0035
2018-06-25,1,1.0,time,5.0,0.0193
2018-06-26,1,1.0,time,5.0,0.0393
2018-06-27,1,1.0,upper,5.0,0.0753
2018-06-28,1,1.0,upper,2.0,0.0795
2018-06-29,1,1.0,time,5.0,0.0599
2018-06-30,1,1.0,time,5.0,0.0265
2018-07-01,1,1.0,time,5.0,0.045
2018-07-02,1,1.0,time,5.0,0.0246
2018-07-03,1,1.0,time,5.0,0.0308
2018-07-04,1,1.0,time,5.0,0.013
2018-07-05,1,0.0,time,5.0,-0.0365
2018-07-06,1,0.0,time,5.0,-0.0337
2018-07-07,1,0.0,lower,3.0,-0.0699
2018-07-08,1,0.0,lower,2.0,-0.0611
2018-07-09,1,0.0,lower,1.0,-0.0533
2018-07-10,1,1.0,time,5.0,0.008
2018-07-11,1,1.0,time,5.0,0.0521
2018-07-12,1,1.0,upper,4.0,0.0765
2018-07-13,1,1.0,upper,3.0,0.0736
2018-07-14,1,1.0,upper,2.0,0.0737
2018-07-15,1,1.0,upper,1.0,0.0569
2018-07-16,1,1.0,upper,1.0,0.0824
2018-07-17,1,1.0,time,5.0,0.0126
2018-07-18,1,1.0,time,5.0,0.0492
2018-07-19,1,1.0,upper,5.0,0.1236
2018-07-20,-1,0.0,upper,4.0,0.1387
2018-07-21,-1,0.0,upper,3.0,0.1322
2018-07-22,-1,0.0,upper,2.0,0.13
2018-07-23,-1,0.0,upper,1.0,0.089
2018-07-24,-1,1.0,time,5.0,-0.0271
2018-07-25,-1,0.0,time,5.0,0.0051
2018-07-26,-1,1.0,time,5.0,-0.0244
2018-07-27,-1,1.0,time,5.0,-0.0677
2018-07-28,-1,1.0,lower,4.0,-0.0734
2018-07-29,-1,1.0,lower,3.0,-0.0741
2018-07-30,-1,1.0,lower,2.0,-0.0727
2018-07-31,-1,1.0,lower,4.0,-0.099
2018-08-01,-1,1.0,lower,3.0,-0.0826
2018-08-02,-1,1.0,lower,2.0,-0.0731
2018-08-03,-1,1.0,lower,3.0,-0.0678
2018-08-04,-1,1.0,lower,4.0,-0.1131
2018-08-05,-1,1.0,lower,3.0,-0.117
2018-08-06,-1,1.0,lower,2.0,-0.1012
2018-08-07,-1,1.0,lower,1.0,-0.0698
2018-08-08,-1,0.0,time,5.0,0.0039
2018-08-09,1,0.0,time,5.0,-0.0501
2018-08-10,1,1.0,time,5.0,0.0163
2018-08-11,1,1.0,time,5.0,0.0166
2018-08-12,1,1.0,time,5.0,0.0385
2018-08-13,1,1.0,time,5.0,0.0155
2018-08-14,1,1.0,time,5.0,0.0415
2018-08-15,1,0.0,time,5.0,-0.004
2018-08-16,1,1.0,time,5.0,0.0247
2018-08-17,1,0.0,time,5.0,-0.0357
2018-08-18,1,1.0,time,5.0,0.0215
2018-08-19,1,1.0,time,5.0,0.0317
2018-08-20,1,1.0,upper,4.0,0.0683
2018-08-21,1,1.0,time,5.0,0.0401
2018-08-22,1,1.0,upper,5.0,0.0868
2018-08-23,1,1.0,upper,5.0,0.0817
2018-08-24,1,1.0,time,5.0,0.0528
2018-08-25,1,1.0,time,5.0,0.0419
2018-08-26,1,1.0,time,5.0,0.043
2018-08-27,1,1.0,time,5.0,0.0425
2018-08-28,1,1.0,time,5.0,0.0319
2018-08-29,-1,0.0,time,5.0,0.0299
2018-08-30,-1,0.0,time,5.0,0.0466
2018-08-31,-1,1.0,time,5.0,-0.0381
2018-09-01,-1,1.0,lower,4.0,-0.0639
2018-09-02,-1,1.0,lower,3.0,-0.0768
2018-09-03,-1,1.0,lower,2.0,-0.0708
2018-09-04,-1,1.0,lower,1.0,-0.0842
2018-09-05,-1,1.0,lower,3.0,-0.0902
2018-09-06,-1,1.0,time,5.0,-0.0343
2018-09-07,-1,1.0,time,5.0,-0.013
2018-09-08,-1,0.0,time,5.0,0.0482
2018-09-09,-1,0.0,time,5.0,0.0375
2018-09-10,-1,0.0,time,5.0,0.0346
2018-09-11,-1,0.0,time,5.0,0.0356
2018-09-12,-1,1.0,time,5.0,-0.0128
2018-09-13,-1,1.0,time,5.0,-0.0217
2018-09-14,-1,1.0,time,5.0,-0.018
2018-09-15,-1,1.0,time,5.0,-0.0059
2018-09-16,-1,0.0,time,5.0,0.0385
2018-09-17,-1,0.0,upper,4.0,0.0787
2018-09-18,-1,0.0,upper,3.0,0.0633
2018-09-19,-1,0.0,upper,2.0,0.0575
2018-09-20,-1,1.0,time,5.0,-0.0078
2018-09-21,-1,1.0,time,5.0,-0.0452
2018-09-22,-1,1.0,time,5.0,-0.0064
2018-09-23,-1,1.0,time,5.0,-0.0114
2018-09-24,-1,0.0,time,5.0,0.0015
2018-09-25,-1,0.0,time,5.0,0.0283
2018-09-26,-1,0.0,time,5.0,0.0208
2018-09-27,-1,1.0,time,5.0,-0.0272
2018-09-28,-1,1.0,time,5.0,-0.0206
2018-09-29,-1,1.0,time,5.0,-0.0042
2018-09-30,-1,1.0,time,5.0,-0.0007
2018-10-01,-1,1.0,time,5.0,-0.0015
2018-10-02,-1,0.0,time,5.0,0.0092
2018-10-03,-1,0.0,time,5.0,0.0234
2018-10-04,-1,0.0,time,5.0,0.0083
2018-10-05,-1,1.0,time,5.0,-0.0059
2018-10-06,-1,1.0,lower,5.0,-0.0553
2018-10-07,-1,1.0,lower,4.0,-0.0547
2018-10-08,-1,1.0,lower,3.0,-0.065
2018-10-09,-1,1.0,lower,2.0,-0.0621
2018-10-10,-1,1.0,lower,1.0,-0.0543
2018-10-11,-1,0.0,upper,4.0,0.066
2018-10-12,-1,0.0,upper,3.0,0.0578
2018-10-13,1,1.0,upper,2.0,0.0532
2018-10-14,1,1.0,upper,1.0,0.051
2018-10-15,1,0.0,time,5.0,-0.0196
2018-10-16,1,0.0,time,5.0,-0.0156
2018-10-17,1,0.0,time,5.0,-0.0187
2018-10-18,1,0.0,time,5.0,-0.0069
2018-10-19,1,0.0,time,5.0,-0.0004
2018-10-20,1,0.0,time,5.0,-0.0112
2018-10-21,1,0.0,time,5.0,-0.0094
2018-10-22,1,0.0,time,5.0,-0.0086
2018-10-23,1,1.0,time,5.0,0.0013
2018-10-24,1,0.0,time,5.0,-0.0296
2018-10-25,1,0.0,time,5.0,-0.0198
2018-10-26,1,0.0,time,5.0,-0.0159
2018-10-27,1,0.0,time,5.0,-0.012
2018-10-28,1,0.0,lower,1.0,-0.0295
2018-10-29,1,1.0,time,5.0,0.0151
2018-10-30,1,1.0,time,5.0,0.003
2018-10-31,1,1.0,time,5.0,0.0076
2018-11-01,1,1.0,time,5.0,0.0148
2018-11-02,1,1.0,time,5.0,0.023
2018-11-03,1,1.0,upper,4.0,0.0288
2018-11-04,1,1.0,upper,3.0,0.0346
2018-11-05,1,1.0,upper,2.0,0.0245
2018-11-06,1,0.0,time,5.0,-0.0063
2018-11-07,1,0.0,lower,2.0,-0.0248
2018-11-08,1,0.0,time,5.0,-0.0149
2018-11-09,1,0.0,lower,5.0,-0.1039
2018-11-10,1,0.0,lower,4.0,-0.1064
2018-11-11,1,0.0,lower,3.0,-0.1071
2018-11-12,1,0.0,lower,2.0,-0.1035
2018-11-13,1,0.0,lower,1.0,-0.1009
2018-11-14,1,0.0,lower,5.0,-0.1675
2018-11-15,1,0.0,lower,4.0,-0.1511
2018-11-16,1,0.0,lower,3.0,-0.1375
2018-11-17,1,0.0,lower,2.0,-0.1356
2018-11-18,1,0.0,lower,1.0,-0.1427
2018-11-19,1,0.0,lower,3.0,-0.1267
2018-11-20,1,0.0,lower,4.0,-0.1332
2018-11-21,1,0.0,lower,3.0,-0.1691
2018-11-22,1,0.0,lower,4.0,-0.1222
2018-11-23,1,0.0,lower,1.0,-0.1164
2018-11-24,1,1.0,time,5.0,0.0939
2018-11-25,1,0.0,time,5.0,-0.0075
2018-11-26,1,1.0,upper,2.0,0.1128
2018-11-27,1,1.0,upper,1.0,0.1073
2018-11-28,1,0.0,time,5.0,-0.0954
2018-11-29,1,0.0,time,5.0,-0.0817
2018-11-30,1,0.0,time,5.0,-0.0665
2018-12-01,1,0.0,lower,5.0,-0.188
2018-12-02,1,0.0,lower,4.0,-0.1723
2018-12-03,1,0.0,lower,4.0,-0.1293
2018-12-04,1,0.0,lower,2.0,-0.1275
2018-12-05,1,0.0,time,5.0,-0.0885
2018-12-06,1,0.0,time,5.0,-0.0271
2018-12-07,1,1.0,time,5.0,0.0086
2018-12-08,1,0.0,time,5.0,-0.0387
2018-12-09,1,0.0,time,5.0,-0.0988
2018-12-10,1,0.0,time,5.0,-0.0637
2018-12-11,1,0.0,time,5.0,-0.0491
2018-12-12,1,1.0,time,5.0,0.0196
2018-12-13,1,1.0,upper,5.0,0.104
2018-12-14,1,1.0,upper,3.0,0.0862
2018-12-15,1,1.0,upper,2.0,0.0845
2018-12-16,1,1.0,upper,1.0,0.0861
2018-12-17,1,1.0,upper,3.0,0.1479
2018-12-18,1,1.0,upper,2.0,0.1061
2018-12-19,1,1.0,upper,1.0,0.0974
2018-12-20,1,0.0,time,5.0,-0.0798
2018-12-21,1,0.0,time,5.0,-0.0169
2018-12-22,1,0.0,time,5.0,-0.0989
2018-12-23,1,0.0,time,5.0,-0.0224
2018-12-24,1,0.0,lower,3.0,-0.1154
2018-12-25,1,1.0,time,5.0,0.0122
2018-12-26,1,0.0,time,5.0,-0.0238
2018-12-27,1,1.0,time,5.0,0.056
2018-12-28,1,1.0,time,5.0,0.0046
2018-12-29,1,0.0,time,5.0,-0.0012
2018-12-30,1,1.0,time,5.0,0.0017
2018-12-31,1,1.0,time,5.0,0.0275
2019-01-01,1,1.0,time,5.0,0.0562
2019-01-02,1,1.0,time,5.0,0.0299
2019-01-03,1,1.0,time,5.0,0.0516
2019-01-04,1,1.0,time,5.0,0.0453
2019-01-05,1,0.0,time,5.0,-0.0463
2019-01-06,1,0.0,lower,4.0,-0.1021
2019-01-07,1,0.0,lower,3.0,-0.0962
2019-01-08,1,0.0,lower,2.0,-0.0921
2019-01-09,1,0.0,lower,1.0,-0.0943
2019-01-10,1,0.0,time,5.0,-0.0156
2019-01-11,1,0.0,time,5.0,-0.0097
2019-01-12,1,1.0,time,5.0,0.0062
2019-01-13,1,1.0,time,5.0,0.0287
2019-01-14,1,1.0,time,5.0,0.0072
2019-01-15,1,0.0,time,5.0,-0.0081
2019-01-16,1,0.0,time,5.0,-0.0187
2019-01-17,1,0.0,time,5.0,-0.0138
2019-01-18,1,0.0,time,5.0,-0.0118
2019-01-19,1,0.0,time,5.0,-0.0304
2019-01-20,1,1.0,time,5.0,0.0072
2019-01-21,1,1.0,time,5.0,0.0095
2019-01-22,1,0.0,time,5.0,-0.0051
2019-01-23,1,0.0,time,5.0,-0.0353
2019-01-24,1,0.0,time,5.0,-0.0433
2019-01-25,1,0.0,time,5.0,-0.0305
2019-01-26,1,0.0,time,5.0,-0.038
2019-01-27,1,0.0,time,5.0,-0.0253
2019-01-28,1,1.0,time,5.0,0.0157
2019-01-29,1,1.0,time,5.0,0.0118
2019-01-30,1,1.0,time,5.0,0.0018
2019-01-31,1,1.0,time,5.0,0.011
2019-02-01,1,0.0,time,5.0,-0.0171
2019-02-02,1,0.0,time,5.0,-0.0269
2019-02-03,1,1.0,upper,5.0,0.0591
2019-02-04,1,1.0,upper,4.0,0.0562
2019-02-05,1,1.0,upper,3.0,0.0545
2019-02-06,1,1.0,upper,2.0,0.0731
2019-02-07,1,1.0,upper,1.0,0.0766
2019-02-08,1,0.0,time,5.0,-0.0149
2019-02-09,1,0.0,time,5.0,-0.0214
2019-02-10,-1,1.0,time,5.0,-0.0205
2019-02-11,-1,1.0,time,5.0,-0.0024
2019-02-12,-1,0.0,time,5.0,0.0085
2019-02-13,-1,0.0,upper,5.0,0.0738
2019-02-14,-1,0.0,upper,4.0,0.0795
2019-02-15,-1,0.0,upper,3.0,0.0762
2019-02-16,-1,0.0,upper,2.0,0.0703
2019-02-17,-1,0.0,upper,1.0,0.0587
2019-02-18,-1,0.0,upper,5.0,0.0572
2019-02-19,-1,0.0,upper,4.0,0.0499
2019-02-20,-1,1.0,lower,4.0,-0.0606
2019-02-21,-1,0.0,upper,2.0,0.0449
2019-02-22,-1,1.0,lower,2.0,-0.0598
2019-02-23,-1,1.0,lower,1.0,-0.0949
2019-02-24,-1,0.0,time,5.0,0.0193
2019-02-25,-1,1.0,time,5.0,-0.0013
2019-02-26,-1,1.0,time,5.0,-0.0006
2019-02-27,-1,1.0,time,5.0,-0.0267
2019-02-28,-1,0.0,time,5.0,0.0096
2019-03-01,-1,0.0,time,5.0,0.0117
2019-03-02,-1,0.0,time,5.0,0.0135
2019-03-03,-1,0.0,time,5.0,0.0143
2019-03-04,-1,0.0,upper,5.0,0.0598
2019-03-05,-1,0.0,time,5.0,0.0183
2019-03-06,-1,1.0,time,5.0,-0.0
2019-03-07,-1,0.0,time,5.0,0.0012
2019-03-08,-1,0.0,time,5.0,0.001
2019-03-09,-1,1.0,time,5.0,-0.0166
2019-03-10,-1,0.0,time,5.0,0.0005
2019-03-11,-1,0.0,time,5.0,0.0375
2019-03-12,-1,0.0,time,5.0,0.0266
2019-03-13,-1,0.0,time,5.0,0.0308
2019-03-14,-1,0.0,time,5.0,0.0347
2019-03-15,-1,0.0,time,5.0,0.0301
2019-03-16,-1,1.0,time,5.0,-0.0061
2019-03-17,-1,0.0,time,5.0,0.0021
2019-03-18,-1,0.0,time,5.0,0.0056
2019-03-19,-1,1.0,time,5.0,-0.005
2019-03-20,-1,1.0,time,5.0,-0.0296
2019-03-21,-1,1.0,time,5.0,-0.0113
2019-03-22,-1,0.0,time,5.0,0.0117
2019-03-23,-1,0.0,time,5.0,0.0048
2019-03-24,-1,0.0,time,5.0,0.0272
2019-03-25,-1,0.0,upper,4.0,0.0438
2019-03-26,-1,0.0,upper,3.0,0.041
2019-03-27,-1,0.0,time,5.0,0.0269
2019-03-28,-1,0.0,upper,4.0,0.0289
2019-03-29,-1,0.0,upper,4.0,0.1697
2019-03-30,-1,0.0,upper,3.0,0.1696
2019-03-31,-1,0.0,upper,2.0,0.1697
2019-04-01,-1,0.0,upper,1.0,0.1593
2019-04-02,-1,0.0,time,5.0,0.0627
2019-04-03,-1,0.0,time,5.0,0.0609
2019-04-04,-1,0.0,time,5.0,0.0543
2019-04-05,-1,0.0,time,5.0,0.057
2019-04-06,-1,0.0,time,5.0,0.0012
2019-04-07,-1,1.0,time,5.0,-0.0184
2019-04-08,-1,1.0,time,5.0,-0.0375
2019-04-09,-1,1.0,time,5.0,-0.0044
2019-04-10,-1,1.0,time,5.0,-0.052
2019-04-11,-1,0.0,time,5.0,0.0323
2019-04-12,-1,0.0,time,5.0,0.0265
2019-04-13,-1,0.0,time,5.0,0.039
2019-04-14,-1,0.0,time,5.0,0.0251
2019-04-15,-1,0.0,time,5.0,0.0518
2019-04-16,-1,0.0,time,5.0,0.0185
2019-04-17,-1,0.0,time,5.0,0.0306
2019-04-18,-1,0.0,time,5.0,0.0523
2019-04-19,-1,0.0,time,5.0,0.032
2019-04-20,-1,1.0,time,5.0,-0.0199
2019-04-21,-1,1.0,time,5.0,-0.0029
2019-04-22,-1,1.0,time,5.0,-0.0233
2019-04-23,-1,1.0,lower,2.0,-0.066
2019-04-24,-1,1.0,time,5.0,-0.0474
2019-04-25,-1,0.0,time,5.0,0.0171
2019-04-26,-1,0.0,time,5.0,0.011
2019-04-27,-1,0.0,time,5.0,0.0362
2019-04-28,-1,0.0,upper,5.0,0.0863
2019-04-29,-1,0.0,upper,4.0,0.0974
2019-04-30,-1,0.0,upper,3.0,0.0796
2019-05-01,-1,0.0,upper,2.0,0.068
2019-05-02,-1,0.0,upper,1.0,0.0502
2019-05-03,-1,0.0,time,5.0,0.0387
2019-05-04,-1,0.0,upper,5.0,0.0609
2019-05-05,-1,0.0,upper,4.0,0.0703
2019-05-06,-1,0.0,upper,3.0,0.0762
2019-05-07,-1,0.0,upper,2.0,0.0545
2019-05-08,-1,0.0,upper,2.0,0.0669
2019-05-09,-1,0.0,upper,2.0,0.1627
2019-05-10,-1,0.0,upper,1.0,0.1305
2019-05-11,-1,0.0,upper,3.0,0.0961
2019-05-12,-1,0.0,upper,1.0,0.1156
2019-05-13,-1,1.0,time,5.0,-0.0669
2019-05-14,-1,0.0,time,5.0,0.0221
2019-05-15,-1,1.0,lower,2.0,-0.1094
2019-05-16,-1,0.0,time,5.0,0.0104
2019-05-17,-1,0.0,time,5.0,0.043
2019-05-18,-1,0.0,upper,1.0,0.1123
2019-05-19,-1,1.0,time,5.0,-0.0237
2019-05-20,-1,0.0,time,5.0,0.0076
2019-05-21,-1,0.0,time,5.0,0.0811
2019-05-22,-1,0.0,upper,4.0,0.1186
2019-05-23,-1,0.0,upper,4.0,0.1146
2019-05-24,-1,0.0,upper,3.0,0.1
2019-05-25,-1,0.0,upper,2.0,0.0924
2019-05-26,-1,1.0,time,5.0,-0.0064
2019-05-27,-1,1.0,time,5.0,-0.0301
2019-05-28,-1,0.0,time,5.0,0.0019
2019-05-29,-1,1.0,time,5.0,-0.0567
2019-05-30,-1,1.0,time,5.0,-0.0785
2019-05-31,-1,1.0,lower,4.0,-0.1098
2019-06-01,-1,1.0,lower,3.0,-0.1073
2019-06-02,-1,1.0,lower,2.0,-0.1292
2019-06-03,-1,1.0,time,5.0,-0.0287
2019-06-04,-1,1.0,time,5.0,-0.002
2019-06-05,-1,0.0,time,5.0,0.0241
2019-06-06,-1,0.0,time,5.0,0.0098
2019-06-07,-1,0.0,time,5.0,0.0135
2019-06-08,-1,0.0,time,5.0,0.0353
2019-06-09,-1,0.0,upper,5.0,0.123
2019-06-10,-1,0.0,upper,4.0,0.0803
2019-06-11,-1,0.0,upper,3.0,0.0934
2019-06-12,-1,0.0,upper,3.0,0.0795
2019-06-13,-1,0.0,upper,3.0,0.0874
2019-06-14,-1,0.0,time,5.0,0.0685
2019-06-15,-1,0.0,upper,5.0,0.0795
2019-06-16,-1,0.0,upper,5.0,0.1195
2019-06-17,-1,0.0,upper,4.0,0.083
2019-06-18,-1,0.0,upper,3.0,0.1067
2019-06-19,-1,0.0,upper,2.0,0.0859
2019-06-20,-1,0.0,upper,2.0,0.1143
2019-06-21,-1,0.0,upper,2.0,0.0695
2019-06-22,-1,0.0,upper,3.0,0.0981
2019-06-23,-1,0.0,upper,2.0,0.085
2019-06-24,-1,0.0,upper,1.0,0.0668
2019-06-25,-1,0.0,upper,1.0,0.0958
2019-06-26,-1,1.0,lower,1.0,-0.1506
2019-06-27,-1,1.0,time,5.0,-0.0324
2019-06-28,-1,1.0,lower,3.0,-0.1493
2019-06-29,-1,1.0,time,5.0,-0.0641
2019-06-30,-1,0.0,time,5.0,0.0111
2019-07-01,-1,0.0,time,5.0,0.0585
2019-07-02,-1,0.0,time,5.0,0.0552
2019-07-03,-1,0.0,time,5.0,0.0235
2019-07-04,-1,0.0,time,5.0,0.1107
2019-07-05,-1,0.0,time,5.0,0.0999
2019-07-06,-1,0.0,time,5.0,0.0093
2019-07-07,-1,0.0,time,5.0,0.0317
2019-07-08,-1,1.0,time,5.0,-0.0711
2019-07-09,-1,1.0,lower,5.0,-0.1985
2019-07-10,-1,1.0,lower,4.0,-0.1679
2019-07-11,-1,1.0,lower,5.0,-0.1769
2019-07-12,-1,1.0,lower,2.0,-0.1378
2019-07-13,-1,1.0,lower,3.0,-0.1799
2019-07-14,-1,0.0,time,5.0,0.0241
2019-07-15,-1,1.0,lower,1.0,-0.1344
2019-07-16,-1,0.0,time,5.0,0.1062
2019-07-17,1,1.0,time,5.0,0.0686
2019-07-18,1,0.0,time,5.0,-0.0681
2019-07-19,1,0.0,time,5.0,-0.0725
2019-07-20,1,0.0,time,5.0,-0.0868
2019-07-21,1,0.0,time,5.0,-0.0745
2019-07-22,1,0.0,time,5.0,-0.0906
2019-07-23,1,0.0,time,5.0,-0.0413
2019-07-24,1,0.0,time,5.0,-0.0299
2019-07-25,1,0.0,time,5.0,-0.0319
2019-07-26,1,1.0,time,5.0,0.0218
2019-07-27,1,1.0,time,5.0,0.0923
2019-07-28,1,1.0,upper,5.0,0.0992
2019-07-29,1,1.0,upper,4.0,0.1017
2019-07-30,1,1.0,upper,3.0,0.0957
2019-07-31,1,1.0,upper,5.0,0.1608
2019-08-01,1,1.0,upper,4.0,0.1316
2019-08-02,1,1.0,upper,3.0,0.1155
2019-08-03,1,1.0,upper,2.0,0.0909
2019-08-04,1,1.0,upper,1.0,0.0762
2019-08-05,1,0.0,time,5.0,-0.0424
2019-08-06,-1,0.0,time,5.0,0.0035
2019-08-07,-1,1.0,time,5.0,-0.0505
2019-08-08,-1,1.0,lower,5.0,-0.0978
2019-08-09,-1,1.0,lower,4.0,-0.0834
2019-08-10,-1,1.0,lower,4.0,-0.1231
2019-08-11,-1,1.0,lower,3.0,-0.1425
2019-08-12,-1,1.0,lower,2.0,-0.1278
2019-08-13,-1,1.0,lower,1.0,-0.0849
2019-08-14,-1,0.0,time,5.0,0.0842
2019-08-15,-1,0.0,time,5.0,0.0426
2019-08-16,-1,1.0,time,5.0,-0.0197
2019-08-17,-1,1.0,time,5.0,-0.0095
2019-08-18,-1,0.0,time,5.0,0.0073
2019-08-19,-1,1.0,time,5.0,-0.0714
2019-08-20,-1,1.0,time,5.0,-0.0628
2019-08-21,-1,0.0,time,5.0,0.0206
2019-08-22,-1,0.0,time,5.0,0.004
2019-08-23,-1,1.0,time,5.0,-0.0628
2019-08-24,-1,1.0,time,5.0,-0.0673
2019-08-25,-1,1.0,time,5.0,-0.0509
2019-08-26,-1,1.0,lower,3.0,-0.0858
2019-08-27,-1,1.0,lower,2.0,-0.0695
2019-08-28,-1,0.0,time,5.0,0.0568
2019-08-29,-1,0.0,upper,4.0,0.0846
2019-08-30,-1,0.0,upper,3.0,0.0738
2019-08-31,-1,0.0,upper,2.0,0.0719
2019-09-01,-1,0.0,upper,1.0,0.0592
2019-09-02,-1,0.0,time,5.0,0.0133
2019-09-03,-1,1.0,time,5.0,-0.0205
2019-09-04,-1,1.0,time,5.0,-0.0241
2019-09-05,-1,1.0,time,5.0,-0.0434
2019-09-06,-1,1.0,time,5.0,-0.0195
2019-09-07,-1,1.0,time,5.0,-0.0075
2019-09-08,-1,1.0,time,5.0,-0.0047
2019-09-09,-1,0.0,time,5.0,0.0027
2019-09-10,-1,0.0,time,5.0,0.0181
2019-09-11,-1,0.0,time,5.0,0.0115
2019-09-12,-1,1.0,time,5.0,-0.0175
2019-09-13,-1,1.0,time,5.0,-0.0192
2019-09-14,-1,1.0,time,5.0,-0.0094
2019-09-15,-1,1.0,time,5.0,-0.0124
2019-09-16,-1,1.0,time,5.0,-0.0268
2019-09-17,-1,1.0,time,5.0,-0.016
2019-09-18,-1,1.0,lower,5.0,-0.0463
2019-09-19,-1,1.0,lower,4.0,-0.0555
2019-09-20,-1,1.0,lower,3.0,-0.0482
2019-09-21,-1,1.0,lower,3.0,-0.1387
2019-09-22,-1,1.0,lower,1.0,-0.0346
2019-09-23,-1,1.0,lower,1.0,-0.1084
2019-09-24,-1,1.0,lower,2.0,-0.0719
2019-09-25,-1,1.0,time,5.0,-0.0209
2019-09-26,-1,0.0,time,5.0,0.022
2019-09-27,-1,0.0,time,5.0,0.0221
2019-09-28,1,1.0,time,5.0,0.0053
2019-09-29,1,1.0,time,5.0,0.0114
2019-09-30,1,0.0,time,5.0,-0.016
2019-10-01,1,0.0,time,5.0,-0.0481
2019-10-02,1,0.0,lower,4.0,-0.0586
2019-10-03,1,0.0,time,5.0,-0.0107
2019-10-04,1,1.0,time,5.0,0.0498
2019-10-05,1,1.0,upper,4.0,0.0518
2019-10-06,1,1.0,upper,3.0,0.083
2019-10-07,1,1.0,time,5.0,0.0153
2019-10-08,1,1.0,time,5.0,0.0132
2019-10-09,1,0.0,time,5.0,-0.0267
2019-10-10,1,0.0,time,5.0,-0.0461
2019-10-11,1,0.0,time,5.0,-0.0329
2019-10-12,1,0.0,time,5.0,-0.0279
2019-10-13,1,0.0,time,5.0,-0.0409
2019-10-14,1,0.0,time,5.0,-0.0488
2019-10-15,1,1.0,time,5.0,0.004
2019-10-16,1,1.0,time,5.0,0.026
2019-10-17,1,0.0,time,5.0,-0.0043
2019-10-18,1,0.0,lower,5.0,-0.0634
2019-10-19,1,0.0,lower,4.0,-0.0624
2019-10-20,1,0.0,lower,3.0,-0.0945
2019-10-21,1,0.0,lower,2.0,-0.096
2019-10-22,1,0.0,lower,1.0,-0.0744
2019-10-23,1,1.0,upper,2.0,0.1471
2019-10-24,1,1.0,upper,1.0,0.1517
2019-10-25,1,1.0,time,5.0,0.0583
2019-10-26,1,0.0,time,5.0,-0.0071
2019-10-27,1,0.0,time,5.0,-0.0287
2019-10-28,-1,0.0,time,5.0,0.0068
2019-10-29,-1,1.0,time,5.0,-0.0218
2019-10-30,-1,0.0,time,5.0,0.0223
2019-10-31,-1,0.0,time,5.0,0.0161
2019-11-01,-1,0.0,time,5.0,0.0115
2019-11-02,-1,1.0,time,5.0,-0.0088
2019-11-03,-1,1.0,time,5.0,-0.0454
2019-11-04,-1,1.0,time,5.0,-0.0626
2019-11-05,-1,1.0,time,5.0,-0.028
2019-11-06,-1,1.0,time,5.0,-0.0676
2019-11-07,-1,1.0,time,5.0,-0.046
2019-11-08,-1,1.0,time,5.0,-0.0029
2019-11-09,-1,1.0,time,5.0,-0.0181
2019-11-10,-1,1.0,time,5.0,-0.0643
2019-11-11,-1,1.0,time,5.0,-0.0271
2019-11-12,-1,1.0,time,5.0,-0.0345
2019-11-13,-1,1.0,lower,5.0,-0.0669
2019-11-14,-1,1.0,lower,5.0,-0.0611
2019-11-15,-1,1.0,time,5.0,-0.0464
2019-11-16,1,0.0,lower,5.0,-0.1072
2019-11-17,1,0.0,lower,4.0,-0.1087
2019-11-18,1,0.0,lower,3.0,-0.0721
2019-11-19,1,0.0,lower,2.0,-0.0642
2019-11-20,1,0.0,lower,1.0,-0.0589
2019-11-21,1,0.0,lower,3.0,-0.0957
2019-11-22,1,1.0,time,5.0,0.0258
2019-11-23,1,1.0,time,5.0,0.0175
2019-11-24,1,1.0,upper,3.0,0.076
2019-11-25,1,1.0,upper,4.0,0.0813
2019-11-26,1,1.0,upper,3.0,0.0757
2019-11-27,1,0.0,time,5.0,-0.0236
2019-11-28,1,0.0,time,5.0,-0.0207
2019-11-29,1,0.0,lower,5.0,-0.0685
2019-11-30,1,0.0,time,5.0,-0.0245
2019-12-01,1,1.0,time,5.0,0.0168
2019-12-02,1,1.0,time,5.0,0.0249
2019-12-03,1,1.0,time,5.0,0.03
2019-12-04,1,1.0,time,5.0,0.0188
2019-12-05,1,0.0,time,5.0,-0.0191
2019-12-06,1,0.0,time,5.0,-0.0453
2019-12-07,1,0.0,time,5.0,-0.0399
2019-12-08,1,0.0,time,5.0,-0.0354
2019-12-09,1,0.0,time,5.0,-0.0368
2019-12-10,1,0.0,time,5.0,-0.0175
2019-12-11,1,0.0,time,5.0,-0.0421
2019-12-12,1,0.0,lower,4.0,-0.0425
2019-12-13,1,0.0,lower,3.0,-0.049
2019-12-14,1,0.0,lower,3.0,-0.0663
2019-12-15,1,0.0,lower,2.0,-0.0701
2019-12-16,1,0.0,lower,1.0,-0.0405
2019-12-17,1,1.0,upper,1.0,0.0932
2019-12-18,1,1.0,time,5.0,0.0083
2019-12-19,1,1.0,time,5.0,0.0158
2019-12-20,1,1.0,time,5.0,0.0026
2019-12-21,1,1.0,time,5.0,0.0093
2019-12-22,1,0.0,time,5.0,-0.0327
2019-12-23,1,0.0,time,5.0,-0.0037
2019-12-24,1,1.0,time,5.0,0.0174
2019-12-25,1,1.0,time,5.0,0.005
2019-12-26,1,0.0,time,5.0,-0.0019
2019-12-27,1,0.0,time,5.0,-0.0075
2019-12-28,1,0.0,time,5.0,-0.0482
2019-12-29,1,0.0,lower,4.0,-0.0599
2019-12-30,1,1.0,time,5.0,0.0152
2019-12-31,1,1.0,time,5.0,0.0213
2020-01-01,1,1.0,upper,5.0,0.0725
2020-01-02,1,1.0,upper,1.0,0.0472
2020-01-03,1,1.0,upper,3.0,0.0578
2020-01-04,1,1.0,upper,3.0,0.1028
2020-01-05,1,1.0,upper,1.0,0.051
2020-01-06,1,1.0,upper,4.0,0.056
2020-01-07,1,1.0,time,5.0,0.0029
2020-01-08,1,1.0,time,5.0,0.008
2020-01-09,-1,0.0,upper,5.0,0.1166
2020-01-10,-1,0.0,upper,4.0,0.0732
2020-01-11,-1,0.0,upper,3.0,0.094
2020-01-12,-1,0.0,upper,2.0,0.0743
2020-01-13,-1,0.0,upper,1.0,0.0818
2020-01-14,-1,1.0,time,5.0,-0.0127
2020-01-15,-1,1.0,time,5.0,-0.0217
2020-01-16,-1,0.0,time,5.0,0.0004
2020-01-17,-1,1.0,time,5.0,-0.027
2020-01-18,-1,1.0,time,5.0,-0.0567
2020-01-19,-1,1.0,time,5.0,-0.0302
2020-01-20,-1,1.0,time,5.0,-0.0333
2020-01-21,-1,1.0,time,5.0,-0.0149
2020-01-22,-1,0.0,time,5.0,0.0244
2020-01-23,-1,0.0,upper,5.0,0.1021
2020-01-24,-1,0.0,upper,4.0,0.1002
2020-01-25,-1,0.0,upper,2.0,0.0616
2020-01-26,-1,0.0,upper,2.0,0.081
2020-01-27,-1,0.0,upper,3.0,0.0686
2020-01-28,-1,0.0,time,5.0,0.0019
2020-01-29,-1,0.0,time,5.0,0.0034
2020-01-30,-1,1.0,time,5.0,-0.0353
2020-01-31,-1,0.0,time,5.0,0.0301
2020-02-01,-1,0.0,time,5.0,0.0399
2020-02-02,-1,0.0,upper,5.0,0.0482
2020-02-03,-1,0.0,upper,4.0,0.0514
2020-02-04,-1,0.0,upper,2.0,0.0597
2020-02-05,-1,0.0,upper,4.0,0.0564
2020-02-06,-1,0.0,upper,5.0,0.0483
2020-02-07,-1,0.0,upper,5.0,0.0526
2020-02-08,-1,0.0,upper,4.0,0.0434
2020-02-09,-1,0.0,time,5.0,0.0168
2020-02-10,-1,0.0,time,5.0,0.0004
2020-02-11,-1,1.0,time,5.0,-0.0281
2020-02-12,-1,1.0,lower,5.0,-0.0604
2020-02-13,-1,1.0,lower,4.0,-0.0499
2020-02-14,-1,1.0,lower,1.0,-0.0422
2020-02-15,-1,1.0,time,5.0,-0.0293
2020-02-16,-1,1.0,time,5.0,-0.0276
2020-02-17,-1,1.0,time,5.0,-0.0067
2020-02-18,-1,1.0,lower,1.0,-0.0522
2020-02-19,-1,0.0,time,5.0,0.0054
2020-02-20,-1,1.0,time,5.0,-0.0277
2020-02-21,-1,1.0,lower,5.0,-0.0944
2020-02-22,-1,1.0,lower,4.0,-0.0929
2020-02-23,-1,1.0,lower,2.0,-0.0624
2020-02-24,-1,1.0,lower,2.0,-0.0942
2020-02-25,-1,1.0,lower,1.0,-0.0599
2020-02-26,-1,0.0,time,5.0,0.0118
2020-02-27,-1,1.0,time,5.0,-0.0028
2020-02-28,-1,0.0,time,5.0,0.0047
2020-02-29,-1,0.0,upper,5.0,0.0553
2020-03-01,1,1.0,upper,4.0,0.0535
2020-03-02,1,0.0,time,5.0,-0.0004
2020-03-03,1,0.0,lower,5.0,-0.0852
2020-03-04,1,0.0,lower,4.0,-0.0854
2020-03-05,1,0.0,lower,3.0,-0.1169
2020-03-06,1,0.0,lower,2.0,-0.1276
2020-03-07,1,0.0,lower,1.0,-0.1017
2020-03-08,1,0.0,lower,4.0,-0.447
2020-03-09,1,0.0,lower,3.0,-0.4319
2020-03-10,1,0.0,lower,2.0,-0.4301
2020-03-11,1,0.0,lower,1.0,-0.4337
2020-03-12,1,1.0,time,5.0,0.0468
2020-03-13,1,0.0,time,5.0,-0.0305
2020-03-14,1,1.0,time,5.0,0.1683
2020-03-15,1,1.0,time,5.0,0.1378
2020-03-16,1,1.0,time,5.0,0.1998
2020-03-17,1,1.0,time,5.0,0.0837
2020-03-18,1,1.0,time,5.0,0.1831
2020-03-19,1,1.0,time,5.0,0.0869
2020-03-20,1,1.0,time,5.0,0.0777
2020-03-21,1,1.0,time,5.0,0.0961
2020-03-22,1,1.0,time,5.0,0.0879
2020-03-23,1,0.0,time,5.0,-0.0317
2020-03-24,1,0.0,time,5.0,-0.1291
2020-03-25,1,0.0,time,5.0,-0.0447
2020-03-26,1,0.0,time,5.0,-0.0522
2020-03-27,1,1.0,time,5.0,0.0373
2020-03-28,1,1.0,time,5.0,0.0847
2020-03-29,1,1.0,time,5.0,0.1294
2020-03-30,1,1.0,time,5.0,0.0688
2020-03-31,1,1.0,time,5.0,0.0555
2020-04-01,1,1.0,time,5.0,0.0943
2020-04-02,1,1.0,time,5.0,0.0556
2020-04-03,1,1.0,time,5.0,0.0867
2020-04-04,1,1.0,time,5.0,0.0615
2020-04-05,1,1.0,time,5.0,0.0112
2020-04-06,1,0.0,time,5.0,-0.0591
2020-04-07,1,0.0,time,5.0,-0.0402
2020-04-08,1,0.0,time,5.0,-0.0683
2020-04-09,1,0.0,time,5.0,-0.0614
2020-04-10,1,0.0,time,5.0,-0.0349
2020-04-11,1,1.0,time,5.0,0.026
2020-04-12,1,1.0,time,5.0,0.0175
2020-04-13,1,1.0,time,5.0,0.0546
2020-04-14,1,1.0,time,5.0,0.0382
2020-04-15,1,1.0,upper,3.0,0.0884
2020-04-16,1,0.0,time,5.0,-0.0313
2020-04-17,1,1.0,time,5.0,0.0106
2020-04-18,1,1.0,time,5.0,0.0192
2020-04-19,1,1.0,time,5.0,0.0503
2020-04-20,1,1.0,upper,4.0,0.0891
2020-04-21,1,1.0,upper,3.0,0.0912
2020-04-22,1,1.0,upper,5.0,0.0893
2020-04-23,1,1.0,time,5.0,0.0496
2020-04-24,1,1.0,upper,5.0,0.1541
2020-04-25,1,1.0,upper,4.0,0.1484
2020-04-26,1,1.0,upper,3.0,0.1293
2020-04-27,-1,0.0,upper,2.0,0.1176
2020-04-28,-1,0.0,upper,1.0,0.1197
2020-04-29,-1,0.0,time,5.0,0.0159
2020-04-30,-1,0.0,time,5.0,0.0446
2020-05-01,-1,0.0,time,5.0,0.0356
2020-05-02,-1,0.0,upper,5.0,0.105
2020-05-03,-1,0.0,upper,4.0,0.1137
2020-05-04,-1,0.0,upper,3.0,0.1142
2020-05-05,-1,0.0,upper,2.0,0.1009
2020-05-06,-1,0.0,upper,1.0,0.0853
2020-05-07,-1,1.0,lower,3.0,-0.1291
2020-05-08,-1,1.0,lower,2.0,-0.1153
2020-05-09,-1,1.0,lower,1.0,-0.0889
2020-05-10,-1,0.0,upper,4.0,0.1091
2020-05-11,-1,0.0,upper,3.0,0.1262
2020-05-12,-1,0.0,upper,2.0,0.1053
2020-05-13,-1,0.0,time,5.0,0.0448
2020-05-14,-1,1.0,time,5.0,-0.0017
2020-05-15,-1,0.0,time,5.0,0.0243
2020-05-16,-1,1.0,time,5.0,-0.035
2020-05-17,-1,1.0,time,5.0,-0.0526
2020-05-18,-1,1.0,time,5.0,-0.0569
2020-05-19,-1,1.0,lower,5.0,-0.1044
2020-05-20,-1,1.0,lower,4.0,-0.0823
2020-05-21,-1,1.0,time,5.0,-0.0237
2020-05-22,-1,0.0,time,5.0,0.0024
2020-05-23,-1,0.0,time,5.0,0.04
2020-05-24,-1,0.0,upper,4.0,0.0837
2020-05-25,-1,0.0,upper,3.0,0.0709
2020-05-26,-1,0.0,upper,2.0,0.0768
2020-05-27,-1,0.0,upper,5.0,0.1029
2020-05-28,-1,1.0,time,5.0,-0.0006
2020-05-29,-1,0.0,upper,3.0,0.0753
2020-05-30,-1,0.0,time,5.0,0.0118
2020-05-31,-1,0.0,upper,1.0,0.071
2020-06-01,-1,1.0,time,5.0,-0.0498
2020-06-02,-1,0.0,time,5.0,0.0206
2020-06-03,-1,0.0,time,5.0,0.0131
2020-06-04,-1,1.0,time,5.0,-0.0026
2020-06-05,-1,0.0,time,5.0,0.0238
2020-06-06,-1,1.0,time,5.0,-0.0363
2020-06-07,-1,1.0,time,5.0,-0.028
2020-06-08,-1,1.0,time,5.0,-0.0316
2020-06-09,-1,1.0,time,5.0,-0.0441
2020-06-10,-1,1.0,lower,1.0,-0.0572
2020-06-11,-1,0.0,time,5.0,0.0211
2020-06-12,-1,1.0,time,5.0,-0.0007
2020-06-13,-1,1.0,time,5.0,-0.0074
2020-06-14,-1,1.0,time,5.0,-0.0036
2020-06-15,-1,1.0,time,5.0,-0.0076
2020-06-16,-1,1.0,time,5.0,-0.0241
2020-06-17,-1,0.0,time,5.0,0.0225
2020-06-18,-1,0.0,time,5.0,0.0236
2020-06-19,-1,1.0,time,5.0,-0.0027
2020-06-20,-1,1.0,time,5.0,-0.0109
2020-06-21,-1,1.0,time,5.0,-0.0143
2020-06-22,-1,1.0,lower,4.0,-0.0544
2020-06-23,-1,1.0,lower,3.0,-0.0488
2020-06-24,-1,1.0,time,5.0,-0.0111
2020-06-25,-1,1.0,time,5.0,-0.0118
2020-06-26,-1,0.0,time,5.0,0.007
2020-06-27,-1,0.0,time,5.0,0.0089
2020-06-28,-1,1.0,time,5.0,-0.0075
2020-06-29,-1,1.0,time,5.0,-0.0057
2020-06-30,-1,1.0,time,5.0,-0.0068
2020-07-01,-1,0.0,time,5.0,0.012
2020-07-02,-1,0.0,time,5.0,0.0174
2020-07-03,-1,0.0,upper,5.0,0.039
2020-07-04,-1,0.0,time,5.0,0.0112
2020-07-05,-1,0.0,upper,3.0,0.0372
2020-07-06,-1,1.0,time,5.0,-0.0116
2020-07-07,-1,0.0,time,5.0,0.0047
2020-07-08,-1,1.0,time,5.0,-0.0205
2020-07-09,-1,0.0,time,5.0,0.0012
2020-07-10,-1,1.0,time,5.0,-0.0086
2020-07-11,-1,1.0,time,5.0,-0.0107
2020-07-12,-1,1.0,time,5.0,-0.0153
2020-07-13,-1,1.0,time,5.0,-0.0079
2020-07-14,-1,1.0,time,5.0,-0.0048
2020-07-15,-1,1.0,time,5.0,-0.0044
2020-07-16,-1,0.0,upper,5.0,0.0268
2020-07-17,-1,0.0,upper,5.0,0.0384
2020-07-18,-1,0.0,upper,4.0,0.037
2020-07-19,-1,0.0,upper,3.0,0.0333
2020-07-20,-1,0.0,upper,1.0,0.0239
2020-07-21,-1,0.0,upper,4.0,0.0322
2020-07-22,-1,0.0,upper,4.0,0.0423
2020-07-23,-1,0.0,upper,3.0,0.0344
2020-07-24,-1,0.0,upper,2.0,0.0401
2020-07-25,-1,0.0,upper,2.0,0.1232
2020-07-26,-1,0.0,upper,1.0,0.0993
2020-07-27,-1,0.0,upper,5.0,0.0747
2020-07-28,-1,0.0,upper,4.0,0.0799
2020-07-29,-1,0.0,upper,3.0,0.0628
2020-07-30,-1,0.0,upper,2.0,0.0607
2020-07-31,-1,0.0,time,5.0,0.0342
2020-08-01,-1,1.0,lower,1.0,-0.0652
2020-08-02,-1,0.0,time,5.0,0.0446
2020-08-03,-1,0.0,time,5.0,0.0443
2020-08-04,-1,0.0,time,5.0,0.0438
2020-08-05,-1,0.0,time,5.0,0.0122
2020-08-06,-1,1.0,time,5.0,-0.0319
2020-08-07,-1,0.0,time,5.0,0.0007
2020-08-08,-1,0.0,time,5.0,0.0022
2020-08-09,-1,0.0,time,5.0,0.0057
2020-08-10,-1,0.0,time,5.0,0.0002
2020-08-11,-1,0.0,time,5.0,0.0432
2020-08-12,-1,0.0,upper,5.0,0.0581
2020-08-13,-1,0.0,time,5.0,0.0156
2020-08-14,-1,1.0,time,5.0,-0.0014
2020-08-15,-1,1.0,time,5.0,-0.0003
2020-08-16,-1,1.0,time,5.0,-0.033
2020-08-17,-1,1.0,lower,4.0,-0.0637
2020-08-18,-1,1.0,time,5.0,-0.0256
2020-08-19,-1,0.0,time,5.0,0.0022
2020-08-20,-1,1.0,time,5.0,-0.044
2020-08-21,-1,1.0,time,5.0,-0.0044
2020-08-22,-1,1.0,time,5.0,-0.0327
2020-08-23,-1,1.0,time,5.0,-0.0111
2020-08-24,-1,1.0,time,5.0,-0.0239
2020-08-25,-1,0.0,time,5.0,0.0304
2020-08-26,-1,0.0,time,5.0,0.0179
2020-08-27,-1,0.0,upper,5.0,0.0513
2020-08-28,-1,1.0,time,5.0,-0.0088
2020-08-29,-1,1.0,lower,5.0,-0.1186
2020-08-30,-1,1.0,lower,4.0,-0.1375
2020-08-31,-1,1.0,lower,3.0,-0.1351
2020-09-01,-1,1.0,lower,1.0,-0.0409
2020-09-02,-1,1.0,lower,1.0,-0.1131
2020-09-03,-1,1.0,time,5.0,-0.0071
2020-09-04,-1,1.0,time,5.0,-0.0246
2020-09-05,-1,0.0,time,5.0,0.016
2020-09-06,1,1.0,time,5.0,0.0115
2020-09-07,1,1.0,time,5.0,0.0077
2020-09-08,1,1.0,time,5.0,0.0199
2020-09-09,1,1.0,time,5.0,0.0413
2020-09-10,1,1.0,time,5.0,0.0422
2020-09-11,1,1.0,time,5.0,0.0538
2020-09-12,1,1.0,time,5.0,0.0467
2020-09-13,1,1.0,upper,3.0,0.0586
2020-09-14,1,1.0,time,5.0,0.0389
2020-09-15,1,1.0,time,5.0,0.0125
2020-09-16,1,0.0,time,5.0,-0.0479
2020-09-17,1,0.0,time,5.0,-0.0382
2020-09-18,1,0.0,lower,5.0,-0.0665
2020-09-19,1,0.0,lower,2.0,-0.0599
2020-09-20,1,0.0,lower,1.0,-0.0453
2020-09-21,1,1.0,time,5.0,0.0287
2020-09-22,1,1.0,time,5.0,0.0223
2020-09-23,1,1.0,upper,3.0,0.0496
2020-09-24,1,1.0,time,5.0,0.0103
2020-09-25,1,1.0,time,5.0,0.0083
2020-09-26,1,0.0,time,5.0,-0.0108
2020-09-27,1,0.0,time,5.0,-0.0181
2020-09-28,1,0.0,time,5.0,-0.0118
2020-09-29,1,0.0,time,5.0,-0.0155
2020-09-30,1,1.0,time,5.0,0.0013
2020-10-01,1,0.0,time,5.0,-0.0021
2020-10-02,1,1.0,time,5.0,0.009
2020-10-03,1,1.0,time,5.0,0.0319
2020-10-04,1,1.0,time,5.0,0.0361
2020-10-05,1,1.0,upper,5.0,0.0455
2020-10-06,1,1.0,upper,3.0,0.0422
2020-10-07,1,1.0,upper,2.0,0.0364
2020-10-08,1,1.0,upper,2.0,0.0359
2020-10-09,1,1.0,upper,3.0,0.0425
2020-10-10,1,1.0,time,5.0,0.0184
2020-10-11,1,0.0,time,5.0,-0.0052
2020-10-12,1,0.0,time,5.0,-0.0155
2020-10-13,-1,0.0,time,5.0,0.0061
2020-10-14,-1,0.0,time,5.0,0.0273
2020-10-15,-1,0.0,upper,5.0,0.0353
2020-10-16,-1,0.0,upper,3.0,0.0375
2020-10-17,-1,0.0,upper,2.0,0.0334
2020-10-18,-1,0.0,upper,2.0,0.0353
2020-10-19,-1,0.0,upper,2.0,0.0859
2020-10-20,-1,0.0,upper,1.0,0.0727
2020-10-21,-1,0.0,time,5.0,0.0197
2020-10-22,-1,0.0,upper,5.0,0.0529
2020-10-23,-1,0.0,upper,4.0,0.0547
2020-10-24,-1,0.0,time,5.0,0.0253
2020-10-25,-1,0.0,upper,2.0,0.0475
2020-10-26,-1,0.0,upper,1.0,0.0445
2020-10-27,-1,0.0,time,5.0,0.0048
2020-10-28,-1,0.0,time,5.0,0.0205
2020-10-29,-1,0.0,time,5.0,0.04
2020-10-30,-1,0.0,time,5.0,0.0409
2020-10-31,-1,0.0,upper,5.0,0.1212
2020-11-01,-1,0.0,upper,4.0,0.1254
2020-11-02,-1,0.0,upper,3.0,0.1373
2020-11-03,-1,0.0,upper,2.0,0.1059
2020-11-04,-1,0.0,upper,1.0,0.098
2020-11-05,-1,1.0,time,5.0,-0.0178
2020-11-06,-1,0.0,time,5.0,0.0089
2020-11-07,-1,0.0,upper,5.0,0.0932
2020-11-08,-1,0.0,time,5.0,0.0522
2020-11-09,-1,0.0,time,5.0,0.0484
2020-11-10,-1,0.0,upper,3.0,0.0663
2020-11-11,-1,0.0,time,5.0,0.0634
2020-11-12,-1,0.0,upper,5.0,0.0818
2020-11-13,-1,0.0,upper,4.0,0.078
2020-11-14,-1,0.0,upper,3.0,0.0923
2020-11-15,-1,0.0,upper,2.0,0.0992
2020-11-16,-1,0.0,upper,2.0,0.0646
2020-11-17,-1,0.0,time,5.0,0.041
2020-11-18,-1,0.0,time,5.0,0.0293
2020-11-19,-1,0.0,upper,5.0,0.0689
2020-11-20,-1,0.0,time,5.0,0.0067
2020-11-21,-1,1.0,lower,5.0,-0.0867
2020-11-22,-1,1.0,lower,4.0,-0.0705
2020-11-23,-1,1.0,lower,3.0,-0.0689
2020-11-24,-1,1.0,lower,2.0,-0.1079
2020-11-25,-1,1.0,lower,1.0,-0.0901
2020-11-26,-1,0.0,upper,4.0,0.1347
2020-11-27,-1,0.0,upper,3.0,0.1346
2020-11-28,-1,0.0,upper,2.0,0.1014
2020-11-29,-1,0.0,upper,1.0,0.0762
2020-11-30,-1,1.0,time,5.0,-0.0243
2020-12-01,-1,0.0,time,5.0,0.0245
2020-12-02,-1,1.0,time,5.0,-0.0005
2020-12-03,-1,1.0,time,5.0,-0.0582
2020-12-04,-1,1.0,time,5.0,-0.0078
2020-12-05,-1,1.0,time,5.0,-0.0469
2020-12-06,-1,1.0,time,5.0,-0.0678
2020-12-07,-1,1.0,time,5.0,-0.0206
2020-12-08,-1,0.0,time,5.0,0.0435
2020-12-09,-1,0.0,time,5.0,0.0368
2020-12-10,-1,0.0,time,5.0,0.0621
2020-12-11,-1,0.0,upper,3.0,0.0644
2020-12-12,-1,0.0,upper,4.0,0.1253
2020-12-13,-1,0.0,upper,3.0,0.1072
2020-12-14,-1,0.0,upper,2.0,0.1015
2020-12-15,-1,0.0,upper,1.0,0.0926
2020-12-16,-1,0.0,upper,2.0,0.0812
2020-12-17,-1,0.0,time,5.0,0.0425
2020-12-18,-1,0.0,time,5.0,0.0081
2020-12-19,-1,1.0,time,5.0,-0.0044
2020-12-20,-1,0.0,time,5.0,0.0479
2020-12-21,-1,0.0,upper,4.0,0.0771
2020-12-22,-1,0.0,upper,4.0,0.1068
2020-12-23,-1,0.0,upper,3.0,0.1274
2020-12-24,-1,0.0,upper,2.0,0.1082
2020-12-25,-1,0.0,upper,1.0,0.0706
2020-12-26,-1,0.0,upper,4.0,0.0854
2020-12-27,-1,0.0,upper,3.0,0.0874
2020-12-28,-1,0.0,upper,3.0,0.0676
2020-12-29,-1,0.0,upper,3.0,0.0679
2020-12-30,-1,0.0,upper,3.0,0.1092
2020-12-31,-1,0.0,upper,2.0,0.1028
2021-01-01,-1,0.0,upper,1.0,0.0915
2021-01-02,-1,0.0,upper,4.0,0.1383
2021-01-03,-1,0.0,upper,3.0,0.1124
2021-01-04,-1,0.0,upper,1.0,0.0783
2021-01-05,-1,0.0,upper,2.0,0.1487
2021-01-06,-1,0.0,upper,2.0,0.0999
2021-01-07,-1,1.0,lower,4.0,-0.1032
2021-01-08,-1,1.0,lower,3.0,-0.1348
2021-01-09,-1,1.0,lower,2.0,-0.122
2021-01-10,-1,1.0,lower,2.0,-0.1235
2021-01-11,-1,0.0,time,5.0,0.0163
2021-01-12,-1,0.0,upper,2.0,0.145
2021-01-13,-1,1.0,time,5.0,-0.0233
2021-01-14,-1,1.0,time,5.0,-0.0831
2021-01-15,-1,1.0,time,5.0,-0.0332
2021-01-16,-1,1.0,lower,5.0,-0.1594
2021-01-17,-1,1.0,lower,4.0,-0.1469
2021-01-18,-1,1.0,lower,3.0,-0.1687
2021-01-19,-1,1.0,lower,2.0,-0.1552
2021-01-20,-1,1.0,lower,1.0,-0.1408
2021-01-21,-1,0.0,time,5.0,0.0526
2021-01-22,-1,1.0,time,5.0,-0.0793
2021-01-23,-1,0.0,time,5.0,0.0325
2021-01-24,-1,0.0,time,5.0,0.0565
2021-01-25,-1,0.0,time,5.0,0.0548
2021-01-26,-1,0.0,time,5.0,0.0147
2021-01-27,-1,0.0,upper,2.0,0.1148
2021-01-28,-1,0.0,time,5.0,0.0688
2021-01-29,-1,0.0,time,5.0,0.0934
2021-01-30,-1,0.0,time,5.0,0.0737
2021-01-31,-1,0.0,upper,3.0,0.1257
2021-02-01,-1,0.0,upper,2.0,0.1155
2021-02-02,-1,0.0,upper,4.0,0.1016
2021-02-03,-1,0.0,upper,5.0,0.2111
2021-02-04,-1,0.0,upper,4.0,0.2294
2021-02-05,-1,0.0,upper,3.0,0.1975
2021-02-06,-1,0.0,upper,2.0,0.1646
2021-02-07,-1,0.0,upper,1.0,0.176
2021-02-08,-1,0.0,time,5.0,0.0136
2021-02-09,-1,0.0,time,5.0,0.0428
2021-02-10,-1,0.0,time,5.0,0.0658
2021-02-11,-1,0.0,time,5.0,0.0293
2021-02-12,-1,0.0,time,5.0,0.0951
2021-02-13,-1,0.0,time,5.0,0.0972
2021-02-14,-1,0.0,upper,5.0,0.1423
2021-02-15,-1,0.0,upper,4.0,0.157
2021-02-16,-1,0.0,upper,3.0,0.1294
2021-02-17,-1,0.0,upper,4.0,0.1007
2021-02-18,-1,0.0,upper,3.0,0.1086
2021-02-19,-1,1.0,lower,4.0,-0.1405
2021-02-20,-1,1.0,lower,3.0,-0.1466
2021-02-21,-1,1.0,lower,2.0,-0.1692
2021-02-22,-1,1.0,lower,1.0,-0.1111
2021-02-23,-1,1.0,time,5.0,-0.0795
2021-02-24,-1,1.0,time,5.0,-0.0012
2021-02-25,-1,0.0,time,5.0,0.0322
2021-02-26,-1,0.0,time,5.0,0.0829
2021-02-27,-1,0.0,time,5.0,0.0435
2021-02-28,-1,0.0,upper,1.0,0.1018
2021-03-01,-1,1.0,time,5.0,-0.0155
2021-03-02,-1,0.0,time,5.0,0.0557
2021-03-03,-1,0.0,time,5.0,0.0341
2021-03-04,-1,0.0,upper,5.0,0.1156
2021-03-05,-1,0.0,upper,4.0,0.1082
2021-03-06,-1,0.0,upper,3.0,0.1097
2021-03-07,-1,0.0,upper,4.0,0.1189
2021-03-08,-1,0.0,upper,3.0,0.0992
2021-03-09,-1,0.0,upper,4.0,0.1142
2021-03-10,-1,0.0,upper,3.0,0.0903
2021-03-11,-1,1.0,time,5.0,-0.0167
2021-03-12,-1,0.0,time,5.0,0.0285
2021-03-13,-1,1.0,lower,2.0,-0.0942
2021-03-14,-1,1.0,time,5.0,-0.0202
2021-03-15,-1,0.0,time,5.0,0.045
2021-03-16,-1,0.0,time,5.0,0.013
2021-03-17,-1,1.0,time,5.0,-0.082
2021-03-18,-1,1.0,time,5.0,-0.0593
2021-03-19,-1,1.0,lower,5.0,-0.0993
2021-03-20,-1,1.0,lower,4.0,-0.1016
2021-03-21,-1,1.0,lower,3.0,-0.0878
2021-03-22,-1,0.0,time,5.0,0.0265
2021-03-23,-1,0.0,time,5.0,0.0207
2021-03-24,-1,0.0,upper,5.0,0.0889
2021-03-25,-1,0.0,upper,2.0,0.0824
2021-03-26,-1,0.0,time,5.0,0.0665
2021-03-27,-1,0.0,time,5.0,0.0518
2021-03-28,-1,0.0,time,5.0,0.0581
2021-03-29,-1,1.0,time,5.0,-0.01
2021-03-30,-1,1.0,time,5.0,-0.0075
2021-03-31,-1,1.0,time,5.0,-0.0019
2021-04-01,-1,1.0,time,5.0,-0.0126
2021-04-02,-1,1.0,time,5.0,-0.0508
2021-04-03,-1,0.0,time,5.0,0.0175
2021-04-04,-1,1.0,time,5.0,-0.0013
2021-04-05,-1,0.0,time,5.0,0.0214
2021-04-06,-1,0.0,time,5.0,0.0326
2021-04-07,-1,0.0,upper,3.0,0.0663
2021-04-08,-1,0.0,upper,5.0,0.0907
2021-04-09,-1,0.0,upper,4.0,0.0892
2021-04-10,-1,0.0,upper,3.0,0.0583
2021-04-11,-1,0.0,upper,2.0,0.0581
2021-04-12,-1,0.0,upper,1.0,0.0594
2021-04-13,-1,1.0,lower,5.0,-0.1218
2021-04-14,-1,1.0,lower,4.0,-0.1096
2021-04-15,-1,1.0,lower,3.0,-0.1155
2021-04-16,-1,1.0,lower,2.0,-0.0885
2021-04-17,-1,1.0,lower,1.0,-0.0684
2021-04-18,-1,1.0,lower,4.0,-0.0799
2021-04-19,-1,1.0,lower,3.0,-0.0698
2021-04-20,-1,1.0,lower,2.0,-0.08
2021-04-21,-1,1.0,lower,3.0,-0.0778
2021-04-22,-1,0.0,time,5.0,0.0566
2021-04-23,-1,0.0,upper,4.0,0.0716
2021-04-24,1,1.0,upper,2.0,0.0739
2021-04-25,1,1.0,upper,1.0,0.0972
2021-04-26,1,1.0,time,5.0,0.0686
2021-04-27,1,1.0,time,5.0,0.0288
2021-04-28,1,1.0,time,5.0,0.0427
2021-04-29,1,1.0,upper,1.0,0.076
2021-04-30,1,0.0,time,5.0,-0.0069
2021-05-01,1,0.0,time,5.0,-0.0228
2021-05-02,1,1.0,time,5.0,0.0134
2021-05-03,1,1.0,time,5.0,0.0271
2021-05-04,1,1.0,upper,4.0,0.0947
2021-05-05,1,0.0,time,5.0,-0.027
2021-05-06,1,1.0,time,5.0,0.0074
2021-05-07,1,0.0,lower,5.0,-0.1373
2021-05-08,1,0.0,lower,4.0,-0.1615
2021-05-09,1,0.0,lower,3.0,-0.152
2021-05-10,1,0.0,lower,2.0,-0.1115
2021-05-11,1,0.0,lower,1.0,-0.1297
2021-05-12,1,0.0,lower,5.0,-0.1329
2021-05-13,1,0.0,lower,4.0,-0.1323
2021-05-14,1,0.0,lower,3.0,-0.1311
2021-05-15,1,0.0,lower,4.0,-0.2268
2021-05-16,1,0.0,lower,3.0,-0.2226
2021-05-17,1,0.0,lower,2.0,-0.1606
2021-05-18,1,0.0,lower,1.0,-0.1447
2021-05-19,1,1.0,time,5.0,0.0357
2021-05-20,1,0.0,lower,3.0,-0.1451
2021-05-21,1,1.0,time,5.0,0.0539
2021-05-22,1,1.0,time,5.0,0.0295
2021-05-23,1,1.0,upper,3.0,0.1192
2021-05-24,1,0.0,time,5.0,-0.1054
2021-05-25,1,0.0,time,5.0,-0.0676
2021-05-26,1,0.0,time,5.0,-0.0539
2021-05-27,1,0.0,time,5.0,-0.0521
2021-05-28,1,1.0,time,5.0,0.0539
2021-05-29,1,1.0,upper,5.0,0.1185
2021-05-30,1,1.0,time,5.0,0.0337
2021-05-31,1,0.0,time,5.0,-0.0492
2021-06-01,1,0.0,time,5.0,-0.0233
2021-06-02,1,0.0,lower,5.0,-0.1192
2021-06-03,1,0.0,lower,4.0,-0.1573
2021-06-04,1,1.0,time,5.0,0.0165
2021-06-05,1,1.0,time,5.0,0.0374
2021-06-06,1,1.0,time,5.0,0.0398
2021-06-07,1,1.0,upper,2.0,0.1157
2021-06-08,1,1.0,upper,1.0,0.1125
2021-06-09,1,1.0,time,5.0,0.0786
2021-06-10,1,1.0,time,5.0,0.09
2021-06-11,1,1.0,time,5.0,0.0273
2021-06-12,1,1.0,upper,2.0,0.1302
2021-06-13,1,0.0,time,5.0,-0.0871
2021-06-14,1,0.0,lower,4.0,-0.1242
2021-06-15,1,0.0,lower,3.0,-0.1181
2021-06-16,1,0.0,lower,5.0,-0.1893
2021-06-17,1,0.0,lower,4.0,-0.186
2021-06-18,1,0.0,lower,3.0,-0.1235
2021-06-19,1,0.0,lower,2.0,-0.1151
2021-06-20,1,0.0,lower,1.0,-0.1209
2021-06-21,1,1.0,time,5.0,0.0098
2021-06-22,1,1.0,time,5.0,0.0626
2021-06-23,1,1.0,time,5.0,0.025
2021-06-24,1,1.0,time,5.0,0.0366
2021-06-25,1,1.0,upper,4.0,0.1187
2021-06-26,1,1.0,upper,3.0,0.1162
2021-06-27,1,0.0,time,5.0,-0.0191
2021-06-28,1,1.0,time,5.0,0.005
2021-06-29,1,0.0,time,5.0,-0.0161
2021-06-30,1,0.0,time,5.0,-0.036
2021-07-01,1,1.0,time,5.0,0.0139
2021-07-02,1,0.0,time,5.0,-0.0006
2021-07-03,1,0.0,time,5.0,-0.0531
2021-07-04,1,0.0,time,5.0,-0.041
2021-07-05,1,0.0,time,5.0,-0.0066
2021-07-06,1,1.0,time,5.0,0.0044
2021-07-07,1,0.0,time,5.0,-0.0199
2021-07-08,1,0.0,time,5.0,-0.0079
2021-07-09,1,0.0,time,5.0,-0.0327
2021-07-10,1,0.0,time,5.0,-0.0605
2021-07-11,1,0.0,lower,4.0,-0.078
2021-07-12,1,0.0,time,5.0,-0.0516
2021-07-13,1,0.0,time,5.0,-0.0234
2021-07-14,1,0.0,time,5.0,-0.0612
2021-07-15,1,0.0,time,5.0,-0.0569
2021-07-16,1,1.0,time,5.0,0.0309
2021-07-17,1,1.0,time,5.0,0.0256
2021-07-18,1,0.0,lower,2.0,-0.0629
2021-07-19,1,1.0,upper,4.0,0.0786
2021-07-20,1,1.0,upper,1.0,0.0774
2021-07-21,1,1.0,upper,4.0,0.0906
2021-07-22,1,1.0,upper,3.0,0.0899
2021-07-23,1,1.0,upper,3.0,0.1083
2021-07-24,1,1.0,upper,2.0,0.0859
2021-07-25,1,1.0,upper,2.0,0.0972
2021-07-26,1,1.0,upper,2.0,0.0711
2021-07-27,1,1.0,upper,3.0,0.0706
2021-07-28,1,0.0,time,5.0,-0.019
2021-07-29,1,0.0,time,5.0,-0.0411
2021-07-30,1,0.0,lower,3.0,-0.0655
2021-07-31,-1,1.0,lower,3.0,-0.0846
2021-08-01,-1,0.0,upper,5.0,0.0698
2021-08-02,-1,0.0,upper,4.0,0.0859
2021-08-03,-1,0.0,upper,3.0,0.1094
2021-08-04,-1,0.0,upper,2.0,0.0739
2021-08-05,-1,0.0,upper,2.0,0.0895
2021-08-06,-1,0.0,upper,3.0,0.0788
2021-08-07,-1,1.0,time,5.0,-0.0034
2021-08-08,-1,0.0,upper,5.0,0.0867
2021-08-09,-1,0.0,time,5.0,0.0167
2021-08-10,-1,0.0,time,5.0,0.0299
2021-08-11,-1,0.0,time,5.0,0.0083
2021-08-12,-1,0.0,upper,1.0,0.0699
2021-08-13,-1,1.0,time,5.0,-0.0583
2021-08-14,-1,1.0,time,5.0,-0.0073
2021-08-15,-1,0.0,time,5.0,0.0451
2021-08-16,-1,0.0,time,5.0,0.0611
2021-08-17,-1,0.0,upper,3.0,0.0996
2021-08-18,-1,0.0,upper,2.0,0.0888
2021-08-19,-1,0.0,time,5.0,0.0253
2021-08-20,-1,1.0,time,5.0,-0.0039
2021-08-21,-1,1.0,time,5.0,-0.0355
2021-08-22,-1,1.0,time,5.0,-0.0034
2021-08-23,-1,1.0,time,5.0,-0.0118
2021-08-24,-1,0.0,time,5.0,0.0199
2021-08-25,-1,1.0,time,5.0,-0.0391
2021-08-26,-1,0.0,time,5.0,0.0022
2021-08-27,-1,1.0,time,5.0,-0.0053
2021-08-28,-1,0.0,time,5.0,0.0082
2021-08-29,-1,0.0,time,5.0,0.0208
2021-08-30,-1,0.0,time,5.0,0.0595
2021-08-31,-1,0.0,upper,5.0,0.0881
2021-09-01,-1,0.0,upper,5.0,0.0772
2021-09-02,-1,0.0,upper,4.0,0.0667
2021-09-03,-1,0.0,upper,3.0,0.0547
2021-09-04,-1,0.0,upper,2.0,0.0531
2021-09-05,-1,1.0,lower,2.0,-0.0953
2021-09-06,-1,1.0,lower,1.0,-0.1153
2021-09-07,-1,1.0,time,5.0,-0.0172
2021-09-08,-1,1.0,time,5.0,-0.0207
2021-09-09,-1,0.0,time,5.0,0.0132
2021-09-10,-1,0.0,time,5.0,0.0728
2021-09-11,1,1.0,time,5.0,0.0577
2021-09-12,1,1.0,time,5.0,0.0221
2021-09-13,1,1.0,time,5.0,0.067
2021-09-14,1,1.0,time,5.0,0.005
2021-09-15,1,0.0,lower,5.0,-0.1154
2021-09-16,1,0.0,lower,4.0,-0.109
2021-09-17,1,0.0,lower,3.0,-0.0954
2021-09-18,1,0.0,lower,2.0,-0.1171
2021-09-19,1,0.0,lower,1.0,-0.0984
2021-09-20,1,0.0,time,5.0,-0.0018
2021-09-21,1,1.0,upper,2.0,0.1077
2021-09-22,1,0.0,time,5.0,-0.0312
2021-09-23,1,0.0,time,5.0,-0.0924
2021-09-24,1,0.0,time,5.0,-0.0276
2021-09-25,1,1.0,time,5.0,0.0231
2021-09-26,1,1.0,upper,5.0,0.106
2021-09-27,1,1.0,upper,4.0,0.1315
2021-09-28,1,1.0,upper,3.0,0.1612
2021-09-29,1,1.0,upper,2.0,0.1472
2021-09-30,1,1.0,upper,1.0,0.094
2021-10-01,1,1.0,upper,5.0,0.1399
2021-10-02,1,1.0,upper,4.0,0.1483
2021-10-03,1,1.0,upper,3.0,0.1378
2021-10-04,1,1.0,upper,2.0,0.1177
2021-10-05,1,1.0,time,5.0,0.0572
2021-10-06,1,1.0,time,5.0,0.0382
2021-10-07,-1,0.0,time,5.0,0.0443
2021-10-08,-1,0.0,time,5.0,0.0624
2021-10-09,-1,0.0,time,5.0,0.0413
2021-10-10,-1,0.0,upper,5.0,0.122
2021-10-11,-1,0.0,time,5.0,0.0605
2021-10-12,-1,0.0,upper,3.0,0.0927
2021-10-13,-1,0.0,upper,5.0,0.0758
2021-10-14,-1,0.0,upper,1.0,0.0731
2021-10-15,-1,0.0,time,5.0,0.0692
2021-10-16,-1,0.0,upper,4.0,0.0797
2021-10-17,-1,0.0,upper,3.0,0.0729
2021-10-18,-1,1.0,time,5.0,-0.0072
2021-10-19,-1,1.0,time,5.0,-0.0532
2021-10-20,-1,1.0,lower,2.0,-0.0819
2021-10-21,-1,1.0,time,5.0,-0.0315
2021-10-22,-1,1.0,time,5.0,-0.0399
2021-10-23,-1,1.0,time,5.0,-0.0131
2021-10-24,-1,0.0,time,5.0,0.018
2021-10-25,-1,1.0,lower,2.0,-0.0753
2021-10-26,-1,0.0,time,5.0,0.0142
2021-10-27,-1,0.0,time,5.0,0.0414
2021-10-28,-1,0.0,time,5.0,0.04
2021-10-29,-1,0.0,time,5.0,0.0135
2021-10-30,-1,1.0,time,5.0,-0.0038
2021-10-31,-1,1.0,time,5.0,-0.0037
2021-11-01,-1,0.0,time,5.0,0.0088
2021-11-02,-1,1.0,time,5.0,-0.0015
2021-11-03,-1,0.0,upper,5.0,0.0686
2021-11-04,-1,0.0,upper,4.0,0.0932
2021-11-05,-1,0.0,upper,3.0,0.0989
2021-11-06,-1,0.0,upper,2.0,0.0922
2021-11-07,-1,0.0,upper,1.0,0.0683
2021-11-08,-1,1.0,time,5.0,-0.0447
2021-11-09,-1,1.0,time,5.0,-0.0225
2021-11-10,-1,1.0,time,5.0,-0.0175
2021-11-11,-1,1.0,lower,5.0,-0.0727
2021-11-12,-1,1.0,lower,4.0,-0.0638
2021-11-13,-1,1.0,lower,3.0,-0.0673
2021-11-14,-1,1.0,lower,2.0,-0.0825
2021-11-15,-1,1.0,lower,1.0,-0.0561
2021-11-16,-1,1.0,time,5.0,-0.0219
2021-11-17,-1,1.0,lower,1.0,-0.0615
2021-11-18,-1,0.0,time,5.0,0.0133
2021-11-19,1,0.0,time,5.0,-0.0218
2021-11-20,1,0.0,time,5.0,-0.0199
2021-11-21,1,0.0,lower,5.0,-0.0941
2021-11-22,1,0.0,time,5.0,-0.0334
2021-11-23,1,0.0,lower,3.0,-0.0703
2021-11-24,1,1.0,time,5.0,0.0113
2021-11-25,1,0.0,lower,1.0,-0.09
2021-11-26,1,1.0,time,5.0,0.0602
2021-11-27,1,1.0,time,5.0,0.0356
2021-11-28,1,0.0,time,5.0,-0.0622
2021-11-29,1,0.0,lower,5.0,-0.1627
2021-11-30,1,0.0,lower,4.0,-0.1481
2021-12-01,1,0.0,lower,3.0,-0.1509
2021-12-02,1,0.0,lower,2.0,-0.1393
2021-12-03,1,0.0,lower,1.0,-0.0899
2021-12-04,1,0.0,time,5.0,-0.0263
2021-12-05,1,0.0,time,5.0,-0.0407
2021-12-06,1,0.0,time,5.0,-0.0245
2021-12-07,1,0.0,time,5.0,-0.0119
2021-12-08,1,0.0,lower,5.0,-0.0789
2021-12-09,1,1.0,time,5.0,0.0109
2021-12-10,1,1.0,time,5.0,0.0339
2021-12-11,1,0.0,time,5.0,-0.0319
2021-12-12,1,0.0,lower,5.0,-0.0773
2021-12-13,1,1.0,time,5.0,0.0059
2021-12-14,1,0.0,time,5.0,-0.0337
2021-12-15,1,0.0,time,5.0,-0.0379
2021-12-16,1,1.0,time,5.0,0.0299
2021-12-17,1,1.0,time,5.0,0.0511
2021-12-18,1,1.0,upper,5.0,0.0804
2021-12-19,1,1.0,upper,4.0,0.0838
2021-12-20,1,1.0,upper,3.0,0.0772
2021-12-21,1,1.0,time,5.0,0.0342
2021-12-22,1,1.0,time,5.0,0.0406
2021-12-23,1,0.0,time,5.0,-0.0644
2021-12-24,1,0.0,lower,4.0,-0.0642
2021-12-25,1,0.0,lower,4.0,-0.0856
2021-12-26,1,0.0,lower,2.0,-0.0635
2021-12-27,1,0.0,lower,1.0,-0.0619
2021-12-28,1,0.0,time,5.0,-0.0071
2021-12-29,1,1.0,time,5.0,0.0005
2021-12-30,1,0.0,time,5.0,-0.0269
2021-12-31,1,0.0,lower,5.0,-0.0594
2022-01-01,1,0.0,lower,4.0,-0.0912
2022-01-02,1,0.0,lower,3.0,-0.0822
2022-01-03,1,0.0,lower,2.0,-0.064
2022-01-04,1,0.0,lower,2.0,-0.0611
2022-01-05,1,0.0,time,5.0,-0.0416
2022-01-06,1,0.0,time,5.0,-0.0102
2022-01-07,1,1.0,upper,5.0,0.0574
2022-01-08,1,1.0,time,5.0,0.0202
2022-01-09,1,1.0,time,5.0,0.0296
2022-01-10,1,1.0,time,5.0,0.0319
2022-01-11,1,1.0,time,5.0,0.008
2022-01-12,1,0.0,time,5.0,-0.039
2022-01-13,1,0.0,time,5.0,-0.005
2022-01-14,1,0.0,time,5.0,-0.0323
2022-01-15,1,0.0,lower,5.0,-0.06
2022-01-16,1,0.0,lower,4.0,-0.0576
2022-01-17,1,0.0,lower,4.0,-0.1472
2022-01-18,1,0.0,lower,3.0,-0.1495
2022-01-19,1,0.0,lower,2.0,-0.1341
2022-01-20,1,0.0,lower,1.0,-0.1089
2022-01-21,1,1.0,time,5.0,0.0098
2022-01-22,1,1.0,time,5.0,0.0579
2022-01-23,1,1.0,time,5.0,0.0417
2022-01-24,1,1.0,time,5.0,0.0389
2022-01-25,1,1.0,time,5.0,0.0265
2022-01-26,1,1.0,time,5.0,0.0447
2022-01-27,1,1.0,time,5.0,0.041
2022-01-28,1,0.0,time,5.0,-0.0228
2022-01-29,1,0.0,time,5.0,-0.03
2022-01-30,1,1.0,upper,5.0,0.0927
2022-01-31,1,1.0,upper,4.0,0.0778
2022-02-01,1,1.0,upper,3.0,0.0705
2022-02-02,1,1.0,upper,2.0,0.1189
2022-02-03,1,1.0,upper,1.0,0.1162
2022-02-04,1,1.0,time,5.0,0.063
2022-02-05,1,1.0,time,5.0,0.0502
2022-02-06,1,0.0,time,5.0,-0.0007
2022-02-07,1,0.0,time,5.0,-0.0384
2022-02-08,1,0.0,time,5.0,-0.0448
2022-02-09,-1,1.0,time,5.0,-0.0402
2022-02-10,-1,0.0,time,5.0,0.0215
2022-02-11,-1,0.0,time,5.0,0.0374
2022-02-12,-1,1.0,time,5.0,-0.0409
2022-02-13,-1,1.0,time,5.0,-0.0529
2022-02-14,-1,1.0,lower,4.0,-0.062
2022-02-15,-1,1.0,lower,2.0,-0.0943
2022-02-16,-1,1.0,lower,1.0,-0.0828
2022-02-17,-1,1.0,lower,4.0,-0.0903
2022-02-18,-1,1.0,lower,3.0,-0.0782
2022-02-19,-1,1.0,lower,2.0,-0.0812
2022-02-20,-1,0.0,time,5.0,0.0206
2022-02-21,-1,0.0,time,5.0,0.0533
2022-02-22,-1,1.0,time,5.0,-0.014
2022-02-23,-1,0.0,upper,5.0,0.1455
2022-02-24,-1,0.0,upper,4.0,0.1193
2022-02-25,-1,0.0,upper,3.0,0.0948
2022-02-26,-1,0.0,upper,2.0,0.1006
2022-02-27,-1,0.0,upper,1.0,0.134
2022-02-28,-1,1.0,time,5.0,-0.0911
2022-03-01,-1,1.0,lower,3.0,-0.1259
2022-03-02,-1,1.0,lower,2.0,-0.1151
2022-03-03,-1,1.0,lower,3.0,-0.1001
2022-03-04,-1,0.0,time,5.0,0.0687
2022-03-05,-1,0.0,time,5.0,0.0001
2022-03-06,-1,0.0,time,5.0,0.0086
2022-03-07,-1,0.0,upper,2.0,0.0978
2022-03-08,-1,1.0,time,5.0,-0.023
2022-03-09,-1,1.0,lower,4.0,-0.1036
2022-03-10,-1,1.0,time,5.0,-0.0035
2022-03-11,-1,0.0,time,5.0,0.0598
2022-03-12,-1,0.0,time,5.0,0.0525
2022-03-13,-1,0.0,upper,5.0,0.1001
2022-03-14,-1,0.0,time,5.0,0.0619
2022-03-15,-1,0.0,time,5.0,0.0484
2022-03-16,-1,1.0,time,5.0,-0.0025
2022-03-17,-1,0.0,time,5.0,0.0336
2022-03-18,-1,0.0,time,5.0,0.0228
2022-03-19,-1,0.0,time,5.0,0.0403
2022-03-20,-1,0.0,time,5.0,0.0713
2022-03-21,-1,0.0,upper,4.0,0.0766
2022-03-22,-1,0.0,upper,5.0,0.0969
2022-03-23,-1,0.0,upper,4.0,0.0875
2022-03-24,-1,0.0,upper,4.0,0.0673
2022-03-25,-1,0.0,upper,4.0,0.0682
2022-03-26,-1,0.0,upper,3.0,0.0641
2022-03-27,-1,1.0,time,5.0,-0.0096
2022-03-28,-1,1.0,time,5.0,-0.0248
2022-03-29,-1,1.0,time,5.0,-0.0218
2022-03-30,-1,1.0,time,5.0,-0.0094
2022-03-31,-1,0.0,time,5.0,0.0023
2022-04-01,-1,1.0,lower,5.0,-0.0687
2022-04-02,-1,1.0,lower,4.0,-0.0594
2022-04-03,-1,1.0,lower,3.0,-0.0722
2022-04-04,-1,1.0,lower,2.0,-0.0763
2022-04-05,-1,1.0,lower,1.0,-0.0549
2022-04-06,-1,1.0,lower,5.0,-0.0869
2022-04-07,-1,1.0,lower,4.0,-0.0942
2022-04-08,-1,1.0,lower,3.0,-0.0662
2022-04-09,-1,1.0,lower,2.0,-0.0775
2022-04-10,-1,1.0,lower,1.0,-0.0653
2022-04-11,-1,0.0,time,5.0,0.0211
2022-04-12,1,0.0,time,5.0,-0.0117
2022-04-13,1,0.0,time,5.0,-0.009
2022-04-14,1,1.0,time,5.0,0.0378
2022-04-15,1,1.0,time,5.0,0.0198
2022-04-16,1,1.0,time,5.0,0.002
2022-04-17,1,1.0,time,5.0,0.0005
2022-04-18,1,0.0,time,5.0,-0.0316
2022-04-19,1,0.0,time,5.0,-0.0457
2022-04-20,1,0.0,time,5.0,-0.0316
2022-04-21,1,0.0,lower,5.0,-0.0597
2022-04-22,1,0.0,time,5.0,-0.0297
2022-04-23,1,0.0,time,5.0,-0.0059
2022-04-24,1,0.0,time,5.0,-0.0347
2022-04-25,1,0.0,lower,1.0,-0.0494
2022-04-26,1,0.0,time,5.0,-0.0008
2022-04-27,1,0.0,time,5.0,-0.0146
2022-04-28,1,0.0,lower,5.0,-0.0546
2022-04-29,1,1.0,time,5.0,0.0293
2022-04-30,1,0.0,lower,5.0,-0.0632
2022-05-01,1,0.0,lower,4.0,-0.0598
2022-05-02,1,0.0,lower,3.0,-0.0568
2022-05-03,1,1.0,upper,1.0,0.0571
2022-05-04,1,0.0,lower,1.0,-0.0928
2022-05-05,1,0.0,lower,4.0,-0.1415
2022-05-06,1,0.0,lower,3.0,-0.141
2022-05-07,1,0.0,lower,2.0,-0.1257
2022-05-08,1,0.0,lower,1.0,-0.0829
2022-05-09,1,0.0,lower,2.0,-0.0996
2022-05-10,1,0.0,lower,1.0,-0.0838
2022-05-11,1,1.0,upper,4.0,0.0972
2022-05-12,1,1.0,time,5.0,0.0334
2022-05-13,1,0.0,time,5.0,-0.0288
2022-05-14,1,1.0,time,5.0,0.0073
2022-05-15,1,0.0,time,5.0,-0.0653
2022-05-16,1,0.0,time,5.0,-0.013
2022-05-17,1,1.0,time,5.0,0.0074
2022-05-18,1,1.0,time,5.0,0.0312
2022-05-19,1,0.0,time,5.0,-0.0186
2022-05-20,1,1.0,time,5.0,0.0066
2022-05-21,1,0.0,time,5.0,-0.0226
2022-05-22,1,0.0,time,5.0,-0.0368
2022-05-24,1,0.0,time,5.0,-0.0055
2022-05-25,1,1.0,upper,5.0,0.0703
2022-05-26,1,1.0,upper,4.0,0.0784
2022-05-27,1,1.0,upper,3.0,0.1026
2022-05-28,1,1.0,upper,2.0,0.0873
2022-05-29,1,1.0,upper,1.0,0.0735
2022-05-30,1,0.0,time,5.0,-0.0607
2022-05-31,1,0.0,time,5.0,-0.0631
2022-06-01,-1,0.0,time,5.0,0.0503
2022-06-02,-1,0.0,time,5.0,0.0254
2022-06-03,-1,0.0,time,5.0,0.0172
2022-06-04,-1,0.0,time,5.0,0.0076
2022-06-05,-1,1.0,time,5.0,-0.0277
2022-06-06,-1,1.0,lower,4.0,-0.0752
2022-06-07,-1,1.0,lower,3.0,-0.0717
2022-06-08,-1,1.0,lower,4.0,-0.1216
2022-06-09,-1,1.0,lower,3.0,-0.1174
2022-06-10,-1,1.0,lower,2.0,-0.0836
2022-06-11,-1,1.0,lower,2.0,-0.2308
2022-06-12,-1,1.0,lower,1.0,-0.1725
2022-06-13,-1,1.0,lower,5.0,-0.1677
2022-06-14,-1,1.0,lower,4.0,-0.1552
2022-06-15,-1,1.0,lower,3.0,-0.1679
2022-06-16,-1,0.0,time,5.0,0.0142
2022-06-17,1,0.0,time,5.0,-0.0242
2022-06-18,1,1.0,time,5.0,0.1023
2022-06-19,1,1.0,time,5.0,0.0358
2022-06-20,1,1.0,time,5.0,0.0422
2022-06-21,1,1.0,time,5.0,0.0169
2022-06-22,1,1.0,time,5.0,0.0377
2022-06-23,1,0.0,time,5.0,-0.0395
2022-06-24,1,0.0,time,5.0,-0.0558
2022-06-25,1,0.0,time,5.0,-0.0933
2022-06-26,1,0.0,time,5.0,-0.0814
2022-06-27,1,0.0,time,5.0,-0.0741
2022-06-28,1,0.0,time,5.0,-0.0491
2022-06-29,1,1.0,time,5.0,0.0073
2022-06-30,1,1.0,time,5.0,0.0292
2022-07-01,1,1.0,time,5.0,0.058
2022-07-02,1,1.0,upper,5.0,0.1171
2022-07-03,1,1.0,upper,4.0,0.1149
2022-07-04,1,1.0,upper,4.0,0.0761
2022-07-05,1,1.0,upper,3.0,0.0795
2022-07-06,1,0.0,time,5.0,-0.028
2022-07-07,1,0.0,lower,4.0,-0.0799
2022-07-08,1,0.0,lower,3.0,-0.089
2022-07-09,1,0.0,lower,2.0,-0.0766
2022-07-10,1,0.0,lower,2.0,-0.0751
2022-07-11,1,1.0,time,5.0,0.058
2022-07-12,1,1.0,upper,3.0,0.072
2022-07-13,1,1.0,upper,5.0,0.1019
2022-07-14,1,1.0,upper,4.0,0.0848
2022-07-15,1,1.0,upper,3.0,0.0741
2022-07-16,1,1.0,upper,3.0,0.0977
2022-07-17,1,1.0,upper,1.0,0.0727
2022-07-18,1,1.0,time,5.0,0.0049
2022-07-19,1,0.0,time,5.0,-0.0328
2022-07-20,1,0.0,lower,5.0,-0.0889
2022-07-21,-1,1.0,lower,4.0,-0.0821
2022-07-22,-1,1.0,lower,4.0,-0.0665
2022-07-23,-1,0.0,time,5.0,0.0568
2022-07-24,-1,1.0,lower,2.0,-0.0629
2022-07-25,-1,0.0,upper,2.0,0.0714
2022-07-26,-1,0.0,upper,1.0,0.0758
2022-07-27,-1,0.0,time,5.0,0.0184
2022-07-28,-1,1.0,time,5.0,-0.0328
2022-07-29,-1,1.0,time,5.0,-0.0423
2022-07-30,-1,1.0,time,5.0,-0.0421
2022-07-31,-1,1.0,time,5.0,-0.0067
2022-08-01,-1,1.0,time,5.0,-0.0151
2022-08-02,-1,0.0,time,5.0,0.0062
2022-08-03,-1,0.0,time,5.0,0.0413
2022-08-04,-1,0.0,time,5.0,0.0229
2022-08-05,-1,0.0,time,5.0,0.0307
2022-08-06,-1,0.0,time,5.0,0.0411
2022-08-07,-1,0.0,time,5.0,0.051
2022-08-08,-1,0.0,time,5.0,0.0253
2022-08-09,-1,0.0,time,5.0,0.0467
2022-08-10,-1,0.0,time,5.0,0.0096
2022-08-11,-1,1.0,time,5.0,-0.0015
2022-08-12,-1,1.0,time,5.0,-0.0441
2022-08-13,-1,1.0,lower,5.0,-0.0498
2022-08-14,-1,1.0,lower,4.0,-0.0448
2022-08-15,-1,1.0,lower,4.0,-0.1435
2022-08-16,-1,1.0,lower,3.0,-0.1325
2022-08-17,-1,1.0,lower,2.0,-0.109
2022-08-18,-1,1.0,lower,1.0,-0.1043
2022-08-19,-1,0.0,time,5.0,0.0212
2022-08-20,-1,0.0,time,5.0,0.0207
2022-08-21,1,0.0,time,5.0,-0.0642
2022-08-22,1,0.0,time,5.0,-0.0636
2022-08-23,1,0.0,lower,4.0,-0.0717
2022-08-24,1,0.0,lower,3.0,-0.0639
2022-08-25,1,0.0,lower,1.0,-0.0643
2022-08-26,1,0.0,time,5.0,-0.0123
2022-08-27,1,1.0,time,5.0,0.0042
2022-08-28,1,1.0,time,5.0,0.0143
2022-08-29,1,0.0,time,5.0,-0.0246
2022-08-30,1,1.0,time,5.0,0.0088
2022-08-31,1,0.0,time,5.0,-0.012
2022-09-01,1,0.0,lower,5.0,-0.0664
2022-09-02,1,0.0,lower,4.0,-0.0558
2022-09-03,1,0.0,time,5.0,-0.0251
2022-09-04,1,0.0,lower,2.0,-0.0577
2022-09-05,1,0.0,lower,1.0,-0.0479
2022-09-06,1,1.0,upper,3.0,0.1245
2022-09-07,1,1.0,upper,2.0,0.1024
2022-09-08,1,1.0,upper,1.0,0.1002
2022-09-09,1,0.0,time,5.0,-0.0531
2022-09-10,1,0.0,lower,5.0,-0.0969
2022-09-11,1,0.0,lower,2.0,-0.0742
2022-09-12,1,0.0,lower,1.0,-0.1014
2022-09-13,-1,1.0,time,5.0,-0.0378
2022-09-14,-1,1.0,time,5.0,-0.0344
2022-09-15,-1,1.0,time,5.0,-0.0432
2022-09-16,-1,1.0,time,5.0,-0.064
2022-09-17,-1,1.0,lower,4.0,-0.0824
2022-09-18,-1,1.0,time,5.0,-0.0075
2022-09-19,-1,1.0,time,5.0,-0.0327
2022-09-20,-1,1.0,time,5.0,-0.0032
2022-09-21,-1,0.0,time,5.0,0.036
2022-09-22,-1,1.0,time,5.0,-0.018
2022-09-23,-1,0.0,time,5.0,0.0079
2022-09-24,-1,0.0,time,5.0,0.0324
2022-09-25,-1,0.0,time,5.0,0.0349
2022-09-26,-1,0.0,time,5.0,0.0049
2022-09-27,-1,1.0,time,5.0,-0.0027
2022-09-28,-1,0.0,time,5.0,0.009
2022-09-29,-1,0.0,time,5.0,0.0392
2022-09-30,-1,0.0,time,5.0,0.0346
2022-10-01,-1,0.0,upper,3.0,0.052
2022-10-02,-1,0.0,upper,2.0,0.065
2022-10-03,-1,1.0,time,5.0,-0.0104
2022-10-04,-1,1.0,time,5.0,-0.0451
2022-10-05,-1,1.0,lower,5.0,-0.0519
2022-10-06,-1,1.0,time,5.0,-0.0457
2022-10-07,-1,1.0,time,5.0,-0.0158
2022-10-08,-1,1.0,time,5.0,-0.0018
2022-10-09,-1,1.0,time,5.0,-0.0129
2022-10-10,-1,1.0,time,5.0,-0.0037
2022-10-11,-1,0.0,time,5.0,0.0112
2022-10-12,-1,0.0,time,5.0,0.0209
2022-10-13,-1,1.0,time,5.0,-0.0019
2022-10-14,-1,1.0,time,5.0,-0.0033
2022-10-15,-1,1.0,time,5.0,-0.0022
2022-10-16,-1,1.0,time,5.0,-0.0052
2022-10-17,-1,1.0,time,5.0,-0.0183
2022-10-18,-1,0.0,time,5.0,0.0117
2022-10-19,-1,0.0,time,5.0,0.0095
2022-10-20,-1,0.0,upper,5.0,0.0544
2022-10-21,-1,0.0,upper,4.0,0.047
2022-10-22,-1,0.0,upper,3.0,0.0454
2022-10-23,-1,0.0,upper,3.0,0.0595
2022-10-24,-1,0.0,upper,1.0,0.0395
2022-10-25,-1,0.0,time,5.0,0.026
2022-10-26,-1,1.0,time,5.0,-0.0135
2022-10-27,-1,0.0,time,5.0,0.0104
2022-10-28,-1,1.0,time,5.0,-0.021
2022-10-29,-1,1.0,time,5.0,-0.0288
2022-10-30,-1,0.0,time,5.0,0.0252
2022-10-31,-1,0.0,upper,5.0,0.0377
2022-11-01,-1,0.0,upper,4.0,0.038
2022-11-02,-1,0.0,upper,2.0,0.0478
2022-11-03,-1,0.0,upper,1.0,0.0454
2022-11-04,-1,1.0,lower,4.0,-0.1305
2022-11-05,-1,1.0,lower,3.0,-0.1368
2022-11-06,-1,1.0,lower,2.0,-0.1189
2022-11-07,-1,1.0,lower,1.0,-0.1041
2022-11-08,-1,1.0,lower,1.0,-0.1648
2022-11-09,-1,0.0,time,5.0,0.0558
2022-11-10,1,0.0,time,5.0,-0.0409
2022-11-11,1,0.0,time,5.0,-0.0231
2022-11-12,1,0.0,time,5.0,-0.0048
2022-11-13,1,1.0,time,5.0,0.0219
2022-11-14,1,1.0,time,5.0,0.004
2022-11-15,1,0.0,time,5.0,-0.0353
2022-11-16,1,0.0,time,5.0,-0.0539
2022-11-17,1,0.0,time,5.0,-0.0332
2022-11-18,1,0.0,time,5.0,-0.0059
2022-11-19,1,0.0,time,5.0,-0.007
2022-11-20,1,1.0,time,5.0,0.0134
2022-11-21,1,1.0,time,5.0,0.0398
2022-11-22,1,1.0,time,5.0,0.0176
2022-11-23,1,0.0,time,5.0,-0.0235
2022-11-24,1,0.0,time,5.0,-0.0093
2022-11-25,1,1.0,time,5.0,0.0393
2022-11-26,1,1.0,time,5.0,0.0309
2022-11-27,1,1.0,time,5.0,0.0373
2022-11-28,1,1.0,time,5.0,0.0423
2022-11-29,1,1.0,time,5.0,0.0422
2022-11-30,1,0.0,time,5.0,-0.0125
2022-12-01,1,1.0,time,5.0,0.0066
2022-12-02,1,0.0,time,5.0,-0.0138
2022-12-03,1,1.0,time,5.0,0.0182
2022-12-04,1,0.0,time,5.0,-0.0
2022-12-05,1,1.0,time,5.0,0.0089
2022-12-06,1,1.0,time,5.0,0.0009
2022-12-07,1,1.0,time,5.0,0.0193
2022-12-08,1,1.0,time,5.0,0.0314
2022-12-09,1,1.0,time,5.0,0.0377
2022-12-10,1,1.0,time,5.0,0.0124
2022-12-11,1,0.0,time,5.0,-0.0283
2022-12-12,1,0.0,time,5.0,-0.022
2022-12-13,1,0.0,lower,3.0,-0.0675
2022-12-14,-1,1.0,lower,2.0,-0.0689
2022-12-15,-1,1.0,lower,4.0,-0.0543
2022-12-16,-1,0.0,time,5.0,0.0115
2022-12-17,-1,0.0,time,5.0,0.0011
2022-12-18,-1,0.0,time,5.0,0.0029
2022-12-19,-1,0.0,time,5.0,0.0256
2022-12-20,-1,1.0,time,5.0,-0.0034
2022-12-21,-1,0.0,time,5.0,0.0049
2022-12-22,-1,1.0,time,5.0,-0.0073
2022-12-23,-1,1.0,time,5.0,-0.0152
2022-12-24,-1,1.0,time,5.0,-0.0122
2022-12-25,-1,1.0,time,5.0,-0.0142
2022-12-26,-1,1.0,time,5.0,-0.0215
2022-12-27,-1,1.0,time,5.0,-0.0052
2022-12-28,-1,0.0,time,5.0,0.0082
2022-12-29,-1,0.0,time,5.0,0.002
2022-12-30,-1,0.0,time,5.0,0.015
2022-12-31,-1,0.0,time,5.0,0.0175
2023-01-01,-1,0.0,time,5.0,0.0205
2023-01-02,-1,0.0,time,5.0,0.0164
2023-01-03,-1,0.0,time,5.0,0.0235
2023-01-04,-1,0.0,time,5.0,0.02
2023-01-05,-1,0.0,upper,5.0,0.0353
2023-01-06,-1,0.0,upper,4.0,0.0277
2023-01-07,-1,0.0,upper,3.0,0.0283
2023-01-08,-1,0.0,upper,2.0,0.021
2023-01-09,-1,0.0,upper,2.0,0.0456
2023-01-10,-1,0.0,upper,1.0,0.0316
2023-01-11,-1,0.0,upper,1.0,0.0472
2023-01-12,-1,0.0,upper,1.0,0.0554
2023-01-13,-1,0.0,upper,1.0,0.0526
2023-01-14,-1,0.0,time,5.0,0.003
2023-01-15,-1,0.0,upper,5.0,0.0851
2023-01-16,-1,0.0,upper,4.0,0.0698
2023-01-17,-1,0.0,upper,3.0,0.0707
2023-01-18,-1,0.0,upper,2.0,0.0912
2023-01-19,-1,0.0,upper,1.0,0.0742
2023-01-20,-1,0.0,time,5.0,0.0207
2023-01-21,-1,0.0,time,5.0,0.0111
2023-01-22,-1,0.0,time,5.0,0.0151
2023-01-23,-1,0.0,time,5.0,0.0016
2023-01-24,-1,0.0,time,5.0,0.0512
2023-01-25,-1,1.0,time,5.0,-0.0148
2023-01-26,-1,0.0,time,5.0,0.0049
2023-01-27,-1,0.0,time,5.0,0.0274
2023-01-28,-1,0.0,time,5.0,0.0223
2023-01-29,-1,1.0,time,5.0,-0.0146
2023-01-30,-1,0.0,time,5.0,0.0217
2023-01-31,-1,1.0,time,5.0,-0.0083
2023-02-01,-1,1.0,time,5.0,-0.0404
2023-02-02,-1,1.0,time,5.0,-0.0105
2023-02-03,-1,1.0,time,5.0,-0.0217
2023-02-04,-1,1.0,lower,5.0,-0.0673
2023-02-05,-1,1.0,lower,4.0,-0.0503
2023-02-06,-1,1.0,lower,3.0,-0.0433
2023-02-07,-1,1.0,lower,2.0,-0.0654
2023-02-08,-1,1.0,lower,1.0,-0.0504
2023-02-09,-1,0.0,time,5.0,0.0181
2023-02-10,-1,0.0,upper,5.0,0.1167
2023-02-11,1,1.0,upper,4.0,0.1048
2023-02-12,1,1.0,upper,3.0,0.1098
2023-02-13,1,1.0,upper,2.0,0.1085
2023-02-14,1,1.0,upper,1.0,0.0898
2023-02-15,1,1.0,time,5.0,0.0195
2023-02-16,1,1.0,time,5.0,0.0274
2023-02-17,1,0.0,time,5.0,-0.0198
2023-02-18,1,0.0,time,5.0,-0.0285
2023-02-19,1,0.0,time,5.0,-0.0469
2023-02-20,1,0.0,lower,4.0,-0.0674
2023-02-21,1,0.0,time,5.0,-0.0365
2023-02-22,1,0.0,time,5.0,-0.0264
2023-02-23,1,0.0,time,5.0,-0.0338
2023-02-24,1,1.0,time,5.0,0.0197
2023-02-25,1,1.0,time,5.0,0.0132
2023-02-26,1,0.0,lower,5.0,-0.0512
2023-02-27,1,0.0,lower,4.0,-0.0502
2023-02-28,1,0.0,time,5.0,-0.0322
2023-03-01,1,0.0,lower,2.0,-0.0551
2023-03-02,1,0.0,lower,1.0,-0.0479
2023-03-03,1,0.0,time,5.0,-0.0297
2023-03-04,1,0.0,lower,5.0,-0.0924
2023-03-05,1,0.0,lower,4.0,-0.0957
2023-03-06,1,0.0,lower,3.0,-0.0954
2023-03-07,1,0.0,lower,2.0,-0.0865
2023-03-08,1,0.0,lower,1.0,-0.0636
2023-03-09,1,1.0,upper,3.0,0.081
2023-03-10,1,1.0,upper,2.0,0.09
2023-03-11,1,1.0,upper,1.0,0.0739
2023-03-12,1,1.0,upper,1.0,0.0901
2023-03-13,1,1.0,upper,4.0,0.1275
2023-03-14,1,1.0,upper,3.0,0.1038
2023-03-15,1,1.0,upper,2.0,0.1155
2023-03-16,1,1.0,upper,1.0,0.0877
2023-03-17,1,0.0,time,5.0,-0.0007
2023-03-18,-1,0.0,time,5.0,0.0487
2023-03-19,-1,1.0,time,5.0,-0.0212
2023-03-20,-1,1.0,time,5.0,-0.0093
2023-03-21,-1,1.0,time,5.0,-0.0077
2023-03-22,-1,1.0,time,5.0,-0.0098
2023-03-23,-1,1.0,time,5.0,-0.0419
2023-03-24,-1,0.0,time,5.0,0.0286
2023-03-25,-1,0.0,time,5.0,0.0133
2023-03-26,-1,0.0,time,5.0,0.0166
2023-03-27,-1,0.0,time,5.0,0.0473
2023-03-28,-1,0.0,time,5.0,0.0341
2023-03-29,-1,1.0,time,5.0,-0.0206
2023-03-30,-1,0.0,time,5.0,0.0048
2023-03-31,-1,1.0,time,5.0,-0.0113
2023-04-01,-1,1.0,time,5.0,-0.0161
2023-04-02,-1,1.0,time,5.0,-0.0108
2023-04-03,-1,0.0,time,5.0,0.0055
2023-04-04,-1,0.0,time,5.0,0.0062
2023-04-05,-1,0.0,upper,5.0,0.0505
2023-04-06,-1,0.0,upper,4.0,0.056
2023-04-07,-1,0.0,upper,3.0,0.0599
2023-04-08,-1,0.0,upper,2.0,0.0587
2023-04-09,-1,0.0,upper,1.0,0.0451
2023-04-10,-1,0.0,time,5.0,0.0218
2023-04-11,-1,0.0,time,5.0,0.0015
2023-04-12,-1,1.0,time,5.0,-0.0147
2023-04-13,-1,1.0,time,5.0,-0.0013
2023-04-14,-1,1.0,lower,5.0,-0.0552
2023-04-15,-1,1.0,lower,4.0,-0.05
2023-04-16,-1,1.0,lower,3.0,-0.0498
2023-04-17,-1,1.0,lower,3.0,-0.042
2023-04-18,-1,1.0,lower,1.0,-0.0518
2023-04-19,-1,1.0,lower,2.0,-0.0546
2023-04-20,-1,0.0,time,5.0,0.0034
2023-04-21,-1,0.0,time,5.0,0.0378
2023-04-22,-1,0.0,upper,5.0,0.0566
2023-04-23,-1,0.0,upper,4.0,0.0658
2023-04-24,-1,0.0,upper,3.0,0.0692
2023-04-25,-1,0.0,time,5.0,0.035
2023-04-26,-1,1.0,time,5.0,-0.008
2023-04-27,-1,1.0,time,5.0,-0.0286
2023-04-28,-1,1.0,time,5.0,-0.0121
2023-04-29,-1,1.0,time,5.0,-0.0128
2023-04-30,-1,0.0,time,5.0,0.0054
2023-05-01,-1,0.0,time,5.0,0.0267
2023-05-02,-1,1.0,time,5.0,-0.0015
2023-05-03,-1,1.0,time,5.0,-0.0456
2023-05-04,-1,1.0,time,5.0,-0.0439
2023-05-05,-1,1.0,lower,3.0,-0.0637
2023-05-06,-1,1.0,lower,5.0,-0.0667
2023-05-07,-1,1.0,lower,4.0,-0.057
2023-05-08,-1,1.0,time,5.0,-0.033
2023-05-09,-1,1.0,time,5.0,-0.0255
2023-05-10,-1,1.0,time,5.0,-0.015
2023-05-11,-1,1.0,time,5.0,-0.0001
2023-05-12,-1,0.0,time,5.0,0.0222
2023-05-13,-1,0.0,time,5.0,0.0017
2023-05-14,-1,1.0,time,5.0,-0.001
2023-05-15,-1,1.0,time,5.0,-0.0049
2023-05-16,-1,1.0,time,5.0,-0.0093
2023-05-17,-1,1.0,time,5.0,-0.0192
2023-05-18,-1,0.0,time,5.0,0.0141
2023-05-19,-1,1.0,time,5.0,-0.0205
2023-05-20,-1,1.0,time,5.0,-0.0231
2023-05-21,-1,1.0,time,5.0,-0.0021
2023-05-22,-1,1.0,time,5.0,-0.0008
2023-05-23,-1,1.0,lower,1.0,-0.033
2023-05-24,-1,0.0,upper,4.0,0.0651
2023-05-25,-1,0.0,upper,3.0,0.0599
2023-05-26,-1,0.0,upper,2.0,0.0508
2023-05-27,-1,0.0,upper,1.0,0.0459
2023-05-28,-1,1.0,lower,4.0,-0.0468
2023-05-29,-1,1.0,time,5.0,-0.0247
2023-05-30,-1,1.0,time,5.0,-0.0203
2023-05-31,-1,1.0,lower,5.0,-0.0548
2023-06-01,-1,1.0,lower,4.0,-0.0392
2023-06-02,-1,1.0,lower,3.0,-0.0549
2023-06-03,-1,1.0,lower,2.0,-0.0488
2023-06-04,-1,1.0,lower,1.0,-0.0515
2023-06-05,-1,0.0,upper,1.0,0.0537
2023-06-06,1,0.0,time,5.0,-0.0489
2023-06-07,1,0.0,time,5.0,-0.0167
2023-06-08,1,0.0,time,5.0,-0.0243
2023-06-09,1,0.0,lower,5.0,-0.0528
2023-06-10,1,0.0,time,5.0,-0.0114
2023-06-11,1,1.0,time,5.0,0.0157
2023-06-12,1,1.0,time,5.0,0.0226
2023-06-13,1,1.0,time,5.0,0.0177
2023-06-14,1,1.0,upper,2.0,0.0474
2023-06-15,1,1.0,upper,4.0,0.0464
2023-06-16,1,1.0,upper,4.0,0.0734
2023-06-17,1,1.0,upper,3.0,0.0668
2023-06-18,1,1.0,upper,2.0,0.0731
2023-06-19,1,1.0,upper,1.0,0.0563
2023-06-20,1,1.0,upper,1.0,0.0606
2023-06-21,1,1.0,time,5.0,0.0061
2023-06-22,1,1.0,time,5.0,0.025
2023-06-23,1,0.0,time,5.0,-0.018
2023-06-24,-1,1.0,time,5.0,-0.0023
2023-06-25,-1,0.0,time,5.0,0.0009
2023-06-26,-1,0.0,time,5.0,0.0098
2023-06-27,-1,1.0,time,5.0,-0.004
2023-06-28,-1,0.0,time,5.0,0.0344
2023-06-29,-1,0.0,time,5.0,0.0101
2023-06-30,-1,0.0,time,5.0,0.0001
2023-07-01,-1,1.0,time,5.0,-0.0196
2023-07-02,-1,1.0,time,5.0,-0.0084
2023-07-03,-1,1.0,time,5.0,-0.0284
2023-07-04,-1,1.0,time,5.0,-0.0199
2023-07-05,-1,1.0,time,5.0,-0.003
2023-07-06,-1,0.0,time,5.0,0.0208
2023-07-07,-1,0.0,time,5.0,0.003
2023-07-08,-1,0.0,upper,5.0,0.0383
2023-07-09,-1,0.0,upper,4.0,0.0414
2023-07-10,-1,0.0,upper,3.0,0.034
2023-07-11,-1,1.0,time,5.0,-0.0126
2023-07-12,-1,0.0,upper,1.0,0.0336
2023-07-13,-1,1.0,lower,1.0,-0.0367
2023-07-14,-1,1.0,time,5.0,-0.013
2023-07-15,-1,1.0,time,5.0,-0.017
2023-07-16,-1,1.0,time,5.0,-0.0107
2023-07-17,-1,1.0,time,5.0,-0.0146
2023-07-18,-1,0.0,time,5.0,0.007
2023-07-19,-1,1.0,time,5.0,-0.0249
2023-07-20,-1,1.0,time,5.0,-0.0191
2023-07-21,-1,1.0,time,5.0,-0.0186
2023-07-22,-1,1.0,time,5.0,-0.0173
2023-07-23,-1,1.0,lower,1.0,-0.0295
2023-07-24,-1,0.0,time,5.0,0.0059
2023-07-25,1,1.0,time,5.0,0.0019
2023-07-26,1,0.0,time,5.0,-0.0045
2023-07-27,1,1.0,time,5.0,0.0115
2023-07-28,1,0.0,time,5.0,-0.0057
2023-07-29,1,0.0,time,5.0,-0.0062
2023-07-30,1,0.0,time,5.0,-0.0065
2023-07-31,1,0.0,time,5.0,-0.0064
2023-08-01,1,0.0,time,5.0,-0.0168
2023-08-02,1,1.0,time,5.0,0.0011
2023-08-03,1,1.0,time,5.0,0.0205
2023-08-04,1,1.0,upper,4.0,0.0235
2023-08-05,1,1.0,upper,3.0,0.0249
2023-08-06,1,1.0,upper,2.0,0.025
2023-08-07,1,1.0,upper,1.0,0.0204
2023-08-08,1,0.0,time,5.0,-0.0168
2023-08-09,1,0.0,time,5.0,-0.0062
2023-08-10,1,0.0,time,5.0,-0.0087
2023-08-11,1,0.0,lower,5.0,-0.0221
2023-08-12,1,0.0,lower,4.0,-0.0226
2023-08-13,1,0.0,lower,3.0,-0.0183
2023-08-14,1,0.0,lower,2.0,-0.0223
2023-08-15,1,0.0,lower,2.0,-0.0959
2023-08-16,1,0.0,lower,1.0,-0.0816
2023-08-17,1,0.0,time,5.0,-0.0178
2023-08-18,1,1.0,time,5.0,0.0155
2023-08-19,1,1.0,time,5.0,0.0011
2023-08-20,1,0.0,time,5.0,-0.0045
2023-08-21,1,0.0,time,5.0,-0.0045
2023-08-22,1,1.0,time,5.0,0.0019
2023-08-23,1,0.0,time,5.0,-0.013
2023-08-24,1,1.0,upper,5.0,0.0593
2023-08-25,1,1.0,upper,4.0,0.0628
2023-08-26,1,1.0,upper,3.0,0.0644
2023-08-27,1,1.0,upper,2.0,0.0613
2023-08-28,1,1.0,upper,1.0,0.0603
2023-08-29,1,0.0,lower,2.0,-0.0673
2023-08-30,1,0.0,lower,1.0,-0.0515
2023-08-31,1,0.0,time,5.0,-0.0055
2023-09-01,1,0.0,time,5.0,-0.0023
2023-09-02,1,1.0,time,5.0,0.013
2023-09-03,1,0.0,time,5.0,-0.002
2023-09-04,1,1.0,time,5.0,0.0023
2023-09-05,1,1.0,time,5.0,0.002
2023-09-06,1,0.0,time,5.0,-0.0244
2023-09-07,1,0.0,time,5.0,-0.0125
2023-09-08,1,1.0,time,5.0,0.0121
2023-09-09,1,1.0,time,5.0,0.0245
2023-09-10,1,1.0,time,5.0,0.0305
2023-09-11,1,1.0,upper,2.0,0.0425
2023-09-12,1,1.0,time,5.0,0.025
2023-09-13,1,1.0,time,5.0,0.0196
2023-09-14,1,1.0,time,5.0,0.0256
2023-09-15,1,1.0,time,5.0,0.0179
2023-09-16,1,1.0,time,5.0,0.0001
2023-09-17,1,1.0,time,5.0,0.0019
2023-09-18,1,0.0,time,5.0,-0.0063
2023-09-19,1,0.0,lower,5.0,-0.0362
2023-09-20,-1,1.0,lower,4.0,-0.0325
2023-09-21,-1,1.0,time,5.0,-0.0135
2023-09-22,-1,1.0,time,5.0,-0.0084
2023-09-23,-1,0.0,time,5.0,0.0162
2023-09-24,-1,0.0,time,5.0,0.0251
2023-09-25,-1,0.0,time,5.0,0.0252
2023-09-26,-1,0.0,upper,2.0,0.0302
2023-09-27,-1,0.0,upper,4.0,0.0596
2023-09-28,-1,0.0,upper,3.0,0.0349
2023-09-29,-1,0.0,upper,2.0,0.0383
2023-09-30,-1,0.0,upper,1.0,0.0363
2023-10-01,-1,1.0,time,5.0,-0.0004
2023-10-02,-1,0.0,time,5.0,0.0131
2023-10-03,-1,0.0,time,5.0,0.0184
2023-10-04,-1,1.0,time,5.0,-0.0071
2023-10-05,-1,1.0,time,5.0,-0.0016
2023-10-06,-1,1.0,lower,5.0,-0.0407
2023-10-07,-1,1.0,lower,4.0,-0.0415
2023-10-08,-1,1.0,lower,3.0,-0.0404
2023-10-09,-1,1.0,lower,3.0,-0.0318
2023-10-10,-1,1.0,time,5.0,-0.0089
2023-10-11,-1,0.0,upper,5.0,0.0604
2023-10-12,-1,0.0,upper,4.0,0.0646
2023-10-13,-1,0.0,upper,3.0,0.0604
2023-10-14,-1,0.0,upper,2.0,0.0596
2023-10-15,-1,0.0,upper,1.0,0.049
2023-10-16,-1,0.0,upper,4.0,0.04
2023-10-17,-1,0.0,upper,3.0,0.0433
2023-10-18,-1,0.0,upper,2.0,0.0465
2023-10-19,-1,0.0,upper,2.0,0.0411
2023-10-20,-1,0.0,upper,3.0,0.1047
2023-10-21,-1,0.0,upper,2.0,0.0966
2023-10-22,-1,0.0,upper,1.0,0.0933
2023-10-23,-1,0.0,time,5.0,0.034
2023-10-24,-1,0.0,time,5.0,0.0207
2023-10-25,-1,0.0,time,5.0,0.0008
2023-10-26,-1,0.0,time,5.0,0.0145
2023-10-27,-1,0.0,time,5.0,0.0449
2023-10-28,-1,0.0,time,5.0,0.0241
2023-10-29,-1,0.0,time,5.0,0.0051
2023-10-30,-1,0.0,time,5.0,0.0158
2023-10-31,-1,0.0,time,5.0,0.0112
2023-11-01,-1,1.0,time,5.0,-0.0121
2023-11-02,-1,0.0,time,5.0,0.0146
2023-11-03,-1,0.0,time,5.0,0.0302
2023-11-04,-1,0.0,upper,5.0,0.0479
2023-11-05,-1,0.0,upper,4.0,0.0475
2023-11-06,-1,0.0,upper,3.0,0.0484
2023-11-07,-1,0.0,upper,2.0,0.0369
2023-11-08,-1,0.0,upper,2.0,0.0424
2023-11-09,-1,1.0,time,5.0,-0.0338
2023-11-10,-1,1.0,lower,4.0,-0.0494
2023-11-11,-1,1.0,lower,3.0,-0.0434
2023-11-12,-1,1.0,lower,2.0,-0.042
2023-11-13,-1,0.0,upper,2.0,0.0364
2023-11-14,-1,0.0,upper,1.0,0.0643
2023-11-15,-1,1.0,time,5.0,-0.011
2023-11-16,-1,1.0,time,5.0,-0.0066
2023-11-17,-1,0.0,time,5.0,0.0253
2023-11-18,-1,0.0,time,5.0,0.0192
2023-11-19,-1,0.0,time,5.0,0.0086
2023-11-20,-1,0.0,time,5.0,0.0085
2023-11-21,-1,0.0,time,5.0,0.0416
2023-11-22,-1,1.0,time,5.0,-0.0058
2023-11-23,-1,0.0,time,5.0,0.0136
2023-11-24,-1,0.0,time,5.0,0.0019
2023-11-25,-1,1.0,time,5.0,-0.0026
2023-11-26,-1,0.0,time,5.0,0.0314
2023-11-27,-1,0.0,upper,5.0,0.0582
2023-11-28,-1,0.0,upper,5.0,0.0555
2023-11-29,-1,0.0,upper,3.0,0.0433
2023-11-30,-1,0.0,upper,2.0,0.0459
2023-12-01,-1,0.0,upper,3.0,0.0815
2023-12-02,-1,0.0,upper,2.0,0.0612
2023-12-03,-1,0.0,upper,1.0,0.0492
2023-12-04,-1,0.0,upper,1.0,0.0495
2023-12-05,-1,1.0,time,5.0,-0.0079
2023-12-06,-1,1.0,lower,5.0,-0.0609
2023-12-07,-1,1.0,lower,4.0,-0.049
2023-12-08,-1,1.0,lower,3.0,-0.0703
2023-12-09,-1,1.0,lower,2.0,-0.0599
2023-12-10,-1,1.0,lower,1.0,-0.0602
2023-12-11,-1,0.0,time,5.0,0.0251
2023-12-12,-1,1.0,time,5.0,-0.001
2023-12-13,-1,1.0,time,5.0,-0.0058
2023-12-14,-1,1.0,time,5.0,-0.0178
2023-12-15,-1,0.0,time,5.0,0.0384
2023-12-16,-1,0.0,time,5.0,0.0372
2023-12-17,-1,0.0,upper,3.0,0.0523
2023-12-18,-1,0.0,time,5.0,0.0247
2023-12-19,-1,0.0,time,5.0,0.0184
2023-12-20,-1,0.0,time,5.0,0.0001
2023-12-21,-1,1.0,time,5.0,-0.0309
2023-12-22,-1,1.0,time,5.0,-0.0134
2023-12-23,-1,1.0,time,5.0,-0.0267
2023-12-24,-1,1.0,time,5.0,-0.0226
2023-12-25,-1,1.0,time,5.0,-0.033
2023-12-26,-1,1.0,time,5.0,-0.0073
2023-12-27,-1,0.0,time,5.0,0.0171
2023-12-28,-1,0.0,upper,5.0,0.0547
2023-12-29,-1,0.0,upper,3.0,0.0486
2023-12-30,-1,0.0,upper,2.0,0.0451
2023-12-31,-1,0.0,upper,1.0,0.0454
2024-01-01,-1,1.0,time,5.0,-0.0048
2024-01-02,-1,1.0,lower,1.0,-0.0495
2024-01-03,-1,0.0,upper,5.0,0.0917
2024-01-04,-1,0.0,upper,4.0,0.0602
2024-01-05,-1,0.0,upper,3.0,0.062
2024-01-06,-1,0.0,upper,2.0,0.0656
2024-01-07,-1,0.0,upper,1.0,0.0672
2024-01-08,-1,1.0,lower,4.0,-0.0901
2024-01-09,-1,1.0,lower,3.0,-0.0722
2024-01-10,-1,1.0,lower,2.0,-0.0836
2024-01-11,-1,1.0,lower,1.0,-0.0767
2024-01-12,-1,1.0,time,5.0,-0.0042
2024-01-13,-1,1.0,time,5.0,-0.0377
2024-01-14,-1,1.0,time,5.0,-0.0048
2024-01-15,-1,1.0,time,5.0,-0.0228
2024-01-16,-1,1.0,time,5.0,-0.0379
2024-01-17,-1,1.0,lower,5.0,-0.0781
2024-01-18,-1,1.0,time,5.0,-0.0352
2024-01-19,-1,1.0,time,5.0,-0.0361
2024-01-20,-1,1.0,time,5.0,-0.0414
2024-01-21,-1,0.0,time,5.0,0.0077
2024-01-22,-1,0.0,upper,4.0,0.058
2024-01-23,-1,0.0,upper,4.0,0.0558
2024-01-24,-1,0.0,upper,5.0,0.0754
2024-01-25,-1,0.0,upper,2.0,0.0532
2024-01-26,-1,0.0,time,5.0,0.0171
2024-01-27,-1,0.0,time,5.0,0.0223
2024-01-28,-1,0.0,time,5.0,0.0269
2024-01-29,-1,1.0,time,5.0,-0.0067
2024-01-30,-1,1.0,time,5.0,-0.0069
2024-01-31,-1,0.0,time,5.0,0.0015
2024-02-01,-1,0.0,time,5.0,0.0004
2024-02-02,-1,0.0,time,5.0,0.0246
2024-02-03,-1,0.0,upper,5.0,0.0535
2024-02-04,-1,0.0,upper,4.0,0.0623
2024-02-05,-1,0.0,upper,3.0,0.0612
2024-02-06,-1,0.0,upper,2.0,0.0509
2024-02-07,-1,0.0,upper,2.0,0.0634
2024-02-08,-1,0.0,upper,1.0,0.039
2024-02-09,-1,0.0,upper,3.0,0.0598
2024-02-10,-1,0.0,upper,2.0,0.0466
2024-02-11,-1,0.0,upper,1.0,0.0379
2024-02-12,-1,0.0,upper,4.0,0.0414
2024-02-13,-1,0.0,upper,1.0,0.0405
2024-02-14,-1,1.0,time,5.0,-0.0005
2024-02-15,-1,0.0,time,5.0,0.0063
2024-02-16,-1,1.0,time,5.0,-0.0062
2024-02-17,-1,1.0,time,5.0,-0.0071
2024-02-18,-1,1.0,time,5.0,-0.0252
2024-02-19,-1,1.0,time,5.0,-0.0041
2024-02-20,-1,1.0,time,5.0,-0.0103
2024-02-21,-1,0.0,upper,5.0,0.0496
2024-02-22,-1,0.0,upper,4.0,0.0597
2024-02-23,-1,0.0,upper,3.0,0.0691
2024-02-24,-1,0.0,upper,2.0,0.0552
2024-02-25,-1,0.0,upper,1.0,0.0513
2024-02-26,-1,0.0,upper,1.0,0.0453
2024-02-27,-1,0.0,upper,1.0,0.093
2024-02-28,-1,0.0,upper,5.0,0.0861
2024-02-29,-1,0.0,upper,4.0,0.1065
2024-03-01,-1,0.0,upper,3.0,0.0883
2024-03-02,-1,0.0,upper,2.0,0.094
2024-03-03,-1,0.0,upper,1.0,0.0783
2024-03-04,-1,0.0,time,5.0,0.0047
2024-03-05,-1,0.0,time,5.0,0.0718
2024-03-06,-1,0.0,upper,5.0,0.0866
2024-03-07,-1,0.0,upper,4.0,0.0746
2024-03-08,-1,0.0,time,5.0,0.0677
2024-03-09,-1,0.0,time,5.0,0.0416
2024-03-10,-1,0.0,time,5.0,0.0061
2024-03-11,-1,1.0,lower,5.0,-0.0996
2024-03-12,-1,1.0,lower,4.0,-0.0904
2024-03-13,-1,1.0,lower,3.0,-0.1129
2024-03-14,-1,1.0,lower,2.0,-0.0897
2024-03-15,-1,1.0,lower,1.0,-0.0624
2024-03-16,-1,0.0,time,5.0,0.0037
2024-03-17,-1,1.0,lower,2.0,-0.0965
2024-03-18,-1,1.0,lower,1.0,-0.0859
2024-03-19,-1,0.0,upper,1.0,0.0876
2024-03-20,-1,0.0,time,5.0,0.0308
2024-03-21,-1,0.0,time,5.0,0.0671
2024-03-22,-1,0.0,upper,3.0,0.0964
2024-03-23,-1,0.0,upper,5.0,0.0952
2024-03-24,-1,0.0,time,5.0,0.038
2024-03-25,-1,1.0,time,5.0,-0.0034
2024-03-26,-1,0.0,time,5.0,0.0165
2024-03-27,-1,0.0,time,5.0,0.005
2024-03-28,-1,1.0,lower,5.0,-0.0775
2024-03-29,-1,1.0,time,5.0,-0.0558
2024-03-30,-1,1.0,time,5.0,-0.0168
2024-03-31,-1,1.0,lower,2.0,-0.085
2024-04-01,-1,1.0,time,5.0,-0.0113
2024-04-02,-1,0.0,time,5.0,0.0588
2024-04-03,-1,0.0,upper,5.0,0.0799
2024-04-04,-1,0.0,time,5.0,0.009
2024-04-05,-1,0.0,time,5.0,0.0368
2024-04-06,-1,0.0,time,5.0,0.0159
2024-04-07,-1,1.0,time,5.0,-0.0315
2024-04-08,-1,1.0,lower,4.0,-0.063
2024-04-09,-1,1.0,lower,4.0,-0.0712
2024-04-10,-1,1.0,lower,3.0,-0.0908
2024-04-11,-1,1.0,lower,2.0,-0.0848
2024-04-12,-1,1.0,lower,5.0,-0.0922
2024-04-13,-1,1.0,time,5.0,-0.0147
2024-04-14,1,0.0,lower,3.0,-0.0697
2024-04-15,1,1.0,time,5.0,0.0228
2024-04-16,1,1.0,time,5.0,0.0189
2024-04-17,1,1.0,upper,5.0,0.0861
2024-04-18,1,1.0,time,5.0,0.0454
2024-04-19,1,1.0,time,5.0,0.0045
2024-04-20,1,0.0,time,5.0,-0.0063
2024-04-21,1,0.0,time,5.0,-0.0176
2024-04-22,1,0.0,time,5.0,-0.051
2024-04-23,1,0.0,time,5.0,-0.0522
2024-04-24,1,0.0,time,5.0,-0.0075
2024-04-25,1,0.0,lower,5.0,-0.0597
2024-04-26,1,0.0,lower,5.0,-0.0902
2024-04-27,1,0.0,lower,4.0,-0.0857
2024-04-28,1,0.0,lower,3.0,-0.078
2024-04-29,1,0.0,lower,1.0,-0.049
2024-04-30,1,1.0,upper,5.0,0.0523
2024-05-01,1,1.0,upper,2.0,0.075
2024-05-02,1,1.0,upper,1.0,0.0608
2024-05-03,1,0.0,time,5.0,-0.0262
2024-05-04,1,0.0,time,5.0,-0.0106
2024-05-05,1,0.0,time,5.0,-0.05
2024-05-06,1,0.0,time,5.0,-0.0386
2024-05-07,1,0.0,time,5.0,-0.0138
2024-05-08,1,1.0,time,5.0,0.0268
2024-05-09,1,0.0,time,5.0,-0.0253
2024-05-10,1,1.0,upper,5.0,0.084
2024-05-11,1,1.0,upper,4.0,0.0858
2024-05-12,1,1.0,upper,3.0,0.0738
2024-05-13,1,1.0,upper,2.0,0.0518
2024-05-14,1,1.0,upper,1.0,0.0728
2024-05-15,1,1.0,upper,5.0,0.0757
2024-05-16,-1,0.0,upper,4.0,0.0903
2024-05-17,-1,0.0,upper,3.0,0.0632
2024-05-18,-1,0.0,upper,2.0,0.0653
2024-05-19,-1,0.0,upper,1.0,0.0752
2024-05-20,-1,1.0,time,5.0,-0.0307
2024-05-21,-1,1.0,time,5.0,-0.0242
2024-05-22,-1,0.0,time,5.0,0.0027
2024-05-23,-1,0.0,time,5.0,0.006
2024-05-24,-1,1.0,time,5.0,-0.0141
2024-05-25,-1,1.0,time,5.0,-0.013
2024-05-26,-1,1.0,time,5.0,-0.0152
2024-05-27,-1,1.0,time,5.0,-0.0243
2024-05-28,-1,1.0,time,5.0,-0.0085
2024-05-29,-1,0.0,time,5.0,0.0181
2024-05-30,-1,0.0,time,5.0,0.0321
2024-05-31,-1,0.0,upper,5.0,0.0535
2024-06-01,-1,0.0,upper,4.0,0.0501
2024-06-02,-1,0.0,upper,3.0,0.0496
2024-06-03,-1,0.0,time,5.0,0.0073
2024-06-04,-1,1.0,time,5.0,-0.0135
2024-06-05,-1,1.0,time,5.0,-0.0241
2024-06-06,-1,1.0,lower,5.0,-0.0497
2024-06-07,-1,1.0,time,5.0,-0.016
2024-06-08,-1,1.0,lower,5.0,-0.0385
2024-06-09,-1,1.0,lower,4.0,-0.0433
2024-06-10,-1,1.0,lower,3.0,-0.041
2024-06-11,-1,1.0,time,5.0,-0.0106
2024-06-12,-1,1.0,time,5.0,-0.0262
2024-06-13,-1,1.0,time,5.0,-0.0241
2024-06-14,-1,1.0,time,5.0,-0.0169
2024-06-15,-1,1.0,time,5.0,-0.0205
2024-06-16,-1,1.0,lower,5.0,-0.0389
2024-06-17,-1,1.0,lower,4.0,-0.0366
2024-06-18,-1,1.0,time,5.0,-0.0294
2024-06-19,-1,1.0,lower,5.0,-0.0726
2024-06-20,-1,1.0,lower,4.0,-0.0716
2024-06-21,-1,1.0,lower,3.0,-0.0596
2024-06-22,-1,1.0,lower,2.0,-0.0622
2024-06-23,-1,1.0,lower,1.0,-0.0463
2024-06-24,-1,0.0,time,5.0,0.0083
2024-06-25,1,1.0,time,5.0,0.0155
2024-06-26,1,1.0,time,5.0,0.0335
2024-06-27,1,1.0,time,5.0,0.0078
2024-06-28,1,1.0,upper,2.0,0.0393
2024-06-29,1,0.0,lower,5.0,-0.0623
2024-06-30,1,0.0,lower,4.0,-0.0925
2024-07-01,1,0.0,lower,2.0,-0.0419
2024-07-02,1,0.0,lower,2.0,-0.0815
2024-07-03,1,0.0,lower,1.0,-0.0521
2024-07-04,1,1.0,time,5.0,0.0139
2024-07-05,1,1.0,time,5.0,0.0168
2024-07-06,1,0.0,time,5.0,-0.0146
2024-07-07,1,1.0,time,5.0,0.0355
2024-07-08,1,1.0,time,5.0,0.043
2024-07-09,1,1.0,time,5.0,0.0497
2024-07-10,1,1.0,upper,4.0,0.0546
2024-07-11,1,1.0,upper,3.0,0.0601
2024-07-12,1,1.0,upper,2.0,0.0512
2024-07-13,1,1.0,upper,2.0,0.0917
2024-07-14,1,1.0,upper,1.0,0.0619
2024-07-15,1,1.0,time,5.0,0.0359
2024-07-16,-1,0.0,time,5.0,0.0439
2024-07-17,-1,0.0,upper,4.0,0.0598
2024-07-18,-1,0.0,upper,3.0,0.0625
2024-07-19,-1,1.0,time,5.0,-0.0195
2024-07-20,-1,1.0,time,5.0,-0.0219
2024-07-21,-1,1.0,time,5.0,-0.0025
2024-07-22,-1,0.0,time,5.0,0.0066
2024-07-23,-1,0.0,time,5.0,0.0343
2024-07-24,-1,0.0,time,5.0,0.0207
2024-07-25,-1,0.0,time,5.0,0.0071
2024-07-26,-1,1.0,lower,5.0,-0.0489
2024-07-27,-1,1.0,lower,4.0,-0.0509
2024-07-28,-1,1.0,lower,3.0,-0.0536
2024-07-29,-1,1.0,lower,4.0,-0.0837
2024-07-30,-1,1.0,lower,3.0,-0.0754
2024-07-31,-1,1.0,lower,2.0,-0.0519
2024-08-01,-1,1.0,lower,1.0,-0.0624
2024-08-02,-1,1.0,lower,2.0,-0.057
2024-08-03,-1,1.0,lower,2.0,-0.1184
2024-08-04,-1,1.0,lower,1.0,-0.0724
2024-08-05,-1,0.0,upper,3.0,0.1367
2024-08-06,-1,0.0,upper,2.0,0.1002
2024-08-07,1,1.0,upper,1.0,0.1157
2024-08-08,1,0.0,time,5.0,-0.0205
2024-08-09,1,0.0,time,5.0,-0.0363
2024-08-10,1,0.0,time,5.0,-0.0551
2024-08-11,1,1.0,time,5.0,0.0013
2024-08-12,1,1.0,time,5.0,0.0014
2024-08-13,1,0.0,time,5.0,-0.0363
2024-08-14,1,1.0,time,5.0,0.0141
2024-08-15,1,1.0,time,5.0,0.0246
2024-08-16,1,1.0,time,5.0,0.0377
2024-08-17,1,1.0,time,5.0,0.016
2024-08-18,1,1.0,upper,5.0,0.0917
2024-08-19,1,1.0,upper,4.0,0.0724
2024-08-20,1,1.0,upper,3.0,0.0811
2024-08-21,1,1.0,time,5.0,0.0287
2024-08-22,1,1.0,upper,3.0,0.0622
2024-08-23,1,0.0,lower,4.0,-0.0732
2024-08-24,-1,1.0,lower,3.0,-0.0749
2024-08-25,-1,1.0,lower,2.0,-0.0766
2024-08-26,-1,1.0,lower,2.0,-0.0641
2024-08-27,-1,1.0,time,5.0,-0.0371
2024-08-28,-1,0.0,time,5.0,0.0016
2024-08-29,-1,1.0,time,5.0,-0.0316
2024-08-30,-1,1.0,time,5.0,-0.0199
2024-08-31,-1,1.0,time,5.0,-0.0492
2024-09-01,-1,1.0,lower,5.0,-0.0618
2024-09-02,-1,1.0,lower,4.0,-0.0918
2024-09-03,-1,1.0,lower,3.0,-0.0643
2024-09-04,-1,1.0,lower,2.0,-0.0727
2024-09-05,-1,0.0,time,5.0,0.0262
2024-09-06,-1,0.0,upper,3.0,0.0564
2024-09-07,1,1.0,upper,3.0,0.0622
2024-09-08,1,1.0,upper,4.0,0.0587
2024-09-09,1,1.0,upper,4.0,0.0607
2024-09-10,1,1.0,time,5.0,0.0272
2024-09-11,1,1.0,upper,2.0,0.0549
2024-09-12,1,1.0,time,5.0,0.0373
2024-09-13,1,1.0,time,5.0,0.0134
2024-09-14,1,1.0,time,5.0,0.0482
2024-09-15,1,1.0,upper,4.0,0.0614
2024-09-16,1,1.0,upper,2.0,0.054
2024-09-17,1,1.0,upper,5.0,0.0527
2024-09-18,1,1.0,time,5.0,0.0303
2024-09-19,1,1.0,time,5.0,0.0215
2024-09-20,-1,0.0,time,5.0,0.0004
2024-09-21,-1,0.0,time,5.0,0.0269
2024-09-22,-1,0.0,time,5.0,0.0341
2024-09-23,-1,0.0,time,5.0,0.0403
2024-09-24,-1,0.0,time,5.0,0.0205
2024-09-25,-1,0.0,upper,2.0,0.0409
2024-09-26,-1,1.0,lower,5.0,-0.0676
2024-09-27,-1,1.0,lower,4.0,-0.0777
2024-09-28,-1,1.0,lower,2.0,-0.0417
2024-09-29,-1,1.0,lower,1.0,-0.0376
2024-09-30,-1,1.0,time,5.0,-0.0184
2024-10-01,-1,0.0,time,5.0,0.0314
2024-10-02,-1,0.0,time,5.0,0.0265
2024-10-03,-1,0.0,time,5.0,0.0237
2024-10-04,-1,1.0,time,5.0,-0.0245
2024-10-05,-1,1.0,time,5.0,-0.031
2024-10-06,-1,1.0,lower,4.0,-0.0426
2024-10-07,-1,0.0,time,5.0,0.0147
2024-10-08,-1,0.0,time,5.0,0.0103
2024-10-09,-1,0.0,upper,3.0,0.0422
2024-10-10,-1,0.0,upper,2.0,0.0488
2024-10-11,-1,0.0,upper,3.0,0.057
2024-10-12,-1,0.0,upper,2.0,0.044
2024-10-13,-1,0.0,upper,1.0,0.05
2024-10-14,-1,0.0,time,5.0,0.0348
2024-10-15,-1,0.0,time,5.0,0.0294
2024-10-16,-1,1.0,time,5.0,-0.0037
2024-10-17,-1,0.0,time,5.0,0.0003
2024-10-18,-1,1.0,time,5.0,-0.0264
2024-10-19,-1,1.0,time,5.0,-0.0026
2024-10-20,-1,1.0,time,5.0,-0.0351
2024-10-21,-1,1.0,time,5.0,-0.0056
2024-10-22,-1,0.0,time,5.0,0.0087
2024-10-23,-1,0.0,upper,5.0,0.0463
2024-10-24,-1,0.0,upper,5.0,0.0648
2024-10-25,-1,0.0,upper,3.0,0.0478
2024-10-26,-1,0.0,upper,2.0,0.0413
2024-10-27,-1,0.0,upper,2.0,0.0688
2024-10-28,-1,0.0,upper,1.0,0.0412
2024-10-29,-1,1.0,lower,3.0,-0.046
2024-10-30,-1,1.0,lower,3.0,-0.043
2024-10-31,-1,1.0,time,5.0,-0.0133
2024-11-01,-1,0.0,upper,5.0,0.0843
2024-11-02,-1,0.0,upper,4.0,0.0873
2024-11-03,-1,0.0,upper,3.0,0.0945
2024-11-04,-1,0.0,upper,2.0,0.1093
2024-11-05,-1,0.0,upper,1.0,0.0868
2024-11-06,-1,0.0,upper,5.0,0.1588
2024-11-07,-1,0.0,upper,4.0,0.154
2024-11-08,-1,0.0,upper,3.0,0.1466
2024-11-09,-1,0.0,upper,2.0,0.1456
2024-11-10,-1,0.0,upper,1.0,0.0967
2024-11-11,-1,0.0,time,5.0,0.022
2024-11-12,-1,0.0,time,5.0,0.0177
2024-11-13,-1,0.0,time,5.0,0.0005
2024-11-14,-1,0.0,time,5.0,0.0539
2024-11-15,-1,0.0,time,5.0,0.0353
2024-11-16,-1,0.0,upper,5.0,0.0836
2024-11-17,-1,0.0,upper,4.0,0.0921
2024-11-18,-1,0.0,upper,3.0,0.0844
2024-11-19,-1,0.0,upper,2.0,0.0656
2024-11-20,-1,1.0,time,5.0,-0.0129
2024-11-21,-1,1.0,lower,5.0,-0.0691
2024-11-22,-1,1.0,lower,3.0,-0.0617
2024-11-23,-1,1.0,lower,3.0,-0.0606
2024-11-24,-1,1.0,lower,2.0,-0.0641
2024-11-25,-1,0.0,time,5.0,0.037
2024-11-26,-1,0.0,time,5.0,0.0569
2024-11-27,-1,1.0,time,5.0,-0.0015
2024-11-28,-1,0.0,time,5.0,0.0039
2024-11-29,-1,0.0,time,5.0,0.0145
2024-11-30,-1,0.0,time,5.0,0.0071
2024-12-01,-1,0.0,time,5.0,0.027
2024-12-02,-1,0.0,time,5.0,0.0404
2024-12-03,-1,0.0,upper,5.0,0.0528
2024-12-04,-1,1.0,time,5.0,-0.0156
2024-12-05,-1,1.0,time,5.0,-0.0057
2024-12-06,-1,0.0,time,5.0,0.0114
2024-12-07,-1,0.0,time,5.0,0.0022
2024-12-08,-1,1.0,lower,2.0,-0.0463
2024-12-09,-1,0.0,time,5.0,0.0404
2024-12-10,-1,0.0,upper,5.0,0.0802
2024-12-11,-1,0.0,time,5.0,0.0478
2024-12-12,-1,0.0,upper,4.0,0.059
2024-12-13,-1,1.0,time,5.0,-0.0099
2024-12-14,-1,1.0,time,5.0,-0.0353
2024-12-15,-1,1.0,lower,4.0,-0.0679
2024-12-16,-1,1.0,lower,2.0,-0.0554
2024-12-17,-1,1.0,lower,1.0,-0.055
2024-12-18,-1,1.0,lower,5.0,-0.0586
2024-12-19,-1,0.0,time,5.0,0.0086
2024-12-20,-1,0.0,time,5.0,0.0168
2024-12-21,-1,1.0,time,5.0,-0.0158
2024-12-22,-1,1.0,time,5.0,-0.008
2024-12-23,-1,0.0,upper,2.0,0.0485
2024-12-24,-1,1.0,time,5.0,-0.0523
2024-12-25,-1,1.0,lower,2.0,-0.0518
2024-12-26,-1,1.0,time,5.0,-0.0229
2024-12-27,-1,1.0,time,4.0,-0.0088
2024-12-28,-1,1.0,time,3.0,-0.0178
2024-12-29,-1,1.0,time,2.0,-0.0017
2024-12-30,-1,0.0,time,1.0,0.0095
2024-12-31,-1,,,,
