date,spot_cvd_sum
2019-03-30,11762.969368880007
2019-03-31,11241.570309479992
2019-04-01,11864.648963399995
2019-04-02,18930.67741436674
2019-04-03,8737.452006623133
2019-04-04,7095.878808160822
2019-04-05,11538.304223720512
2019-04-06,13000.395201509988
2019-04-07,11813.438813390008
2019-04-08,6958.359268237489
2019-04-09,7763.706771804505
2019-04-10,12951.330761519996
2019-04-11,1815.2904575799903
2019-04-12,9460.920404829998
2019-04-13,8870.875935030006
2019-04-14,12219.0639911526
2019-04-15,6165.431511920002
2019-04-16,11352.997375709996
2019-04-17,9423.481000600008
2019-04-18,11934.023598089994
2019-04-19,11512.67481632
2019-04-20,13159.701053690003
2019-04-21,11725.186227069991
2019-04-22,15099.348780460006
2019-04-23,13331.970372059992
2019-04-24,5490.962030844396
2019-04-25,-1044.6744110699724
2019-04-26,14783.952311380002
2019-04-27,8468.412465760004
2019-04-28,7869.297316920001
2019-04-29,9355.27236581501
2019-04-30,13421.779304549997
2019-05-01,12429.369806540002
2019-05-02,10480.16183477
2019-05-03,15033.137653559996
2019-05-04,10896.212730830026
2019-05-05,7711.21712629
2019-05-06,8973.79052659
2019-05-07,3493.332885990005
2019-05-08,10649.90618578
2019-05-09,14719.628547579994
2019-05-10,9303.104929999978
2019-05-11,14727.231419970012
2019-05-12,-7801.01719757016
2019-05-13,10219.378269619994
2019-05-14,3618.309520126857
2019-05-15,5607.153992279995
2019-05-16,-3004.7187272624947
2019-05-17,-9693.314618749935
2019-05-18,4608.569857940004
2019-05-19,7307.850739919998
2019-05-20,-1596.817663231314
2019-05-21,97.26849286999796
2019-05-22,-1552.868154339997
2019-05-23,7165.8696159199935
2019-05-24,5728.764683020027
2019-05-25,4349.847679735324
2019-05-26,11533.82027390007
2019-05-27,6451.7582919100605
2019-05-28,5469.029879379155
2019-05-29,4984.05377301001
2019-05-30,-3071.806248969926
2019-05-31,12283.97006422998
2019-06-01,4555.217457589991
2019-06-02,4781.795270690005
2019-06-03,-5861.181204280084
2019-06-04,-5810.979628359988
2019-06-05,4643.8094822799985
2019-06-06,3740.997531230009
2019-06-07,6272.553328779984
2019-06-08,3126.5777788800015
2019-06-09,-452.3340548599966
2019-06-10,8477.755044339985
2019-06-11,6902.234300240002
2019-06-12,9746.212909729997
2019-06-13,7438.825608479994
2019-06-14,13472.57188363999
2019-06-15,8693.53664484
2019-06-16,5979.082527560011
2019-06-17,9581.475816380003
2019-06-18,7594.9139940700115
2019-06-19,7677.383044609992
2019-06-20,10755.200611399994
2019-06-21,19454.42681028997
2019-06-22,6943.4215582700535
2019-06-23,10312.977564429992
2019-06-24,1679.7920085200112
2019-06-25,12979.435928979989
2019-06-26,18142.737811322673
2019-06-27,-34921.33436092562
2019-06-28,9971.076308786698
2019-06-29,-3169.508918224705
2019-06-30,-4725.358187595371
2019-07-01,-12538.812926929068
2019-07-02,-2815.8497920620553
2019-07-03,11290.433105184242
2019-07-04,-6687.840012321557
2019-07-05,527.9318159695307
2019-07-06,308.4519821292116
2019-07-07,7542.166542765572
2019-07-08,8274.514472903222
2019-07-09,3523.6190611645
2019-07-10,-20323.051697062263
2019-07-11,-5477.575297020754
2019-07-12,13361.020646779984
2019-07-13,-4042.179356639995
2019-07-14,-13293.397559189976
2019-07-15,4899.667057820018
2019-07-16,-9280.993268189975
2019-07-17,2351.7130503500084
2019-07-18,12576.60759172994
2019-07-19,-1705.7941013000082
2019-07-20,5820.369105230005
2019-07-21,-1564.01711977999
2019-07-22,-3522.930613429998
2019-07-23,-856.1144966399983
2019-07-24,2580.4560771599963
2019-07-25,754.3634761800103
2019-07-26,2471.851894190001
2019-07-27,-3542.996934149955
2019-07-28,-2032.200364399975
2019-07-29,1831.5269543200063
2019-07-30,2830.644757129991
2019-07-31,7814.925337599997
2019-08-01,4079.1166835399895
2019-08-02,1608.9723485000086
2019-08-03,3692.917283280003
2019-08-04,2871.3777502900166
2019-08-05,8336.011267109981
2019-08-06,-4237.356103759978
2019-08-07,3535.092700889988
2019-08-08,1886.344210460013
2019-08-09,1765.1299764800035
2019-08-10,-12411.199317530063
2019-08-11,4281.347153450003
2019-08-12,-487.25878558999693
2019-08-13,-11468.722162639966
2019-08-14,-12355.093569669976
2019-08-15,1043.3766821099905
2019-08-16,806.8069559100169
2019-08-17,-909.8988191199924
2019-08-18,3170.3569093499977
2019-08-19,9924.778677449942
2019-08-20,-926.1787153399986
2019-08-21,-8355.895275109955
2019-08-22,2508.565249240006
2019-08-23,2582.7534600099934
2019-08-24,-690.2828641799871
2019-08-25,-1509.2007342299949
2019-08-26,4370.610633410022
2019-08-27,462.901164729999
2019-08-28,-4840.309606859957
2019-08-29,-3337.9520735899873
2019-08-30,1903.261128907997
2019-08-31,797.0660168782001
2019-09-01,4820.2087545903005
2019-09-02,14174.85706203959
2019-09-03,4548.902416116416
2019-09-04,-54.41707418221597
2019-09-05,-1086.4198487342946
2019-09-06,-1682.116231428599
2019-09-07,6621.6351732950025
2019-09-08,-419.56417616239264
2019-09-09,-2793.2438851120028
2019-09-10,-1243.1761120317876
2019-09-11,3554.127415253016
2019-09-12,6398.996774656704
2019-09-13,7347.597721135501
2019-09-14,6535.354537032
2019-09-15,-75.64627376570004
2019-09-16,-1258.7051529333953
2019-09-17,-394.92102670119726
2019-09-18,-667.177139518594
2019-09-19,3228.548906198316
2019-09-20,-615.8921739217001
2019-09-21,-2761.8226889740818
2019-09-22,1087.7241804340017
2019-09-23,-3996.122967810992
2019-09-24,-21839.67095890023
2019-09-25,1644.8599731052968
2019-09-26,-2624.3301445281495
2019-09-27,3033.928944416204
2019-09-28,1869.2353508881
2019-09-29,-2519.4377624783956
2019-09-30,7227.230143109611
2019-10-01,4745.2298740867955
2019-10-02,1341.7310729572016
2019-10-03,-2180.275442899799
2019-10-04,1866.799557315002
2019-10-05,-525.2098968824022
2019-10-06,-3693.6995528092807
2019-10-07,7382.49663833031
2019-10-08,-991.5216722502018
2019-10-09,7255.7689182324675
2019-10-10,2720.9158197459965
2019-10-11,-5525.457168667263
2019-10-12,2705.5466975725
2019-10-13,1804.4532278874235
2019-10-14,1520.3399909430964
2019-10-15,331.0406687000067
2019-10-16,-3695.683371868696
2019-10-17,3361.2442295160004
2019-10-18,-1127.5257234375972
2019-10-19,2450.3143157317018
2019-10-20,4172.264697177801
2019-10-21,1905.896825813602
2019-10-22,-4763.129893928192
2019-10-23,-16463.237316922878
2019-10-24,-979.6144911442
2019-10-25,13590.92065655507
2019-10-26,473.6740004686115
2019-10-27,2640.1408641819844
2019-10-28,2790.117321717983
2019-10-29,513.6312219266279
2019-10-30,-1967.867696632804
2019-10-31,-766.655911179996
2019-11-01,4037.7376218683967
2019-11-02,3917.529983743196
2019-11-03,-3157.1862446857976
2019-11-04,5990.900683581904
2019-11-05,244.90953049470124
2019-11-06,646.0061036924983
2019-11-07,-618.680642248786
2019-11-08,-8073.302644166893
2019-11-09,1280.9138983638015
2019-11-10,3539.761749199896
2019-11-11,-2205.6628091242897
2019-11-12,774.0017944161111
2019-11-13,1383.2987601212003
2019-11-14,-765.8660617663006
2019-11-15,-3787.34971317778
2019-11-16,318.45417908479965
2019-11-17,1072.789520600401
2019-11-18,-6198.872336058682
2019-11-19,494.356074054902
2019-11-20,1304.4911124592222
2019-11-21,-14579.808424526218
2019-11-22,-16264.477309045518
2019-11-23,4206.299944079356
2019-11-24,-8362.406347059783
2019-11-25,3090.902302446929
2019-11-26,-159.16291019877303
2019-11-27,7917.724654781324
2019-11-28,1407.333539908867
2019-11-29,8290.646329700237
2019-11-30,945.1603461289856
2019-12-01,-1959.0962322578189
2019-12-02,1094.1895268394137
2019-12-03,1279.9421262472154
2019-12-04,-3785.9713814052334
2019-12-05,6333.151223480221
2019-12-06,7738.159047046647
2019-12-07,103.80127211051716
2019-12-08,1951.6877126547183
2019-12-09,631.4554946325028
2019-12-10,-736.6800944550707
2019-12-11,3188.9091655356233
2019-12-12,314.32936984323214
2019-12-13,3448.6620934987577
2019-12-14,-3339.7521670788765
2019-12-15,2911.5758913645914
2019-12-16,2524.718124431622
2019-12-17,-1142.92229472777
2019-12-18,20517.7676847065
2019-12-19,363.3539210987308
2019-12-20,5730.865273195215
2019-12-21,2469.9297131448257
2019-12-22,9047.62665109026
2019-12-23,368.3469006799995
2019-12-24,565.2555063704143
2019-12-25,1516.8080524589004
2019-12-26,4614.097064895766
2019-12-27,66.57534116797538
2019-12-28,1480.3278085346726
2019-12-29,3948.616024921424
2019-12-30,-9.347211836280891
2019-12-31,-689.7086895963944
2020-01-01,990.9822941890994
2020-01-02,-1815.9271271998768
2020-01-03,6157.597439957873
2020-01-04,2987.9243827750975
2020-01-05,11.037326478631908
2020-01-06,11585.464647296732
2020-01-07,17513.65017498707
2020-01-08,-13300.827721990598
2020-01-09,-1776.0472584244017
2020-01-10,7543.315090086391
2020-01-11,2361.9620055096293
2020-01-12,2935.342118431196
2020-01-13,125.80029975749753
2020-01-14,16067.375231636252
2020-01-15,2261.08399996985
2020-01-16,1065.439181590164
2020-01-17,7680.203443312601
2020-01-18,1629.4107326371225
2020-01-19,-6344.734760562245
2020-01-20,314.1203832067642
2020-01-21,1630.0436559395753
2020-01-22,1633.0688389668549
2020-01-23,-5072.1054372743165
2020-01-24,1229.8328644591188
2020-01-25,1762.6883010615072
2020-01-26,5831.621595983156
2020-01-27,9695.668936256983
2020-01-28,9048.894065087226
2020-01-29,181.53028014837997
2020-01-30,3633.8867209743976
2020-01-31,-1626.9104991096578
2020-02-01,2235.630667732473
2020-02-02,1308.551789882766
2020-02-03,2848.072635802678
2020-02-04,-5544.006253432535
2020-02-05,12798.925118450012
2020-02-06,1412.7549762148135
2020-02-07,2390.1798399534537
2020-02-08,3676.534070200475
2020-02-09,7471.025798028517
2020-02-10,-6518.033043408447
2020-02-11,3560.162545287871
2020-02-12,5169.313774241523
2020-02-13,-3158.6635021406146
2020-02-14,4284.266902469546
2020-02-15,-8773.37291819835
2020-02-16,-2227.1051439263774
2020-02-17,-1305.833067004108
2020-02-18,7140.730300801826
2020-02-19,-11449.755607563342
2020-02-20,-1236.818479951858
2020-02-21,8525.504443678878
2020-02-22,4058.316213166048
2020-02-23,7762.663007948927
2020-02-24,-1646.8277105656532
2020-02-25,-3694.792371575173
2020-02-26,-26785.736141068064
2020-02-27,-5298.297425702693
2020-02-28,1914.649200656535
2020-02-29,3153.9985873780574
2020-03-01,-1891.4657473195332
2020-03-02,5185.358582867316
2020-03-03,-5823.835740982917
2020-03-04,-4614.74673923492
2020-03-05,4471.20969954048
2020-03-06,242.10280452881585
2020-03-07,-4446.38689132136
2020-03-08,-38243.718670804825
2020-03-09,-20035.96025464424
2020-03-10,940.3068021148226
2020-03-11,543.9076260903877
2020-03-12,-93856.59749970914
2020-03-13,11204.547740017591
2020-03-14,-6395.10145785545
2020-03-15,8180.250076341895
2020-03-16,-31342.309229965056
2020-03-17,7573.550421346389
2020-03-18,-3320.1913615819185
2020-03-19,29026.589202888463
2020-03-20,-3984.034905622735
2020-03-21,3741.136616102939
2020-03-22,-11928.339497986415
2020-03-23,14628.695538789889
2020-03-24,6824.29655140909
2020-03-25,93.4656177386433
2020-03-26,8113.873997672507
2020-03-27,-6567.814475589744
2020-03-28,-6986.609220034185
2020-03-29,1735.599903220922
2020-03-30,15291.60959247264
2020-03-31,-5110.813414370291
2020-04-01,13808.595203501163
2020-04-02,2889.6205296095854
2020-04-03,7847.727902374931
2020-04-04,6934.304995388455
2020-04-05,-2695.7748162689545
2020-04-06,16862.563283645213
2020-04-07,-3131.310109481368
2020-04-08,8041.750261290354
2020-04-09,-6158.581487699328
2020-04-10,-14170.393318699267
2020-04-11,4571.603953297356
2020-04-12,4913.33291278487
2020-04-13,-8039.123631615799
2020-04-14,-4035.2059237937456
2020-04-15,5840.91999234093
2020-04-16,1286.654806892707
2020-04-17,2205.572406430745
2020-04-18,8246.751730941554
2020-04-19,-1595.9436331438303
2020-04-20,-9846.505620589594
2020-04-21,5246.281189914121
2020-04-22,-1388.902940021443
2020-04-23,16230.25826666034
2020-04-24,2315.078455786515
2020-04-25,3223.27440300297
2020-04-26,5966.019425516318
2020-04-27,5184.377881693427
2020-04-28,5512.1195294641375
2020-04-29,27914.293414797776
2020-04-30,-4821.2187748269025
2020-05-01,4823.244825210666
2020-05-02,3512.388808355891
2020-05-03,2199.64582038036
2020-05-04,-3494.9779115525193
2020-05-05,3756.7933680886376
2020-05-06,7289.653570691826
2020-05-07,19823.28928979645
2020-05-08,-1311.028809049723
2020-05-09,-11231.5015796037
2020-05-10,-28889.28840906556
2020-05-11,4092.7982419114937
2020-05-12,2912.7868280665425
2020-05-13,9201.415385093223
2020-05-14,5613.602722164405
2020-05-15,-9134.283698369034
2020-05-16,-1360.04748601046
2020-05-17,5345.725161887847
2020-05-18,3648.680552699359
2020-05-19,3182.0775288619643
2020-05-20,-13980.097990845952
2020-05-21,-12993.09433436344
2020-05-22,7365.799293384093
2020-05-23,-226.64015863698071
2020-05-24,-12504.405074760334
2020-05-25,-5937.318368144248
2020-05-26,619.3270428075275
2020-05-27,4746.628475739969
2020-05-28,17219.763222059955
2020-05-29,-4443.969664157108
2020-05-30,12646.074385671502
2020-05-31,2708.980731675465
2020-06-01,31843.53408686443
2020-06-02,-20560.68560062734
2020-06-03,7446.54369107405
2020-06-04,3316.50742335126
2020-06-05,-4299.087732530205
2020-06-06,-964.0784984346984
2020-06-07,1651.9981391631425
2020-06-08,6400.388732647576
2020-06-09,4637.6675404444595
2020-06-10,8600.465858191632
2020-06-11,-32629.724435799384
2020-06-12,2640.498866881684
2020-06-13,-2017.375313355158
2020-06-14,-2287.2085845753068
2020-06-15,-8763.638902682174
2020-06-16,3427.1765033647544
2020-06-17,-4239.51403394792
2020-06-18,-4857.876229669249
2020-06-19,-3882.943178578686
2020-06-20,-1827.7011178277403
2020-06-21,4626.649523877071
2020-06-22,17814.489620742064
2020-06-23,13554.680686647607
2020-06-24,-14026.178444127556
2020-06-25,-5657.953962717017
2020-06-26,-3019.9053685161766
2020-06-27,-3414.3972818160464
2020-06-28,5735.501975544944
2020-06-29,7775.465719692204
2020-06-30,6674.23735208798
2020-07-01,6777.982280394596
2020-07-02,783.3375528781407
2020-07-03,4153.700012063968
2020-07-04,3567.8982234983637
2020-07-05,-1114.3208996870992
2020-07-06,16513.24652285575
2020-07-07,3662.266990428108
2020-07-08,7035.765817919063
2020-07-09,-5732.137538186745
2020-07-10,6617.031608944457
2020-07-11,3132.9265650616453
2020-07-12,-346.78988757429573
2020-07-13,6683.1996500969435
2020-07-14,-3072.0422907719785
2020-07-15,-3378.7517393867547
2020-07-16,5894.93536295208
2020-07-17,-2745.476457890418
2020-07-18,7393.024338530714
2020-07-19,62.97945153537905
2020-07-20,8413.486609355434
2020-07-21,2416.6581058471656
2020-07-22,1459.2561644131647
2020-07-23,-268.10112996036617
2020-07-24,-6687.972287220233
2020-07-25,-2152.447088804923
2020-07-26,10278.0265522177
2020-07-27,31159.767235687406
2020-07-28,-4957.485628074781
2020-07-29,4001.4217018747854
2020-07-30,-5297.673068250057
2020-07-31,3956.501277622213
2020-08-01,14649.636985964842
2020-08-02,-6030.345230195671
2020-08-03,-892.9286062974377
2020-08-04,-9447.93162175267
2020-08-05,3192.9860317960793
2020-08-06,-7417.393789113767
2020-08-07,-10471.711637380526
2020-08-08,3267.643325354245
2020-08-09,-5976.577918077596
2020-08-10,1150.670879843422
2020-08-11,-11905.68409551566
2020-08-12,-2940.6877379571843
2020-08-13,2649.053398886145
2020-08-14,-5035.617735831591
2020-08-15,-1983.3169160699983
2020-08-16,-1281.6755471345648
2020-08-17,6579.498299646337
2020-08-18,-8257.57169643849
2020-08-19,-9324.04679341405
2020-08-20,-6566.623961106005
2020-08-21,-10092.083012183552
2020-08-22,-7025.081432363547
2020-08-23,-6077.452804228807
2020-08-24,-1341.0979464274774
2020-08-25,-11343.917340016496
2020-08-26,-2340.5954263704657
2020-08-27,-8490.752953831203
2020-08-28,-5658.815858371191
2020-08-29,-8650.472750283701
2020-08-30,4479.590449467372
2020-08-31,1066.5125058187916
2020-09-01,3177.8400800663035
2020-09-02,-9752.7962034035
2020-09-03,-29960.52326825803
2020-09-04,-9179.804856325853
2020-09-05,-12090.593709518043
2020-09-06,2206.6587642286236
2020-09-07,-5222.716561061466
2020-09-08,-9982.11681416266
2020-09-09,-113.11946287303488
2020-09-10,-4765.590048679528
2020-09-11,-3294.470397959127
2020-09-12,-4659.070677930968
2020-09-13,-7404.3398816646195
2020-09-14,-601.7927109778587
2020-09-15,1644.8294776497703
2020-09-16,-2744.8793441466223
2020-09-17,-1958.8493071499297
2020-09-18,-650.4218920087689
2020-09-19,2391.84933362711
2020-09-20,-5298.847281101893
2020-09-21,-7940.537301078881
2020-09-22,-997.926050023346
2020-09-23,-5184.886455871938
2020-09-24,1234.188674965557
2020-09-25,-1353.4354927602783
2020-09-26,2058.8188839056475
2020-09-27,-2953.61641253283
2020-09-28,-2717.868465142886
2020-09-29,-2408.6342909844225
2020-09-30,-1201.0320715274725
2020-10-01,-6065.885304959474
2020-10-02,-4045.405307713553
2020-10-03,-3346.8346137814387
2020-10-04,1975.3820527443436
2020-10-05,-1869.8038908200317
2020-10-06,-3143.398867803801
2020-10-07,-3402.8477965877446
2020-10-08,2526.934929946853
2020-10-09,5718.361622918838
2020-10-10,5675.67367848875
2020-10-11,-2139.285317209705
2020-10-12,3044.4596355617905
2020-10-13,-4540.544668678045
2020-10-14,-3162.866357898858
2020-10-15,2276.567230746613
2020-10-16,-5125.373130879747
2020-10-17,356.79886558212104
2020-10-18,6967.157447618032
2020-10-19,4117.532064933456
2020-10-20,6356.852256750636
2020-10-21,21157.677102336733
2020-10-22,87.42668717807638
2020-10-23,-1272.406971019964
2020-10-24,2060.922345696901
2020-10-25,-1690.297061962718
2020-10-26,-2321.9275934276666
2020-10-27,8102.830710672246
2020-10-28,-7536.302980440389
2020-10-29,1230.0807945497336
2020-10-30,-2184.310457432995
2020-10-31,11035.552311043566
2020-11-01,-4339.544834574399
2020-11-02,-9593.442533991229
2020-11-03,6685.3933472713625
2020-11-04,3780.986529946475
2020-11-05,17352.09443294292
2020-11-06,-2877.7863896183176
2020-11-07,-21896.163084633317
2020-11-08,539.4117361306089
2020-11-09,-6310.212252522243
2020-11-10,-5385.557932151031
2020-11-11,8523.724932227631
2020-11-12,9047.23725897117
2020-11-13,-1184.4404919606184
2020-11-14,-5616.149847911209
2020-11-15,404.5750971096903
2020-11-16,9099.83919072494
2020-11-17,16181.441942415717
2020-11-18,-115.74441189447096
2020-11-19,-1650.923150482855
2020-11-20,7327.140334241943
2020-11-21,-1554.63160065082
2020-11-22,-10730.011721013232
2020-11-23,-3382.5946566586445
2020-11-24,5658.721378735975
2020-11-25,-6412.96552452588
2020-11-26,-31853.17029769072
2020-11-27,2584.765952266594
2020-11-28,5917.021301796893
2020-11-29,2709.769446167604
2020-11-30,13981.206426402716
2020-12-01,-6652.253729400681
2020-12-02,-1487.54873440389
2020-12-03,3898.297598859021
2020-12-04,-6973.656810208558
2020-12-05,1563.2712679255308
2020-12-06,1167.96516212373
2020-12-07,-2515.675994656315
2020-12-08,-11055.91281682939
2020-12-09,-9689.104205245769
2020-12-10,-4470.8382860752445
2020-12-11,-3917.982517223262
2020-12-12,6547.707531110602
2020-12-13,4641.700706998184
2020-12-14,-2231.7351587799853
2020-12-15,3129.1076027300855
2020-12-16,29348.4098912873
2020-12-17,6497.68437569999
2020-12-18,480.48807767318374
2020-12-19,4461.899732271095
2020-12-20,-3446.4289915218
2020-12-21,-4757.284801758515
2020-12-22,4696.134428413678
2020-12-23,-5303.114649635013
2020-12-24,5692.593256646047
2020-12-25,6649.1119500111845
2020-12-26,9974.51828611194
2020-12-27,-2632.9480948031483
2020-12-28,-4392.5510635695955
2020-12-29,760.5995486080221
2020-12-30,5169.665343689765
2020-12-31,11.304293712608398
2021-01-01,302.76925173266943
2021-01-02,13766.947531950593
2021-01-03,763.8368485850872
2021-01-04,-6472.353772936986
2021-01-05,9706.303595394029
2021-01-06,7908.305263332934
2021-01-07,12312.667063568506
2021-01-08,-71.93817665772576
2021-01-09,-851.2184292887031
2021-01-10,-18371.06203844622
2021-01-11,-28577.24528745551
2021-01-12,-6150.405113682075
2021-01-13,12608.65112588342
2021-01-14,-482.9822864970195
2021-01-15,-4895.5140488332745
2021-01-16,-4449.78885431162
2021-01-17,-3197.334755147957
2021-01-18,1054.710877827533
2021-01-19,-4100.805391214155
2021-01-20,-6935.519620436212
2021-01-21,-23804.111984907708
2021-01-22,-2232.0258332756675
2021-01-23,-1282.8408324960808
2021-01-24,-2047.4602347251953
2021-01-25,1663.4086492070924
2021-01-26,-664.5618741146799
2021-01-27,-4221.693724773691
2021-01-28,1580.7416762029204
2021-01-29,8651.432226926
2021-01-30,595.0195304318438
2021-01-31,-5147.216734326924
2021-02-01,3670.0206925374578
2021-02-02,3938.9709655556367
2021-02-03,2723.514439080763
2021-02-04,-3095.6615089126203
2021-02-05,1414.7163825093785
2021-02-06,10537.515361716169
2021-02-07,-4548.57216768375
2021-02-08,23413.996486500942
2021-02-09,3748.3747415834464
2021-02-10,4815.043626456969
2021-02-11,8115.573602434844
2021-02-12,-1030.921855012379
2021-02-13,-840.9346216474078
2021-02-14,9096.70526940344
2021-02-15,-4727.33101709334
2021-02-16,10221.031996004163
2021-02-17,11806.089859129292
2021-02-18,-1066.6064661789258
2021-02-19,12934.591266987432
2021-02-20,-5033.904429644793
2021-02-21,5449.858057082826
2021-02-22,-10673.310745805644
2021-02-23,-14414.137442092837
2021-02-24,1957.2057778653525
2021-02-25,-4471.997401444547
2021-02-26,-8415.589985920724
2021-02-27,-3913.3381019512294
2021-02-28,-5040.111557552262
2021-03-01,7575.635513683655
2021-03-02,788.0978356966999
2021-03-03,4880.35080935346
2021-03-04,-2079.920448065277
2021-03-05,-303.83495305608574
2021-03-06,-2919.3505687675297
2021-03-07,544.3422747370405
2021-03-08,1854.4717912262051
2021-03-09,1381.2566098948846
2021-03-10,1956.1672143913304
2021-03-11,1479.5274278511738
2021-03-12,-1569.4219167451545
2021-03-13,14154.805368648356
2021-03-14,-3385.976183637773
2021-03-15,-4612.3209431833375
2021-03-16,-1569.1803616756797
2021-03-17,4146.473381589246
2021-03-18,503.0789515569618
2021-03-19,6.479415001407162
2021-03-20,894.7280323484093
2021-03-21,-223.34243801337388
2021-03-22,-3675.3280269302736
2021-03-23,-1068.8781481407218
2021-03-24,-4553.8267817747455
2021-03-25,33.06697194001507
2021-03-26,4144.788941579164
2021-03-27,-1234.4806448902966
2021-03-28,-2718.6551480232197
2021-03-29,4062.524097126766
2021-03-30,2860.7613969134873
2021-03-31,-474.30043479651806
2021-04-01,-4088.040027912474
2021-04-02,-713.5626984510088
2021-04-03,-5019.845240802458
2021-04-04,-137.50992552910847
2021-04-05,-85.78253349390793
2021-04-06,-1456.4730227309185
2021-04-07,-1110.8764017969556
2021-04-08,1246.5077343033684
2021-04-09,-417.7867997882329
2021-04-10,2977.0439181043575
2021-04-11,105.50276897329556
2021-04-12,-556.9928372980141
2021-04-13,9412.213335320495
2021-04-14,-3585.354527111015
2021-04-15,674.0036531863262
2021-04-16,-2683.6455711446556
2021-04-17,-1476.0251788505568
2021-04-18,-5201.729398366656
2021-04-19,1234.4962977023408
2021-04-20,522.5120443425641
2021-04-21,-6757.713602100481
2021-04-22,-12905.707613635204
2021-04-23,-13096.396249046473
2021-04-24,-631.0951848135902
2021-04-25,-6333.560621350276
2021-04-26,5347.321560554583
2021-04-27,-1952.465644799576
2021-04-28,-1985.1491012104264
2021-04-29,-331.68911591044474
2021-04-30,9277.115074519854
2021-05-01,-317.0365034904906
2021-05-02,-2668.753233505244
2021-05-03,-557.6973778188747
2021-05-04,-7317.78575986722
2021-05-05,600.4589633584602
2021-05-06,-1205.1613743276553
2021-05-07,2028.516568820318
2021-05-08,1442.49862216901
2021-05-09,-2715.1376374173706
2021-05-10,-5380.272637470261
2021-05-11,-2431.7104689139483
2021-05-12,-12039.626417448924
2021-05-13,-7444.966840235298
2021-05-14,-3959.9883894693903
2021-05-15,-8684.040575381649
2021-05-16,-7847.607457812539
2021-05-17,-13295.550761142573
2021-05-18,-5116.047229558297
2021-05-19,-47142.34179164487
2021-05-20,6096.383528846968
2021-05-21,-14587.432443064325
2021-05-22,-1682.7441925335254
2021-05-23,-11275.38530808922
2021-05-24,4965.8430137198775
2021-05-25,-3959.143168272888
2021-05-26,-4090.6982766401034
2021-05-27,-1588.5252135209048
2021-05-28,-10834.595496364076
2021-05-29,-4015.4430159562817
2021-05-30,-250.2807899223585
2021-05-31,-246.84616833664245
2021-06-01,-1658.6173167975812
2021-06-02,2540.456295120447
2021-06-03,1861.362802581814
2021-06-04,-10186.38876836064
2021-06-05,-3184.1504841614696
2021-06-06,4041.717895153013
2021-06-07,-6681.578412690366
2021-06-08,-5008.498885024939
2021-06-09,19275.1743803643
2021-06-10,-344.5608528403347
2021-06-11,408.91808630174864
2021-06-12,-9514.334300064842
2021-06-13,11445.26492257034
2021-06-14,3075.0664326132055
2021-06-15,-437.74467553954946
2021-06-16,-6774.874402400844
2021-06-17,-3708.9732621218127
2021-06-18,-9312.621733894726
2021-06-19,-8209.446280430595
2021-06-20,-12640.207252999267
2021-06-21,-14759.261478451506
2021-06-22,-15257.842254275649
2021-06-23,3403.103499101928
2021-06-24,5768.599469862356
2021-06-25,9335.333804331593
2021-06-26,-13199.276272683794
2021-06-27,-10774.334594257512
2021-06-28,81.05484931269879
2021-06-29,3099.101155914595
2021-06-30,-6027.353031684427
2021-07-01,-3325.913506030119
2021-07-02,-364.91484611886005
2021-07-03,1939.9906545974577
2021-07-04,-432.12916336282154
2021-07-05,-4849.129450908945
2021-07-06,-333.9511770767116
2021-07-07,-6322.035327375013
2021-07-08,1723.8717895900809
2021-07-09,5249.881201443676
2021-07-10,990.47499048292
2021-07-11,5527.27430125096
2021-07-12,435.73715530542506
2021-07-13,-2444.1091302941772
2021-07-14,-2501.820850276363
2021-07-15,-2532.806891422191
2021-07-16,-7733.304342208477
2021-07-17,-2632.465322571584
2021-07-18,-1450.7081206921969
2021-07-19,-9019.326989327395
2021-07-20,-12616.902660205991
2021-07-21,6670.759202584471
2021-07-22,236.31631529792804
2021-07-23,-6110.961573573081
2021-07-24,3577.972617811062
2021-07-25,6665.99911688949
2021-07-26,12700.374641654986
2021-07-27,5939.71218460847
2021-07-28,-2567.64102020345
2021-07-29,-1611.9106747544192
2021-07-30,2612.7589691774
2021-07-31,2339.248910620004
2021-08-01,-7157.947468502389
2021-08-02,-2826.5295890507705
2021-08-03,-5725.0985589061875
2021-08-04,2000.943495313559
2021-08-05,1621.277116632186
2021-08-06,6323.028364885603
2021-08-07,8206.557597267989
2021-08-08,-1765.6142086949226
2021-08-09,1736.5801477380733
2021-08-10,-3085.895675585326
2021-08-11,750.8806913935441
2021-08-12,-5456.558922892262
2021-08-13,7831.660406990166
2021-08-14,-3059.4952858247425
2021-08-15,-1512.0845506233386
2021-08-16,804.5686851334534
2021-08-17,-3827.806387714126
2021-08-18,-1439.63108397549
2021-08-19,1375.1356357288228
2021-08-20,4470.786893486519
2021-08-21,-2030.4315566695616
2021-08-22,377.2355496270927
2021-08-23,-2318.5638023313636
2021-08-24,-6440.002775673517
2021-08-25,-3317.4854694740334
2021-08-26,-7819.728033244102
2021-08-27,3763.535008309325
2021-08-28,-368.054351879652
2021-08-29,-1918.728456903111
2021-08-30,-1334.5564948443591
2021-08-31,517.2577737746238
2021-09-01,-399.98814016174254
2021-09-02,614.8266437281641
2021-09-03,-643.5810404831228
2021-09-04,-2433.575487677378
2021-09-05,4131.513627124552
2021-09-06,-6209.122845515342
2021-09-07,-16854.475361039986
2021-09-08,-4984.855735867609
2021-09-09,-789.3192228506675
2021-09-10,-5454.722785111465
2021-09-11,-144.69591545147608
2021-09-12,-487.4179684504584
2021-09-13,-3237.9898895474316
2021-09-14,-5000.315304499071
2021-09-15,-2476.0160082092357
2021-09-16,-4053.758577989287
2021-09-17,-2354.1560732255803
2021-09-18,-4318.586267655413
2021-09-19,-4074.405543152303
2021-09-20,-12435.361385551165
2021-09-21,-10813.43789482343
2021-09-22,7843.101519102105
2021-09-23,2759.9265421367168
2021-09-24,-5215.980238406104
2021-09-25,923.2584237274764
2021-09-26,35.66468776465581
2021-09-27,-7570.78336707433
2021-09-28,-1666.676813119293
2021-09-29,757.3364001087516
2021-09-30,2477.413479269589
2021-10-01,1617.5190875501503
2021-10-02,-1181.443505308614
2021-10-03,-1013.3089019662616
2021-10-04,-1842.2367239059856
2021-10-05,4822.300948180153
2021-10-06,2593.9322922400456
2021-10-07,-5709.1511636749365
2021-10-08,-710.7048052862149
2021-10-09,-5044.837451457637
2021-10-10,502.2585994747381
2021-10-11,4960.956126714816
2021-10-12,-5414.467994444943
2021-10-13,1115.897089732024
2021-10-14,-5822.514670522544
2021-10-15,11886.720757042254
2021-10-16,-3820.190757619681
2021-10-17,-995.9438956661214
2021-10-18,1396.7126621210812
2021-10-19,-1064.6345829578358
2021-10-20,8476.468154099548
2021-10-21,-11610.441427806256
2021-10-22,-4048.116167852011
2021-10-23,-1401.27755439865
2021-10-24,2000.384977844223
2021-10-25,1513.0075929868624
2021-10-26,-4977.80226411171
2021-10-27,-5131.334301048439
2021-10-28,-3514.6394039792335
2021-10-29,2716.8039655670577
2021-10-30,-71.14266873763633
2021-10-31,2421.642281637824
2021-11-01,-2359.391923191925
2021-11-02,1695.0646195062402
2021-11-03,-3218.369128407588
2021-11-04,-78.34627537691227
2021-11-05,2440.5285972718066
2021-11-06,634.9319547338916
2021-11-07,3766.374629228192
2021-11-08,10265.854762331768
2021-11-09,-2117.6941053301393
2021-11-10,-5085.747003839921
2021-11-11,19.82519659663533
2021-11-12,-2293.5945314755804
2021-11-13,-2179.670017000285
2021-11-14,403.20050981065646
2021-11-15,-2740.0221559845377
2021-11-16,-14469.941289554608
2021-11-17,-5352.594179878225
2021-11-18,-10797.407596967942
2021-11-19,-2242.94664193758
2021-11-20,271.80446325216457
2021-11-21,-3374.567486107029
2021-11-22,-6219.105367992934
2021-11-23,-2763.038758297832
2021-11-24,-2106.6493732532113
2021-11-25,-708.1506749160721
2021-11-26,-11414.0246249008
2021-11-27,185.09428189632396
2021-11-28,519.6430284382294
2021-11-29,-1887.2797604345988
2021-11-30,-5264.048242912108
2021-12-01,-2237.5287881952454
2021-12-02,-293.0102484561325
2021-12-03,-8496.554180071405
2021-12-04,-11580.170936525774
2021-12-05,863.1304954986376
2021-12-06,655.7076836544892
2021-12-07,-1134.930849706071
2021-12-08,-2146.1310087048355
2021-12-09,-2456.225942991342
2021-12-10,-3742.688622589008
2021-12-11,1608.445880015059
2021-12-12,2593.6828725815876
2021-12-13,-6399.353751512093
2021-12-14,-323.9334022292473
2021-12-15,2158.522498094618
2021-12-16,-1745.294192769678
2021-12-17,-3811.455234278274
2021-12-18,2808.1253105227997
2021-12-19,1698.978050445181
2021-12-20,462.4140474503273
2021-12-21,5448.873554839358
2021-12-22,-221.51804629600517
2021-12-23,3084.3980262910095
2021-12-24,-1897.8235943734023
2021-12-25,283.6367225112236
2021-12-26,88.71954877384772
2021-12-27,997.9867755239228
2021-12-28,-2446.255883095852
2021-12-29,2253.7970352004254
2021-12-30,10945.550414145628
2021-12-31,-120.52926182843149
2022-01-01,931.117341367946
2022-01-02,901.771514029772
2022-01-03,1236.9464682516511
2022-01-04,518.2281612653483
2022-01-05,-8458.899109442327
2022-01-06,509.7005617726079
2022-01-07,-4173.999581117174
2022-01-08,49.4685139120789
2022-01-09,1146.6326186938727
2022-01-10,-840.5911979352607
2022-01-11,589.680628824726
2022-01-12,4859.079113668891
2022-01-13,95.69294773589108
2022-01-14,-1691.0110953046164
2022-01-15,-1362.6936022465738
2022-01-16,-963.399445466268
2022-01-17,-1309.779330358392
2022-01-18,-497.017532568522
2022-01-19,260.8868568634152
2022-01-20,-2497.107147398759
2022-01-21,-11522.539710104753
2022-01-22,-10419.891115881948
2022-01-23,749.3917721822517
2022-01-24,1526.548578272091
2022-01-25,-2563.080212664254
2022-01-26,823.5469231330275
2022-01-27,2015.8402864338025
2022-01-28,1774.5184447789973
2022-01-29,2107.3778719797874
2022-01-30,-1088.6157978803503
2022-01-31,-610.291027394598
2022-02-01,3037.9975110533064
2022-02-02,-3050.1951326602884
2022-02-03,2448.3979279078058
2022-02-04,5698.892901517155
2022-02-05,-1387.882039185173
2022-02-06,3151.214428498327
2022-02-07,1906.0314079157977
2022-02-08,756.1875078580374
2022-02-09,-424.6596520548581
2022-02-10,-1962.2596058202537
2022-02-11,-606.2072730795601
2022-02-12,-535.9644808820373
2022-02-13,-1141.562919533366
2022-02-14,989.5686633958304
2022-02-15,1150.6376899686345
2022-02-16,-587.860116079648
2022-02-17,-7872.619501920665
2022-02-18,-3950.103210659832
2022-02-19,-1986.286659750836
2022-02-20,-5834.286799582337
2022-02-21,-3398.1618264260023
2022-02-22,2313.4210577126837
2022-02-23,-2258.7417198061203
2022-02-24,-1498.5762844033593
2022-02-25,5046.044129868001
2022-02-26,489.9396242066973
2022-02-27,-5411.659051881663
2022-02-28,8517.406267089618
2022-03-01,-1716.8200258294298
2022-03-02,-427.18564113269633
2022-03-03,-768.2785813787783
2022-03-04,-9152.396485032245
2022-03-05,-1302.666359738966
2022-03-06,-2414.417838563031
2022-03-07,-1046.780108287024
2022-03-08,-1265.1199701980283
2022-03-09,1993.4959407186516
2022-03-10,-9265.631723104669
2022-03-11,2387.878049735251
2022-03-12,-1331.6848076244848
2022-03-13,-5274.1323081302235
2022-03-14,712.2846818765579
2022-03-15,-2275.381741127827
2022-03-16,149.56881754941833
2022-03-17,-3413.2589872847366
2022-03-18,-1991.4083770841603
2022-03-19,-431.06804786566056
2022-03-20,-3591.0073458568377
2022-03-21,-1660.1536489494392
2022-03-22,2347.1661875806676
2022-03-23,97.4696989776718
2022-03-24,2237.2870079006725
2022-03-25,5237.876283751707
2022-03-26,751.7484839904293
2022-03-27,7100.413045086792
2022-03-28,530.0627192803506
2022-03-29,-313.9173003272929
2022-03-30,639.7998658663405
2022-03-31,-6122.543746432788
2022-04-01,920.1860550447348
2022-04-02,-278.6031891816418
2022-04-03,871.1606370935791
2022-04-04,389.4742216695432
2022-04-05,-46.88471278558515
2022-04-06,-370.32236415432783
2022-04-07,1169.5773577058708
2022-04-08,-2199.062029710208
2022-04-09,578.5036705127912
2022-04-10,-999.2953986332144
2022-04-11,-7648.197329602384
2022-04-12,275.0267708752239
2022-04-13,898.4074506571598
2022-04-14,-3009.459094111059
2022-04-15,-84.2123466144749
2022-04-16,-902.4695427077386
2022-04-17,-2030.247681176074
2022-04-18,1227.5358719611236
2022-04-19,-144.3997013363286
2022-04-20,-3083.297263183437
2022-04-21,-1382.067756490147
2022-04-22,1107.3646262244702
2022-04-23,-1148.9318660207173
2022-04-24,-3092.8241832942567
2022-04-25,-803.9300923149272
2022-04-26,-4948.008226974129
2022-04-27,1409.3074220580793
2022-04-28,346.9641219299255
2022-04-29,-3085.3213507994287
2022-04-30,-3985.821446407166
2022-05-01,905.3477620506056
2022-05-02,3342.055953111545
2022-05-03,940.1933990551444
2022-05-04,7115.435149515082
2022-05-05,-6227.939975053701
2022-05-06,2168.193811039925
2022-05-07,-4285.672909356731
2022-05-08,-15062.623503327652
2022-05-09,-35279.12797464748
2022-05-10,-15908.403369910107
2022-05-11,-18545.128676356817
2022-05-12,-17991.976299992977
2022-05-13,979.3704693919956
2022-05-14,80.95087300027382
2022-05-15,4949.778019084633
2022-05-16,-1597.5865605193123
2022-05-17,3737.7665854559423
2022-05-18,749.2880537198552
2022-05-19,9933.075021932773
2022-05-20,3742.2076612797264
2022-05-21,1355.064497141857
2022-05-22,3064.6343091587178
2022-05-23,-5577.38376043608
2022-05-24,232.92966849583271
2022-05-25,-1964.3044627973936
2022-05-26,-4516.924504301171
2022-05-27,-4149.738272676644
2022-05-28,1099.802895028084
2022-05-29,1756.7035404895423
2022-05-30,-2685.8090486936317
2022-05-31,-3559.9403465642013
2022-06-01,-12307.194399292404
2022-06-02,17.89040064102744
2022-06-03,-1017.1605170914356
2022-06-04,1074.4675388759088
2022-06-05,955.2090196651532
2022-06-06,522.7931195753877
2022-06-07,-1190.3441445140836
2022-06-08,-3487.5022714241168
2022-06-09,-623.8692243176448
2022-06-10,-5404.555098204133
2022-06-11,-5406.507917985029
2022-06-12,-11591.348194895543
2022-06-13,-32956.877734182366
2022-06-14,-6295.225542261085
2022-06-15,-4623.542224110044
2022-06-16,-5734.699392191969
2022-06-17,17312.130303232865
2022-06-18,-14421.136985050074
2022-06-19,8756.98350104253
2022-06-20,4645.958997466709
2022-06-21,3555.895438280365
2022-06-22,-2391.777995278282
2022-06-23,8725.217632435202
2022-06-24,3824.511277774903
2022-06-25,-130.5531511931096
2022-06-26,-1808.6550611452203
2022-06-27,-517.84074044962
2022-06-28,-4864.683638902176
2022-06-29,-2333.936840939648
2022-06-30,-5891.0257712806015
2022-07-01,5769.456885505656
2022-07-02,3274.313629898559
2022-07-03,1363.57470216261
2022-07-04,7167.188984989182
2022-07-05,1214.0283481705767
2022-07-06,2095.7229111668244
2022-07-07,1676.6006640347446
2022-07-08,1007.1631663489068
2022-07-09,197.19245572599937
2022-07-10,-5610.942089252698
2022-07-11,-6890.618935729047
2022-07-12,-4484.522151369158
2022-07-13,-693.6724467899915
2022-07-14,2485.5810976168887
2022-07-15,719.2381504692514
2022-07-16,1224.1213163588998
2022-07-17,-807.8965389251343
2022-07-18,7844.685147622256
2022-07-19,2523.748725559791
2022-07-20,611.5821217263236
2022-07-21,-314.1809752519872
2022-07-22,-3440.651192050549
2022-07-23,147.80256979536364
2022-07-24,2366.5803780390297
2022-07-25,-32777.34937231954
2022-07-26,-4135.909708699109
2022-07-27,4928.050005595079
2022-07-28,2699.5320450211157
2022-07-29,1261.5896955003475
2022-07-30,353.71101460721934
2022-07-31,-169.18473555909614
2022-08-01,-2042.3129755813695
2022-08-02,-4275.614917552015
2022-08-03,-2493.5781403173723
2022-08-04,-3707.7547003834034
2022-08-05,3009.3277368906747
2022-08-06,-2639.7188113673265
2022-08-07,254.92501892000956
2022-08-08,2849.5015865323985
2022-08-09,-5090.728911863093
2022-08-10,1840.612678685863
2022-08-11,-691.4091507114439
2022-08-12,1686.2194803814086
2022-08-13,381.2575772060175
2022-08-14,-734.4507898773884
2022-08-15,-2819.9444434097713
2022-08-16,-2034.1369728052443
2022-08-17,-1017.5460711854106
2022-08-18,23.21174185604488
2022-08-19,-10428.384375333206
2022-08-20,1571.3355800659078
2022-08-21,5566.076775898217
2022-08-22,-1592.4449470173474
2022-08-23,1746.3654557981945
2022-08-24,-1226.1059567732864
2022-08-25,-565.9377175498016
2022-08-26,-7275.480532777668
2022-08-27,-1256.18775397429
2022-08-28,-2059.468241359696
2022-08-29,3670.225521513551
2022-08-30,-2581.568984950704
2022-08-31,6582.47068827198
2022-09-01,-4090.4018280410423
2022-09-02,-1870.2324062369817
2022-09-03,-4711.428858499381
2022-09-04,12.111201237142543
2022-09-05,-1836.6182319764127
2022-09-06,-15904.191511063647
2022-09-07,55.17999822177099
2022-09-08,-969.406777165827
2022-09-09,13341.374690269366
2022-09-10,1337.991233724901
2022-09-11,-2687.2907084728167
2022-09-12,4774.182395837324
2022-09-13,-11363.461811389112
2022-09-14,-2519.87841487795
2022-09-15,-8975.727656313831
2022-09-16,-995.0890713524
2022-09-17,2153.33007270534
2022-09-18,-9743.018895572355
2022-09-19,-5591.05850455143
2022-09-20,-8518.456058688595
2022-09-21,-12204.634894079396
2022-09-22,2881.674573947829
2022-09-23,-1215.5241124917695
2022-09-24,-1735.305067434122
2022-09-25,-4092.9905038064785
2022-09-26,800.563876974562
2022-09-27,-3843.045342527045
2022-09-28,2195.258471228058
2022-09-29,-1379.6824530619162
2022-09-30,-4060.778556280627
2022-10-01,-1770.413412940967
2022-10-02,-3958.013970668237
2022-10-03,3307.7199581989744
2022-10-04,9818.773154321694
2022-10-05,-2634.600098175644
2022-10-06,-3307.7306295391772
2022-10-07,-11926.61047936973
2022-10-08,-5379.858561246139
2022-10-09,314.9284969674952
2022-10-10,-6970.493288685595
2022-10-11,-701.2566937551383
2022-10-12,1759.201846981186
2022-10-13,-5605.117207346588
2022-10-14,-5010.114275107689
2022-10-15,-2790.87031908367
2022-10-16,2217.927409980466
2022-10-17,1291.674406571732
2022-10-18,-4725.56360398562
2022-10-19,-4075.432043347136
2022-10-20,-5005.088079563531
2022-10-21,-3868.028210676935
2022-10-22,-1391.5471344892867
2022-10-23,4239.656626700523
2022-10-24,-8533.092622053447
2022-10-25,4034.117766784133
2022-10-26,4284.607638564775
2022-10-27,-6638.805286087227
2022-10-28,-875.8767704468158
2022-10-29,3638.515123863624
2022-10-30,-2660.077320637018
2022-10-31,-3192.8204398417683
2022-11-01,-2482.003199644961
2022-11-02,-7608.163324387548
2022-11-03,-2198.748940564534
2022-11-04,2069.162240990786
2022-11-05,1.173686688759819
2022-11-06,-5191.134248550262
2022-11-07,-11759.907801848369
2022-11-08,-27946.513202120474
2022-11-09,-39838.77804962837
2022-11-10,-3781.0940954314606
2022-11-11,2202.6015108042548
2022-11-12,-2578.2797002201737
2022-11-13,-3981.257088008928
2022-11-14,-2192.488261518322
2022-11-15,-1209.7883809927291
2022-11-16,-5361.357928568404
2022-11-17,-1852.8714611637336
2022-11-18,-2050.2207278145625
2022-11-19,344.41604437177335
2022-11-20,-6755.441881835514
2022-11-21,-8896.87648732934
2022-11-22,-1317.467346917456
2022-11-23,5546.672173501017
2022-11-24,2635.8665999104287
2022-11-25,-155.87664802962095
2022-11-26,-3518.714563067788
2022-11-27,-2245.2440250843597
2022-11-28,-2388.8057567453047
2022-11-29,-576.0632374066416
2022-11-30,5986.269271634561
2022-12-01,-1000.919743974762
2022-12-02,2864.2779790629365
2022-12-03,-1789.5330827676494
2022-12-04,3617.8900250984366
2022-12-05,-2648.448653179205
2022-12-06,-304.20816156811145
2022-12-07,-7866.77896483355
2022-12-08,1771.909238873348
2022-12-09,-3441.1383812658883
2022-12-10,-364.543099666559
2022-12-11,509.9714510937613
2022-12-12,-1120.69639369884
2022-12-13,4187.1669035738205
2022-12-14,3052.7602114847095
2022-12-15,-8597.782798365917
2022-12-16,-11869.076341608354
2022-12-17,946.1506718872342
2022-12-18,-1715.0107481685282
2022-12-19,-10211.40561135828
2022-12-20,2179.403613945673
2022-12-21,-3194.929872572456
2022-12-22,-3258.525877649802
2022-12-23,1349.1558500135109
2022-12-24,-1051.6541031719714
2022-12-25,-1247.0802678168827
2022-12-26,-414.8601632432552
2022-12-27,-3718.310665971776
2022-12-28,-3987.762472623855
2022-12-29,848.9095279066088
2022-12-30,-1991.3450519698436
2022-12-31,-5132.412379517537
2023-01-01,359.90256776819655
2023-01-02,1107.449925704252
2023-01-03,-495.2232787523736
2023-01-04,1295.1804923743885
2023-01-05,-895.0257882160661
2023-01-06,2705.8701383031384
2023-01-07,-555.6633366146729
2023-01-08,1729.3682317253172
2023-01-09,544.2461421323928
2023-01-10,1334.918580309277
2023-01-11,2359.822853695118
2023-01-12,5563.147890323759
2023-01-13,6242.184354021683
2023-01-14,6259.790543325411
2023-01-15,-4330.5238050977205
2023-01-16,-447.2079819547216
2023-01-17,-678.3493521479857
2023-01-18,-9962.76921084152
2023-01-19,2467.36086040218
2023-01-20,7283.202439063017
2023-01-21,-1176.1961404009485
2023-01-22,-6042.855918138494
2023-01-23,-798.3981495555703
2023-01-24,-7083.6312844097765
2023-01-25,-1448.2210621287231
2023-01-26,-6144.775026374169
2023-01-27,-3019.9796672083207
2023-01-28,-2298.1149718877527
2023-01-29,7598.646559005819
2023-01-30,-14989.428185965064
2023-01-31,2192.848738911035
2023-02-01,1078.3353053846931
2023-02-02,-3171.729355335563
2023-02-03,-3294.415508040058
2023-02-04,-2519.5331957468516
2023-02-05,-5043.0912174187615
2023-02-06,-2640.1426742232866
2023-02-07,3360.783380443968
2023-02-08,-6520.832410250502
2023-02-09,-13243.525221674936
2023-02-10,-5296.22808210007
2023-02-11,1568.529529896048
2023-02-12,-2276.7337872641474
2023-02-13,-4045.7898714789126
2023-02-14,2919.842102308748
2023-02-15,11997.640429225965
2023-02-16,-5971.082590848131
2023-02-17,1649.4239607085462
2023-02-18,-999.8862846525154
2023-02-19,-1920.6781359520637
2023-02-20,1033.7782098900057
2023-02-21,-2617.650965917663
2023-02-22,-5909.151470755704
2023-02-23,-4726.182915307908
2023-02-24,-7771.85825382236
2023-02-25,-1970.712955908859
2023-02-26,2574.1921972294517
2023-02-27,-3286.930471628666
2023-02-28,-3081.855860207215
2023-03-01,984.5638619439992
2023-03-02,-1356.0279893340032
2023-03-03,-10699.605998973037
2023-03-04,-2087.991112211211
2023-03-05,854.099259890664
2023-03-06,-311.5667717342999
2023-03-07,-2862.224505920248
2023-03-08,-5763.381369073035
2023-03-09,-17915.715324584606
2023-03-10,-3665.128446559873
2023-03-11,1275.215264930616
2023-03-12,7464.714702357551
2023-03-13,10390.63003617886
2023-03-14,7665.952350032137
2023-03-15,-1689.6358635919114
2023-03-16,2821.267011779625
2023-03-17,25576.09300869108
2023-03-18,-549.2027253453314
2023-03-19,10116.798887788747
2023-03-20,4632.000452199031
2023-03-21,3473.897488687262
2023-03-22,-2660.626261256857
2023-03-23,2296.102794868686
2023-03-24,-4952.892811708204
2023-03-25,224.22095034870492
2023-03-26,3194.0224712878835
2023-03-27,-6173.0707187400185
2023-03-28,-735.4439038261994
2023-03-29,5941.392944586603
2023-03-30,-839.2570430816972
2023-03-31,3420.0296948124856
2023-04-01,-87.0083836497531
2023-04-02,-3174.526134003943
2023-04-03,-332.9076224516589
2023-04-04,1908.7038317831375
2023-04-05,431.3126025849048
2023-04-06,-1076.425091189103
2023-04-07,-99.69901377965692
2023-04-08,330.83698225371666
2023-04-09,2538.4874688849686
2023-04-10,9381.325130869249
2023-04-11,4716.798046151461
2023-04-12,-919.1620657621412
2023-04-13,3740.2020312497225
2023-04-14,4317.477525331939
2023-04-15,-1945.651690737545
2023-04-16,-705.6035993219319
2023-04-17,-6264.08015109534
2023-04-18,5564.726235926886
2023-04-19,-8582.60604430661
2023-04-20,-7308.078734266366
2023-04-21,-2937.365625262076
2023-04-22,4791.307650702581
2023-04-23,1244.5159813961693
2023-04-24,-974.5959738703724
2023-04-25,4299.754180490943
2023-04-26,3043.627638409922
2023-04-27,4449.484983284861
2023-04-28,-351.1695795886901
2023-04-29,-879.0033223558501
2023-04-30,-422.7787897632487
2023-05-01,-8152.380634487481
2023-05-02,686.796596628278
2023-05-03,-907.2375439505444
2023-05-04,-5176.76793210191
2023-05-05,178.549709570684
2023-05-06,-5522.615001649782
2023-05-07,-136.8945443399224
2023-05-08,-6783.016013818395
2023-05-09,-709.9448096835082
2023-05-10,-2910.947462509699
2023-05-11,-5301.4228129610965
2023-05-12,-3339.988364484471
2023-05-13,-1193.7267217351566
2023-05-14,579.5347700854119
2023-05-15,-1121.7863045540232
2023-05-16,-4617.903228358703
2023-05-17,-1330.4253959971345
2023-05-18,-4575.390359595043
2023-05-19,-2482.2874993815017
2023-05-20,-978.265623482726
2023-05-21,-4128.3758993232195
2023-05-22,-2475.264810171921
2023-05-23,-1171.955516488001
2023-05-24,-7623.309703055414
2023-05-25,-4768.843687684626
2023-05-26,-2329.461940605809
2023-05-27,-1296.3043337395818
2023-05-28,7010.653220591559
2023-05-29,-3877.8500939857217
2023-05-30,-3944.45022482793
2023-05-31,-8127.637357291168
2023-06-01,-4563.847555023903
2023-06-02,-1885.5814695201188
2023-06-03,-1514.6973053857223
2023-06-04,-71.01087189643046
2023-06-05,-8769.817714831988
2023-06-06,2029.3926580234297
2023-06-07,-9490.143113494149
2023-06-08,-2815.51265703637
2023-06-09,-3449.7008248092916
2023-06-10,-8222.697348569282
2023-06-11,-1410.4161713574513
2023-06-12,-2497.7441911144824
2023-06-13,393.8938493097599
2023-06-14,-7788.422830873319
2023-06-15,-1353.3879007682292
2023-06-16,-4456.190587162839
2023-06-17,-1701.949655589966
2023-06-18,-1887.432198606044
2023-06-19,-854.5010261062191
2023-06-20,5374.343611549447
2023-06-21,10322.59741681012
2023-06-22,-4420.291966498652
2023-06-23,-2330.640580177716
2023-06-24,-2986.02607640741
2023-06-25,-1537.8909855324164
2023-06-26,-2278.4746912168976
2023-06-27,1365.610666519577
2023-06-28,-5687.336169981043
2023-06-29,-3077.3987264460725
2023-06-30,-1386.9999444915034
2023-07-01,-998.8919729885396
2023-07-02,-3382.8017619681523
2023-07-03,771.6306372642842
2023-07-04,-8133.644511851539
2023-07-05,-4148.842050879064
2023-07-06,-10792.194243142938
2023-07-07,-3944.153237576458
2023-07-08,-2559.5935033121114
2023-07-09,-1277.86717399205
2023-07-10,-2258.0756134397107
2023-07-11,-1321.701081014504
2023-07-12,-2752.2896049376423
2023-07-13,8472.642005024132
2023-07-14,-9036.856439432642
2023-07-15,456.4771014483658
2023-07-16,-2170.095740652135
2023-07-17,-5818.78288973594
2023-07-18,-4705.674978527503
2023-07-19,-1268.4698618446291
2023-07-20,-2632.406991783095
2023-07-21,-405.9544254448831
2023-07-22,-2350.5798518559964
2023-07-23,996.2339716970254
2023-07-24,-7229.664011185369
2023-07-25,-1780.9634153495988
2023-07-26,-2260.519703011218
2023-07-27,-3059.749707152757
2023-07-28,-2177.2359401713247
2023-07-29,57.93766108305158
2023-07-30,-1367.7052096142434
2023-07-31,-1547.6338085303094
2023-08-01,-3730.3197252041846
2023-08-02,-3324.0386560105844
2023-08-03,-1577.5141186232509
2023-08-04,-3998.3901615935674
2023-08-05,-1566.5502445261252
2023-08-06,-728.7542509576003
2023-08-07,-2004.094483951414
2023-08-08,5572.451891555472
2023-08-09,-1147.203933020936
2023-08-10,-3954.032748147713
2023-08-11,-2543.059747741204
2023-08-12,-1291.5173723317318
2023-08-13,-1614.3989200782084
2023-08-14,-3080.6516995114875
2023-08-15,-5073.75152903236
2023-08-16,-8252.654893677663
2023-08-17,-19578.495861077135
2023-08-18,-6886.620084965615
2023-08-19,-352.8815339506397
2023-08-20,140.48571627007965
2023-08-21,-4113.623407945029
2023-08-22,-3903.380977128441
2023-08-23,2654.8241203102216
2023-08-24,-4186.356525417445
2023-08-25,-1130.9439165969145
2023-08-26,-1252.4197949089976
2023-08-27,114.6746395690074
2023-08-28,-2559.4989921285005
2023-08-29,4695.41072541727
2023-08-30,-4808.467643341959
2023-08-31,-6696.59536442247
2023-09-01,-4388.188875701961
2023-09-02,-1302.8146211214018
2023-09-03,224.65040456055405
2023-09-04,-3637.4828625867535
2023-09-05,-4015.827442476362
2023-09-06,-3329.2163153291212
2023-09-07,1694.3235618429976
2023-09-08,-932.9312055039104
2023-09-09,-652.3592353067617
2023-09-10,-2139.455158315625
2023-09-11,-7616.203311585687
2023-09-12,-1424.6344338973363
2023-09-13,-1329.8092297531489
2023-09-14,1455.6173635963553
2023-09-15,-279.7282386823345
2023-09-16,-2120.5798191140934
2023-09-17,-1429.2473524688396
2023-09-18,1400.736869851649
2023-09-19,339.9748311760862
2023-09-20,-534.3568088507105
2023-09-21,-4206.499147664211
2023-09-22,-2120.4634211015355
2023-09-23,91.2286472004927
2023-09-24,-2992.811508339245
2023-09-25,-189.02092618924877
2023-09-26,-1696.079706222586
2023-09-27,-1493.61237475266
2023-09-28,4238.2001491892115
2023-09-29,11.863876086220298
2023-09-30,863.6596459437743
2023-10-01,3629.2517977014454
2023-10-02,-100.60407643057944
2023-10-03,-2867.9581249733847
2023-10-04,797.7152722718367
2023-10-05,-1902.7386387792696
2023-10-06,940.9458379398418
2023-10-07,-1012.933103030317
2023-10-08,-2156.0537327633997
2023-10-09,-5261.250011967448
2023-10-10,-3172.0567290334375
2023-10-11,-7866.981778609264
2023-10-12,-3844.765739695446
2023-10-13,-1497.1987674569014
2023-10-14,-949.7478368229174
2023-10-15,2999.064038337557
2023-10-16,10622.17899045806
2023-10-17,-1412.7920675889634
2023-10-18,-1518.5131704609423
2023-10-19,1602.7180498171492
2023-10-20,5584.601936209342
2023-10-21,964.4990176008416
2023-10-22,-841.6890052346133
2023-10-23,8921.574989536814
2023-10-24,4327.977105283308
2023-10-25,-43.82963679616801
2023-10-26,-2685.394938472758
2023-10-27,-6873.616544996202
2023-10-28,-1191.26908057917
2023-10-29,-540.6614548341888
2023-10-30,-3846.742911416727
2023-10-31,-1713.4854685635032
2023-11-01,-137.84819356209653
2023-11-02,-2655.5608140179347
2023-11-03,-2255.5348683745515
2023-11-04,1239.542836946523
2023-11-05,-883.0577849743137
2023-11-06,367.4377621172006
2023-11-07,1195.834687747583
2023-11-08,3235.382191164536
2023-11-09,7844.175107406168
2023-11-10,-586.4721574214338
2023-11-11,-2165.599937950231
2023-11-12,-679.7517649616273
2023-11-13,-3404.7954516438285
2023-11-14,-6469.186995448828
2023-11-15,4477.29144295631
2023-11-16,-7824.891484728306
2023-11-17,-231.96111016755395
2023-11-18,-1068.421865135692
2023-11-19,892.7900022708476
2023-11-20,-1560.8580058950809
2023-11-21,-6899.78325501999
2023-11-22,3479.283639241843
2023-11-23,-2126.665162148849
2023-11-24,2477.9564717118087
2023-11-25,-2273.8923516631144
2023-11-26,-1561.3373551772645
2023-11-27,-1459.956040830161
2023-11-28,2606.5143863186076
2023-11-29,-1065.4814155063614
2023-11-30,-772.60570466404
2023-12-01,3483.122436348644
2023-12-02,44.857529694944645
2023-12-03,933.9520263718524
2023-12-04,-1930.557072742894
2023-12-05,3178.9312441871393
2023-12-06,-2291.421251347316
2023-12-07,-4274.480827586235
2023-12-08,-647.7588079926509
2023-12-09,-5751.191919598528
2023-12-10,-2089.2882271534454
2023-12-11,-9183.492499410651
2023-12-12,38.34090631219328
2023-12-13,-1571.6952390889585
2023-12-14,-975.73827789249
2023-12-15,-1502.2367855351667
2023-12-16,658.3912042180974
2023-12-17,-3334.4694079429596
2023-12-18,-1442.8204386545735
2023-12-19,-312.06313053716065
2023-12-20,1199.4064530041867
2023-12-21,-208.18050736002635
2023-12-22,-845.4591598786474
2023-12-23,-1462.5008102879635
2023-12-24,-2047.7886204199556
2023-12-25,1155.2870766336805
2023-12-26,-2851.7230796673252
2023-12-27,2719.4906687157745
2023-12-28,-185.71502637502417
2023-12-29,-960.3560481908472
2023-12-30,-1206.1000797684158
2023-12-31,-868.4700036349922
2024-01-01,3959.825725171837
2024-01-02,206.97026561663907
2024-01-03,-5982.684286187807
2024-01-04,-42.06196776346911
2024-01-05,2847.740463641545
2024-01-06,769.739554504247
2024-01-07,325.95912945728526
2024-01-08,6512.320886224008
2024-01-09,-773.3530541779983
2024-01-10,5476.34567754738
2024-01-11,5013.502071646742
2024-01-12,-8709.720074076224
2024-01-13,-630.0730305269832
2024-01-14,-3330.8433945628863
2024-01-15,-524.4125842499303
2024-01-16,4565.903819317812
2024-01-17,-1202.639011956298
2024-01-18,-7365.908171622444
2024-01-19,371.24628145437663
2024-01-20,-1345.9834595311584
2024-01-21,-1082.553493454844
2024-01-22,-3831.903274036717
2024-01-23,1428.8653107038858
2024-01-24,4686.261615857925
2024-01-25,-105.21046665744778
2024-01-26,6213.857098579785
2024-01-27,-1589.6187927523663
2024-01-28,160.30376292318417
2024-01-29,2199.1785615579283
2024-01-30,4790.08262518335
2024-01-31,2192.846541996874
2024-02-01,632.8638120352521
2024-02-02,3386.518473698331
2024-02-03,-508.3547265011903
2024-02-04,-1083.7305047615444
2024-02-05,795.4340003276621
2024-02-06,687.7883805612151
2024-02-07,3631.831552462266
2024-02-08,1801.9349525885077
2024-02-09,5142.345792583292
2024-02-10,1040.2916125066631
2024-02-11,2461.3122384330973
2024-02-12,6534.346154541357
2024-02-13,981.8712130649876
2024-02-14,5356.601019403316
2024-02-15,-335.4032763322069
2024-02-16,-646.1603094228998
2024-02-17,-1889.1638826112544
2024-02-18,1438.4895454868415
2024-02-19,1162.6281999415755
2024-02-20,403.4282462522603
2024-02-21,-1585.9867810588464
2024-02-22,-1586.7709671201455
2024-02-23,-694.7539800849037
2024-02-24,641.3766072889953
2024-02-25,1904.3546508022143
2024-02-26,6425.578752124156
2024-02-27,5594.182432050453
2024-02-28,11033.464049547189
2024-02-29,-1919.7313714830648
2024-03-01,1888.631149402387
2024-03-02,-1569.8043258688797
2024-03-03,1134.3780006125137
2024-03-04,10409.695231867574
2024-03-05,-9763.41034109999
2024-03-06,5495.719167792856
2024-03-07,4196.108305844417
2024-03-08,7469.017968916888
2024-03-09,2645.971872561058
2024-03-10,1625.8214634883882
2024-03-11,12696.106977136902
2024-03-12,-978.1865306160976
2024-03-13,4456.298618050677
2024-03-14,-3546.343673552291
2024-03-15,-6483.079043269126
2024-03-16,-6387.291413687525
2024-03-17,1359.5749199530494
2024-03-18,-996.135462618502
2024-03-19,-15075.843923403683
2024-03-20,2138.2103259983505
2024-03-21,-937.836615331726
2024-03-22,-3496.760337347593
2024-03-23,-178.5799905471987
2024-03-24,3758.891669143282
2024-03-25,6631.130165878121
2024-03-26,-484.3947565224687
2024-03-27,3479.195919867671
2024-03-28,1550.4968510423869
2024-03-29,-882.8982783099391
2024-03-30,-436.60708381067695
2024-03-31,2337.744805847805
2024-04-01,-3867.107321693358
2024-04-02,-4152.903205449738
2024-04-03,806.1067075182273
2024-04-04,3672.257921897158
2024-04-05,-1680.5272700105734
2024-04-06,715.8094052460443
2024-04-07,1794.1356802735072
2024-04-08,8481.968174764592
2024-04-09,-4786.162149946496
2024-04-10,-261.7818247099728
2024-04-11,1122.330594865762
2024-04-12,-5818.06585217918
2024-04-13,-10148.291679265214
2024-04-14,-1238.8498339494429
2024-04-15,-1426.579530057691
2024-04-16,-1312.2849005211792
2024-04-17,-4531.26700637365
2024-04-18,-1079.3721647752316
2024-04-19,1792.767043377696
2024-04-20,1551.5865430525864
2024-04-21,389.0484054970924
2024-04-22,1402.2223014359918
2024-04-23,-2141.948418487432
2024-04-24,-1958.0984181502856
2024-04-25,-2171.1076045358604
2024-04-26,-3334.32173924917
2024-04-27,-3481.092278350994
2024-04-28,-2018.056095140618
2024-04-29,-745.7367478389756
2024-04-30,-9343.349042895035
2024-05-01,-10006.262508461665
2024-05-02,2372.4715762552364
2024-05-03,5152.3137596416045
2024-05-04,1911.9323096794044
2024-05-05,-531.3466705479719
2024-05-06,-1208.838937574978
2024-05-07,-1031.6166069392184
2024-05-08,-2237.0371242785964
2024-05-09,477.24133337869534
2024-05-10,-2339.720816138654
2024-05-11,-1338.96837515815
2024-05-12,1142.3893549640345
2024-05-13,1560.0569511080507
2024-05-14,-6267.307736713179
2024-05-15,7089.869545192593
2024-05-16,-865.6148367908056
2024-05-17,2061.6385727426114
2024-05-18,-201.82696025579529
2024-05-19,-415.9095271252044
2024-05-20,6986.021041814214
2024-05-21,-3581.1856108408624
2024-05-22,-2107.769630940807
2024-05-23,-2794.6649310362745
2024-05-24,173.62313844186025
2024-05-25,-810.9986167150488
2024-05-26,-565.8589800865279
2024-05-27,60.5302740411683
2024-05-28,-2678.80614042253
2024-05-29,175.35984394003086
2024-05-30,139.50520726090608
2024-05-31,-2323.418916086965
2024-06-01,-316.9974630617781
2024-06-02,111.79125349927128
2024-06-03,2857.5073263313243
2024-06-04,1484.865906667039
2024-06-05,865.6400542133589
2024-06-06,-3243.9577462407087
2024-06-07,-4079.109881864588
2024-06-08,-952.537661607946
2024-06-09,225.1972198964743
2024-06-10,58.46474901134096
2024-06-11,-6523.465919195003
2024-06-12,-307.5250128046964
2024-06-13,-2202.4257813056915
2024-06-14,-2429.0357059508992
2024-06-15,-984.908062404972
2024-06-16,266.73741183759137
2024-06-17,213.58346629059932
2024-06-18,-4244.826095813565
2024-06-19,-727.9499058558582
2024-06-20,-1629.0712162000912
2024-06-21,-1970.7975653749172
2024-06-22,627.5317194689022
2024-06-23,-1760.1875041457213
2024-06-24,-9529.759610102
2024-06-25,-6.6200784405924225
2024-06-26,-1611.9254975380445
2024-06-27,-951.5067523223632
2024-06-28,-536.8487255523249
2024-06-29,-136.52698727491446
2024-06-30,362.90113895181946
2024-07-01,806.6925937132588
2024-07-02,-1824.8916238835557
2024-07-03,-5753.835894513762
2024-07-04,-7616.159591474735
2024-07-05,-8925.989869528967
2024-07-06,1043.7409145773695
2024-07-07,-1393.2638850166911
2024-07-08,589.2805342294332
2024-07-09,2345.651418681787
2024-07-10,-539.4471075876346
2024-07-11,75.34162671844076
2024-07-12,-1287.0405116859786
2024-07-13,2598.9234617220277
2024-07-14,2003.6611383221264
2024-07-15,672.3142357362902
2024-07-16,1023.1015157411904
2024-07-17,-950.7153346696568
2024-07-18,-271.68826199033197
2024-07-19,2394.549161887875
2024-07-20,-1059.2632448274628
2024-07-21,922.1437602796202
2024-07-22,-3703.85463187176
2024-07-23,-564.2604908906118
2024-07-24,-3771.217647501352
2024-07-25,-2462.391021455406
2024-07-26,242.02573995169783
2024-07-27,-525.4934610105078
2024-07-28,-609.6666667710396
2024-07-29,-2099.0851222326464
2024-07-30,-1415.4718627436127
2024-07-31,-981.4872364219208
2024-08-01,489.1563423688181
2024-08-02,-3732.6552552710095
2024-08-03,-4487.471101135609
2024-08-04,-5207.554776670131
2024-08-05,-10058.851672531226
2024-08-06,1203.6829201163298
2024-08-07,-1456.0074798449834
2024-08-08,7280.581639146363
2024-08-09,-1478.028934307984
2024-08-10,-32.662011355776734
2024-08-11,-2075.8954190527747
2024-08-12,-1176.365631173554
2024-08-13,-58.45765132720294
2024-08-14,-4376.089891000079
2024-08-15,-1743.0208453887833
2024-08-16,1960.2853862961088
2024-08-17,30.425447666485105
2024-08-18,-128.7730787945487
2024-08-19,981.1821970325464
2024-08-20,687.1783585780722
2024-08-21,2667.8268075389383
2024-08-22,-999.4006594312208
2024-08-23,7594.208605918191
2024-08-24,-2274.817645012249
2024-08-25,75.21881075853409
2024-08-26,-2955.343047178795
2024-08-27,-4553.028195752162
2024-08-28,-3814.120181624658
2024-08-29,29.00374616608613
2024-08-30,-1811.5978225893657
2024-08-31,-366.76626123577506
2024-09-01,-4075.0561114316824
2024-09-02,157.11844440086244
2024-09-03,-2200.340333345296
2024-09-04,179.5166241998651
2024-09-05,-3499.403024246715
2024-09-06,-5476.856982777517
2024-09-07,-417.1783908099136
2024-09-08,311.12778159798944
2024-09-09,1378.295856020947
2024-09-10,-106.70093621736837
2024-09-11,-1546.2832866289923
2024-09-12,-1870.7376730801768
2024-09-13,2349.781366385198
2024-09-14,-1366.713219073637
2024-09-15,-1129.5735368502114
2024-09-16,-2042.4023444462423
2024-09-17,1150.3029740191034
2024-09-18,1531.5778702973394
2024-09-19,199.56990976150817
2024-09-20,-552.4570082318237
2024-09-21,-227.3145401742981
2024-09-22,113.6104312397382
2024-09-23,1330.7807311605118
2024-09-24,-2097.9451229680176
2024-09-25,-1625.5044282811657
2024-09-26,3789.317035470416
2024-09-27,1471.9927180113173
2024-09-28,-203.28490163145665
2024-09-29,-263.46416626943846
2024-09-30,-1373.0182887067535
2024-10-01,-2011.982662202574
2024-10-02,-777.5605123558942
2024-10-03,-1095.389847381561
2024-10-04,573.9396352126404
2024-10-05,-892.3727888691681
2024-10-06,725.9148905609871
2024-10-07,-2984.1819237024324
2024-10-08,399.52855804446983
2024-10-09,-1551.611299697773
2024-10-10,-1160.3463392064327
2024-10-11,-1266.6633322456944
2024-10-12,-337.10127489879716
2024-10-13,-690.9985478681923
2024-10-14,6734.445391001034
2024-10-15,-1724.001558532485
2024-10-16,-2073.2468936390856
2024-10-17,-462.5121121159579
2024-10-18,-1700.9085388936726
2024-10-19,-704.9227365624027
2024-10-20,1718.9677085580445
2024-10-21,-2186.82500266611
2024-10-22,-828.9358150622727
2024-10-23,-703.8135723209866
2024-10-24,418.3358575565502
2024-10-25,-7305.802153061492
2024-10-26,545.6934158107712
2024-10-27,447.54460061216474
2024-10-28,937.7403110671836
2024-10-29,4822.34865891113
2024-10-30,908.4310845674752
2024-10-31,-4887.850806326014
2024-11-01,-3531.632892756683
2024-11-02,-136.24690120248388
2024-11-03,-1315.8223813993764
2024-11-04,-1695.127418988732
2024-11-05,-293.5173175206127
2024-11-06,11330.536414219836
2024-11-07,909.9986999261216
2024-11-08,1723.7970552039292
2024-11-09,-1503.999091851897
2024-11-10,10973.24771311306
2024-11-11,11034.545449981402
2024-11-12,-1846.0143237163577
2024-11-13,-1714.096179904384
2024-11-14,-2791.5514853278128
2024-11-15,2052.771032466955
2024-11-16,-12.77054076319746
2024-11-17,-433.5373899528454
2024-11-18,743.7443869052122
2024-11-19,2091.623019499247
2024-11-20,-1888.7780766509948
2024-11-21,1609.064722473728
2024-11-22,-2396.466357244718
2024-11-23,-4033.851329877803
2024-11-24,-1320.3585796728016
2024-11-25,-8177.456998916296
2024-11-26,-647.7123341539804
2024-11-27,-936.2452938209146
2024-11-28,538.9692991158373
2024-11-29,419.94356162805946
2024-11-30,-1050.0498418300683
2024-12-01,-1127.8587271840408
2024-12-02,-2841.7546364339028
2024-12-03,-3460.772031112394
2024-12-04,1200.9457061941257
2024-12-05,5828.827738524583
2024-12-06,374.14280028211624
2024-12-07,-1853.7041178132783
2024-12-08,72.07821761773985
2024-12-09,-9226.763506714824
2024-12-10,-3045.511975042615
2024-12-11,-1852.1999716709104
2024-12-12,-1479.7016255633748
2024-12-13,-1183.172431113475
2024-12-14,-944.8313287720938
2024-12-15,5726.329086385497
2024-12-16,-3340.641947747059
2024-12-17,-1088.822771470824
2024-12-18,-8833.10172627738
2024-12-19,-389.0116823845903
2024-12-20,-6109.412939643164
2024-12-21,-177.68074700928315
2024-12-22,-1929.714979199656
2024-12-23,-251.6777088384911
2024-12-24,2111.971896231172
2024-12-25,-877.782566691384
2024-12-26,-3725.456128365146
2024-12-27,-151.86896874546915
2024-12-28,409.77955371505567
2024-12-29,-3881.3631047240983
2024-12-30,-2589.6263038127145
2024-12-31,224.3398000975383
2025-01-01,-896.622600436814
2025-01-02,1438.175016389721
2025-01-03,1173.742905997049
2025-01-04,55.712465163373565
2025-01-05,-26.31409699825879
2025-01-06,68.04938660852808
2025-01-07,-4337.322886615633
2025-01-08,-4377.93417836627
2025-01-09,-5692.63604232477
2025-01-10,434.4815806013713
2025-01-11,-799.4211080765152
2025-01-12,-747.6279031625048
2025-01-13,-7930.03871731953
2025-01-14,599.5403378604015
2025-01-15,-700.914527743823
2025-01-16,-1738.3360027633514
2025-01-17,1716.9983523186238
2025-01-18,-3074.201510546505
2025-01-19,-3057.185886770037
2025-01-20,-787.4016625132355
2025-01-21,-1943.97410575298
2025-01-22,-2297.0940318480075
2025-01-23,-3203.7634150501713
2025-01-24,-1927.321641068142
2025-01-25,1223.8033322644858
2025-01-26,-1412.265526043578
2025-01-27,-7576.31819902471
2025-01-28,-1652.8570421463176
2025-01-29,1338.9337340978605
2025-01-30,-34.99688773339924
2025-01-31,280.74989068815205
2025-02-01,-1840.8754582251763
2025-02-02,-6416.48626968545
2025-02-03,-2957.741711183595
2025-02-04,-5093.786097941946
2025-02-05,-4837.595770047133
2025-02-06,-1051.8321168736297
2025-02-07,-3893.238139734263
2025-02-08,-1439.2874712480464
2025-02-09,-1864.6629389619475
2025-02-10,-2030.2274834255193
2025-02-11,-2598.7805640081365
2025-02-12,-1698.7531788171577
2025-02-13,-3234.511650691219
2025-02-14,-227.5743915687567
2025-02-15,-860.4338950195267
2025-02-16,-743.8700386357116
2025-02-17,-839.7858851314903
