date,ssr_oscillator
2017-03-29,
2017-03-30,
2017-03-31,
2017-04-01,
2017-04-02,
2017-04-03,
2017-04-04,
2017-04-05,
2017-04-06,
2017-04-07,
2017-04-08,
2017-04-09,
2017-04-10,
2017-04-11,
2017-04-12,
2017-04-13,
2017-04-14,
2017-04-15,
2017-04-16,
2017-04-17,
2017-04-18,
2017-04-19,
2017-04-20,
2017-04-21,
2017-04-22,
2017-04-23,
2017-04-24,
2017-04-25,
2017-04-26,
2017-04-27,
2017-04-28,
2017-04-29,
2017-04-30,
2017-05-01,
2017-05-02,
2017-05-03,
2017-05-04,
2017-05-05,
2017-05-06,
2017-05-07,
2017-05-08,
2017-05-09,
2017-05-10,
2017-05-11,
2017-05-12,
2017-05-13,
2017-05-14,
2017-05-15,
2017-05-16,
2017-05-17,
2017-05-18,
2017-05-19,
2017-05-20,
2017-05-21,
2017-05-22,
2017-05-23,
2017-05-24,
2017-05-25,
2017-05-26,
2017-05-27,
2017-05-28,
2017-05-29,
2017-05-30,
2017-05-31,
2017-06-01,
2017-06-02,
2017-06-03,
2017-06-04,
2017-06-05,
2017-06-06,
2017-06-07,
2017-06-08,
2017-06-09,
2017-06-10,
2017-06-11,
2017-06-12,
2017-06-13,
2017-06-14,
2017-06-15,
2017-06-16,
2017-06-17,
2017-06-18,
2017-06-19,
2017-06-20,
2017-06-21,
2017-06-22,
2017-06-23,
2017-06-24,
2017-06-25,
2017-06-26,
2017-06-27,
2017-06-28,
2017-06-29,
2017-06-30,
2017-07-01,
2017-07-02,
2017-07-03,
2017-07-04,
2017-07-05,
2017-07-06,
2017-07-07,
2017-07-08,
2017-07-09,
2017-07-10,
2017-07-11,
2017-07-12,
2017-07-13,
2017-07-14,
2017-07-15,
2017-07-16,
2017-07-17,
2017-07-18,
2017-07-19,
2017-07-20,
2017-07-21,
2017-07-22,
2017-07-23,
2017-07-24,
2017-07-25,
2017-07-26,
2017-07-27,
2017-07-28,
2017-07-29,
2017-07-30,
2017-07-31,
2017-08-01,
2017-08-02,
2017-08-03,
2017-08-04,
2017-08-05,
2017-08-06,
2017-08-07,
2017-08-08,
2017-08-09,
2017-08-10,
2017-08-11,
2017-08-12,
2017-08-13,
2017-08-14,
2017-08-15,
2017-08-16,
2017-08-17,
2017-08-18,
2017-08-19,
2017-08-20,
2017-08-21,
2017-08-22,
2017-08-23,
2017-08-24,
2017-08-25,
2017-08-26,
2017-08-27,
2017-08-28,
2017-08-29,
2017-08-30,
2017-08-31,
2017-09-01,
2017-09-02,
2017-09-03,
2017-09-04,
2017-09-05,
2017-09-06,
2017-09-07,
2017-09-08,
2017-09-09,
2017-09-10,
2017-09-11,
2017-09-12,
2017-09-13,
2017-09-14,
2017-09-15,
2017-09-16,
2017-09-17,
2017-09-18,
2017-09-19,
2017-09-20,
2017-09-21,
2017-09-22,
2017-09-23,
2017-09-24,
2017-09-25,
2017-09-26,
2017-09-27,
2017-09-28,
2017-09-29,
2017-09-30,
2017-10-01,
2017-10-02,
2017-10-03,
2017-10-04,
2017-10-05,
2017-10-06,
2017-10-07,
2017-10-08,
2017-10-09,
2017-10-10,
2017-10-11,
2017-10-12,
2017-10-13,
2017-10-14,
2017-10-15,
2017-10-16,
2017-10-17,
2017-10-18,
2017-10-19,
2017-10-20,
2017-10-21,
2017-10-22,
2017-10-23,
2017-10-24,
2017-10-25,
2017-10-26,
2017-10-27,
2017-10-28,
2017-10-29,
2017-10-30,
2017-10-31,
2017-11-01,
2017-11-02,
2017-11-03,
2017-11-04,
2017-11-05,
2017-11-06,
2017-11-07,
2017-11-08,
2017-11-09,
2017-11-10,
2017-11-11,
2017-11-12,
2017-11-13,
2017-11-14,
2017-11-15,
2017-11-16,
2017-11-17,
2017-11-18,
2017-11-19,
2017-11-20,
2017-11-21,
2017-11-22,
2017-11-23,
2017-11-24,
2017-11-25,
2017-11-26,
2017-11-27,
2017-11-28,
2017-11-29,
2017-11-30,
2017-12-01,
2017-12-02,
2017-12-03,
2017-12-04,
2017-12-05,
2017-12-06,
2017-12-07,
2017-12-08,
2017-12-09,
2017-12-10,
2017-12-11,
2017-12-12,
2017-12-13,
2017-12-14,
2017-12-15,
2017-12-16,
2017-12-17,
2017-12-18,
2017-12-19,
2017-12-20,
2017-12-21,
2017-12-22,
2017-12-23,
2017-12-24,
2017-12-25,
2017-12-26,
2017-12-27,
2017-12-28,
2017-12-29,
2017-12-30,
2017-12-31,
2018-01-01,
2018-01-02,
2018-01-03,
2018-01-04,
2018-01-05,
2018-01-06,
2018-01-07,
2018-01-08,
2018-01-09,
2018-01-10,
2018-01-11,
2018-01-12,
2018-01-13,
2018-01-14,
2018-01-15,
2018-01-16,
2018-01-17,
2018-01-18,
2018-01-19,
2018-01-20,
2018-01-21,
2018-01-22,
2018-01-23,
2018-01-24,
2018-01-25,
2018-01-26,
2018-01-27,
2018-01-28,
2018-01-29,
2018-01-30,
2018-01-31,
2018-02-01,
2018-02-02,
2018-02-03,
2018-02-04,
2018-02-05,
2018-02-06,
2018-02-07,
2018-02-08,
2018-02-09,
2018-02-10,
2018-02-11,
2018-02-12,
2018-02-13,
2018-02-14,
2018-02-15,
2018-02-16,
2018-02-17,
2018-02-18,
2018-02-19,
2018-02-20,
2018-02-21,
2018-02-22,
2018-02-23,
2018-02-24,
2018-02-25,
2018-02-26,
2018-02-27,
2018-02-28,
2018-03-01,
2018-03-02,
2018-03-03,
2018-03-04,
2018-03-05,
2018-03-06,
2018-03-07,
2018-03-08,
2018-03-09,
2018-03-10,
2018-03-11,
2018-03-12,
2018-03-13,
2018-03-14,
2018-03-15,
2018-03-16,
2018-03-17,
2018-03-18,
2018-03-19,
2018-03-20,
2018-03-21,
2018-03-22,
2018-03-23,
2018-03-24,
2018-03-25,
2018-03-26,
2018-03-27,
2018-03-28,
2018-03-29,
2018-03-30,
2018-03-31,
2018-04-01,
2018-04-02,
2018-04-03,
2018-04-04,
2018-04-05,
2018-04-06,
2018-04-07,
2018-04-08,
2018-04-09,
2018-04-10,
2018-04-11,
2018-04-12,
2018-04-13,
2018-04-14,
2018-04-15,
2018-04-16,
2018-04-17,
2018-04-18,
2018-04-19,
2018-04-20,
2018-04-21,
2018-04-22,
2018-04-23,
2018-04-24,
2018-04-25,
2018-04-26,
2018-04-27,
2018-04-28,
2018-04-29,
2018-04-30,
2018-05-01,
2018-05-02,
2018-05-03,
2018-05-04,
2018-05-05,
2018-05-06,
2018-05-07,
2018-05-08,
2018-05-09,
2018-05-10,
2018-05-11,
2018-05-12,
2018-05-13,
2018-05-14,
2018-05-15,
2018-05-16,
2018-05-17,
2018-05-18,
2018-05-19,
2018-05-20,
2018-05-21,
2018-05-22,
2018-05-23,
2018-05-24,
2018-05-25,
2018-05-26,
2018-05-27,
2018-05-28,
2018-05-29,
2018-05-30,
2018-05-31,
2018-06-01,
2018-06-02,
2018-06-03,
2018-06-04,
2018-06-05,
2018-06-06,
2018-06-07,
2018-06-08,
2018-06-09,
2018-06-10,
2018-06-11,
2018-06-12,
2018-06-13,
2018-06-14,
2018-06-15,
2018-06-16,
2018-06-17,
2018-06-18,
2018-06-19,
2018-06-20,
2018-06-21,
2018-06-22,
2018-06-23,
2018-06-24,
2018-06-25,
2018-06-26,
2018-06-27,
2018-06-28,
2018-06-29,
2018-06-30,
2018-07-01,
2018-07-02,
2018-07-03,
2018-07-04,
2018-07-05,
2018-07-06,
2018-07-07,
2018-07-08,
2018-07-09,
2018-07-10,
2018-07-11,
2018-07-12,
2018-07-13,
2018-07-14,
2018-07-15,
2018-07-16,
2018-07-17,
2018-07-18,
2018-07-19,
2018-07-20,
2018-07-21,
2018-07-22,
2018-07-23,
2018-07-24,
2018-07-25,
2018-07-26,
2018-07-27,
2018-07-28,
2018-07-29,
2018-07-30,
2018-07-31,
2018-08-01,
2018-08-02,
2018-08-03,
2018-08-04,
2018-08-05,
2018-08-06,
2018-08-07,
2018-08-08,
2018-08-09,
2018-08-10,
2018-08-11,
2018-08-12,
2018-08-13,
2018-08-14,
2018-08-15,
2018-08-16,
2018-08-17,
2018-08-18,
2018-08-19,
2018-08-20,
2018-08-21,
2018-08-22,
2018-08-23,
2018-08-24,
2018-08-25,
2018-08-26,
2018-08-27,
2018-08-28,
2018-08-29,
2018-08-30,
2018-08-31,
2018-09-01,
2018-09-02,
2018-09-03,
2018-09-04,-0.7661357121999314
2018-09-05,-1.0105544763596015
2018-09-06,-1.1558797604118132
2018-09-07,-1.1970623463370371
2018-09-08,-1.3405079322754272
2018-09-09,-1.2688888574631825
2018-09-10,-1.2465191441122836
2018-09-11,-1.242950743204822
2018-09-12,-1.2079701665750864
2018-09-13,-1.094270928457094
2018-09-14,-1.0897295485732992
2018-09-15,-1.070353436977399
2018-09-16,-1.0744486073268535
2018-09-17,-1.205031964529384
2018-09-18,-1.1584948630516223
2018-09-19,-1.1371136765132877
2018-09-20,-1.0690878585618135
2018-09-21,-0.9954635078373486
2018-09-22,-1.0068235104216698
2018-09-23,-1.0041568831631775
2018-09-24,-1.0696635169237276
2018-09-25,-1.1423351791129217
2018-09-26,-1.1001735849631964
2018-09-27,-0.9777486763463228
2018-09-28,-1.0166376044681529
2018-09-29,-1.008817476982708
2018-09-30,-1.0001938899174507
2018-10-01,-1.0341322011839005
2018-10-02,-1.0333822444536591
2018-10-03,-1.1030109318641823
2018-10-04,-1.019864347955176
2018-10-05,-0.9737321363203733
2018-10-06,-0.9812059002316876
2018-10-07,-0.9685233318087308
2018-10-08,-0.9236840708294316
2018-10-09,-0.7954077630377437
2018-10-10,-0.814534582435052
2018-10-11,-1.0813599426566676
2018-10-12,-1.0625984955565402
2018-10-13,-1.0530164905399708
2018-10-14,-0.7583353644115447
2018-10-15,-0.4660106481833146
2018-10-16,-0.0539527610474079
2018-10-17,-0.1524691869409262
2018-10-18,-0.093205276397349
2018-10-19,0.0569786331745351
2018-10-20,0.0746244418111999
2018-10-21,0.0873457998903021
2018-10-22,0.0857553431007449
2018-10-23,0.0682240583838731
2018-10-24,-0.0874437694722586
2018-10-25,0.0397397349774931
2018-10-26,-0.0581853680002127
2018-10-27,-0.0471277438531834
2018-10-28,-0.0506699006061221
2018-10-29,-0.192872815928838
2018-10-30,0.016493361026655
2018-10-31,0.1337433823228357
2018-11-01,0.18067147546343
2018-11-02,0.1404558066491747
2018-11-03,0.1331124430077741
2018-11-04,0.118999829844586
2018-11-05,0.2268075328142871
2018-11-06,0.2999126433792257
2018-11-07,0.3712735468294725
2018-11-08,0.2906584262176007
2018-11-09,0.2406049471710946
2018-11-10,0.2597972767358686
2018-11-11,0.429098172218431
2018-11-12,0.4454777183641355
2018-11-13,0.4421494203637208
2018-11-14,-0.1555499851784599
2018-11-15,-0.2441122858111006
2018-11-16,-0.3610291912308764
2018-11-17,-0.4743161019172061
2018-11-18,-0.3899903339801753
2018-11-19,-0.9662682821617888
2018-11-20,-1.5490425485112038
2018-11-21,-1.4540010231863656
2018-11-22,-1.725886155564314
2018-11-23,-1.7640564422034513
2018-11-24,-2.201164895414784
2018-11-25,-2.180650248368947
2018-11-26,-2.465811639985583
2018-11-27,-2.424183696975636
2018-11-28,-1.9689413908607925
2018-11-29,-2.0062826002461422
2018-11-30,-2.3251424601511173
2018-12-01,-2.171703352711536
2018-12-02,-2.2124726287793335
2018-12-03,-2.478643961882483
2018-12-04,-2.380252719264017
2018-12-05,-2.5744525981814803
2018-12-06,-2.7851487947279203
2018-12-07,-2.931936782617922
2018-12-08,-2.84450627843117
2018-12-09,-2.6481232776811225
2018-12-10,-2.6991002405422297
2018-12-11,-2.6859961030605897
2018-12-12,-2.6000128575581094
2018-12-13,-2.7100939994331714
2018-12-14,-2.684150541744622
2018-12-15,-2.666093499279816
2018-12-16,-2.6034664751075924
2018-12-17,-2.313694312831698
2018-12-18,-2.1453793725632657
2018-12-19,-2.092055028440692
2018-12-20,-1.7209413228155073
2018-12-21,-1.885215512783343
2018-12-22,-1.7782087858651092
2018-12-23,-1.7595947049184022
2018-12-24,-1.653037588946648
2018-12-25,-1.9065388436537176
2018-12-26,-1.8544366509126895
2018-12-27,-2.0136190184381735
2018-12-28,-1.7385519185298783
2018-12-29,-1.685136363102369
2018-12-30,-1.741512607966773
2018-12-31,-1.8275920184222807
2019-01-01,-1.722673024615177
2019-01-02,-1.6531163619792748
2019-01-03,-1.7002490952852616
2019-01-04,-1.6729103515383184
2019-01-05,-1.6507362162730554
2019-01-06,-1.470246275158271
2019-01-07,-1.5059405950313811
2019-01-08,-1.4912579198320166
2019-01-09,-1.515021643242676
2019-01-10,-1.7956961385473384
2019-01-11,-1.7728119431981837
2019-01-12,-1.7376730497543174
2019-01-13,-1.8554491517643392
2019-01-14,-1.7143924979246616
2019-01-15,-1.7453813076017135
2019-01-16,-1.6764573420615472
2019-01-17,-1.654598616935712
2019-01-18,-1.716256430652476
2019-01-19,-1.6556592712466964
2019-01-20,-1.702432945943202
2019-01-21,-1.7113868985375218
2019-01-22,-1.648896726110492
2019-01-23,-1.6478109574083455
2019-01-24,-1.6266072047158069
2019-01-25,-1.6010671414228297
2019-01-26,-1.5830506238338509
2019-01-27,-1.5705817986014294
2019-01-28,-1.5875198542704465
2019-01-29,-1.603486843084771
2019-01-30,-1.5549890608912669
2019-01-31,-1.5202955409580252
2019-02-01,-1.4918168587211555
2019-02-02,-1.441653298780042
2019-02-03,-1.461748587591169
2019-02-04,-1.4400646397965549
2019-02-05,-1.4308644680328226
2019-02-06,-1.4430403316257692
2019-02-07,-1.422283596782049
2019-02-08,-1.2395135444312533
2019-02-09,-1.216136569559627
2019-02-10,-1.1878853707368031
2019-02-11,-1.2007187708942266
2019-02-12,-1.1923894115027107
2019-02-13,-1.1841438126775452
2019-02-14,-1.1878321274982415
2019-02-15,-1.181400111910697
2019-02-16,-1.1285339209209448
2019-02-17,-1.116230630855515
2019-02-18,-0.9522377542665073
2019-02-19,-0.8644793300954304
2019-02-20,-0.8786292382430442
2019-02-21,-0.8740362613168388
2019-02-22,-0.7994759445456971
2019-02-23,-0.7326637022024997
2019-02-24,-0.9858716234320516
2019-02-25,-0.912172027347632
2019-02-26,-0.9237793986945236
2019-02-27,-0.9263601203688884
2019-02-28,-0.8273558275423357
2019-03-01,-0.8166997310138921
2019-03-02,-0.8342983032318174
2019-03-03,-0.8295239579722783
2019-03-04,-0.9367808485778568
2019-03-05,-0.8235881224919986
2019-03-06,-0.7255015635586423
2019-03-07,-0.7161307992944528
2019-03-08,-0.7565818469571595
2019-03-09,-0.6631019065729247
2019-03-10,-0.6677116506719074
2019-03-11,-0.6888643053371473
2019-03-12,-0.6824602681488181
2019-03-13,-0.6769604438673841
2019-03-14,-0.7333597809799817
2019-03-15,-0.617220403131169
2019-03-16,-0.5632414432455604
2019-03-17,-0.5608853746994314
2019-03-18,-0.6162786728241321
2019-03-19,-0.5304413194506986
2019-03-20,-0.5203321349530435
2019-03-21,-0.5987617266759006
2019-03-22,-0.541242125504349
2019-03-23,-0.5393754175030125
2019-03-24,-0.5515431126771803
2019-03-25,-0.6187038425165883
2019-03-26,-0.5584534138717862
2019-03-27,-0.4853092119298982
2019-03-28,-0.4888252767642603
2019-03-29,-0.4652112231240276
2019-03-30,-0.4595801411959922
2019-03-31,-0.4391645815552687
2019-04-01,-0.4073184713112102
2019-04-02,0.0716349177068309
2019-04-03,0.1278798643947018
2019-04-04,0.0807727068076248
2019-04-05,0.1466254825256186
2019-04-06,0.1771482756581882
2019-04-07,0.2690272569105236
2019-04-08,0.2386370642218593
2019-04-09,0.1076377766429075
2019-04-10,0.1315017465674048
2019-04-11,-0.0800898212250528
2019-04-12,-0.2018371471988017
2019-04-13,-0.203259371987281
2019-04-14,-0.1322247709054604
2019-04-15,-0.2126792634573744
2019-04-16,-0.144705040998493
2019-04-17,-0.1651087866057972
2019-04-18,-0.1475375518388498
2019-04-19,-0.1773680507930425
2019-04-20,-0.1367119117987852
2019-04-21,-0.1664874872758793
2019-04-22,-0.1317313519320704
2019-04-23,-0.0827115192103525
2019-04-24,-0.2965844194914075
2019-04-25,-0.4806439028474689
2019-04-26,-0.3940372918631493
2019-04-27,-0.4643837105391211
2019-04-28,-0.3590473297761333
2019-04-29,-0.4934211046649613
2019-04-30,-0.3691348212339588
2019-05-01,-0.3328034674884711
2019-05-02,-0.2233790827205889
2019-05-03,-0.0824393976389128
2019-05-04,-0.0488679427407128
2019-05-05,-0.0616597345007332
2019-05-06,-0.0751230512241758
2019-05-07,0.0336906400586806
2019-05-08,0.0972812995971506
2019-05-09,0.1872653264095084
2019-05-10,0.2751849134540376
2019-05-11,0.867371829877166
2019-05-12,0.700136402342603
2019-05-13,1.1912158901520715
2019-05-14,1.319912928564576
2019-05-15,1.4420603065982365
2019-05-16,1.2346037140720776
2019-05-17,0.9034234775013126
2019-05-18,0.88071765942395
2019-05-19,1.5869563096965364
2019-05-20,1.3527254135221825
2019-05-21,1.2969587014649555
2019-05-22,1.1849808239816242
2019-05-23,1.250000548025214
2019-05-24,1.2632376299684631
2019-05-25,1.3268753331059209
2019-05-26,1.7632830544219429
2019-05-27,1.9761439302793615
2019-05-28,1.881909103641044
2019-05-29,1.8712989838371537
2019-05-30,1.73168789980388
2019-05-31,1.982063586484489
2019-06-01,2.055746661944272
2019-06-02,2.235648193409868
2019-06-03,1.8239167520020023
2019-06-04,1.3508419128959368
2019-06-05,1.4320729280636422
2019-06-06,1.362867179445019
2019-06-07,1.5359230125198986
2019-06-08,1.4284653840793853
2019-06-09,1.2239506360822696
2019-06-10,1.427188769987076
2019-06-11,1.321110519151382
2019-06-12,1.3901024636889283
2019-06-13,1.3626774206838046
2019-06-14,1.7040452896778318
2019-06-15,1.8029887867282148
2019-06-16,1.8579031828394816
2019-06-17,2.0524915591995385
2019-06-18,1.826920623340762
2019-06-19,1.9536912601509768
2019-06-20,2.0949242649971187
2019-06-21,2.482573871654876
2019-06-22,3.1075962323297897
2019-06-23,3.0860514505257437
2019-06-24,3.044414337187189
2019-06-25,3.5080892360033595
2019-06-26,4.172211280151632
2019-06-27,2.7135626454151804
2019-06-28,3.3336323363274385
2019-06-29,2.966908953301102
2019-06-30,2.2958310266715287
2019-07-01,2.104967330203001
2019-07-02,2.1484069626603124
2019-07-03,2.6965354866272584
2019-07-04,2.197844941019373
2019-07-05,1.985389635892628
2019-07-06,2.0499978720392655
2019-07-07,2.147011034204238
2019-07-08,2.4899007240863664
2019-07-09,2.547117550817543
2019-07-10,2.2149369493640565
2019-07-11,1.7193096728400443
2019-07-12,1.8990650104249331
2019-07-13,1.616834672990136
2019-07-14,1.0429929153866295
2019-07-15,1.32959344263351
2019-07-16,0.5488139219039787
2019-07-17,0.6351431133490442
2019-07-18,1.1030697334970312
2019-07-19,1.0073015965791283
2019-07-20,1.1135425796783267
2019-07-21,1.0106501343065508
2019-07-22,0.8968765368179676
2019-07-23,0.6957960786453669
2019-07-24,0.6037896302691538
2019-07-25,0.6282992825285767
2019-07-26,0.6158989841102974
2019-07-27,0.4135108058250666
2019-07-28,0.4241913560250156
2019-07-29,0.406261890260131
2019-07-30,0.4553409515969887
2019-07-31,0.6762814353276263
2019-08-01,0.8227621572376398
2019-08-02,0.8734649050671238
2019-08-03,0.9839709938377476
2019-08-04,1.060734125837386
2019-08-05,1.4305542061142758
2019-08-06,1.2322888872726092
2019-08-07,1.4643841982569554
2019-08-08,1.4640979321362697
2019-08-09,1.4176065811480356
2019-08-10,1.1792571169563295
2019-08-11,1.2366308455446269
2019-08-12,1.1609384533327396
2019-08-13,0.9223433559502872
2019-08-14,0.5185738944968546
2019-08-15,0.6011250050757533
2019-08-16,0.6403129488303255
2019-08-17,0.4833956384326369
2019-08-18,0.5692150054655424
2019-08-19,0.860164217289709
2019-08-20,0.8005682408107636
2019-08-21,0.4247153861510513
2019-08-22,0.4570420637677883
2019-08-23,0.5438210828747868
2019-08-24,0.4217139740793824
2019-08-25,0.342780010553498
2019-08-26,0.5552095197347413
2019-08-27,0.4429525382475733
2019-08-28,0.1424279668016765
2019-08-29,0.0811154930314847
2019-08-30,0.0138286320575496
2019-08-31,0.0249911765520016
2019-09-01,0.1983606195380277
2019-09-02,0.5257983961275441
2019-09-03,0.641029138482438
2019-09-04,0.5805880212721012
2019-09-05,0.5477375131904452
2019-09-06,0.338544840209365
2019-09-07,0.477118769131325
2019-09-08,0.3929687730667725
2019-09-09,0.3110713439206071
2019-09-10,0.1601994125326434
2019-09-11,0.2315224042723501
2019-09-12,0.2960715036143662
2019-09-13,0.3391654571032317
2019-09-14,0.324491400690208
2019-09-15,0.2669376522289243
2019-09-16,0.2560736965911815
2019-09-17,0.2548339532586053
2019-09-18,0.2553458470032267
2019-09-19,0.2829163065956522
2019-09-20,0.1881109571293097
2019-09-21,0.08259639620803
2019-09-22,0.0915790090266322
2019-09-23,-0.0883346304710428
2019-09-24,-0.7798475504446915
2019-09-25,-0.875057796322683
2019-09-26,-1.1630727036703086
2019-09-27,-1.0695942715807885
2019-09-28,-1.1457176127373627
2019-09-29,-1.2026169419556607
2019-09-30,-1.0955194389113974
2019-10-01,-1.072360631745774
2019-10-02,-1.1012522634338038
2019-10-03,-1.1725617035141989
2019-10-04,-1.219847439486835
2019-10-05,-1.2732774013640185
2019-10-06,-1.35234975555196
2019-10-07,-1.1762762626211811
2019-10-08,-1.17317127725215
2019-10-09,-0.92529163317102
2019-10-10,-0.9429960817676196
2019-10-11,-1.121642327387708
2019-10-12,-1.126455659758358
2019-10-13,-1.14013144041661
2019-10-14,-1.103674355318429
2019-10-15,-1.2164421485819576
2019-10-16,-1.3032920644708972
2019-10-17,-1.278370584545931
2019-10-18,-1.3598480770757175
2019-10-19,-1.3660224393976936
2019-10-20,-1.2124788667808368
2019-10-21,-1.187619906681309
2019-10-22,-1.2505881826726497
2019-10-23,-1.6083513562927667
2019-10-24,-1.609427763294483
2019-10-25,-0.9106446840510164
2019-10-26,-0.5212382183567702
2019-10-27,-0.3312999817136962
2019-10-28,-0.5061235641942303
2019-10-29,-0.401359529095214
2019-10-30,-0.5316702904950624
2019-10-31,-0.5419564422314325
2019-11-01,-0.485387822334419
2019-11-02,-0.4690193154146805
2019-11-03,-0.5645502877296247
2019-11-04,-0.404465089479962
2019-11-05,-0.4402319003034813
2019-11-06,-0.4271567798223251
2019-11-07,-0.5175627971565748
2019-11-08,-0.7909592718729437
2019-11-09,-0.8295611987208289
2019-11-10,-0.6824678379678379
2019-11-11,-0.8506204840159965
2019-11-12,-0.825186766164744
2019-11-13,-0.8138468991689823
2019-11-14,-0.8958408978025352
2019-11-15,-1.0385019307128212
2019-11-16,-1.0449292278109563
2019-11-17,-1.020445632515922
2019-11-18,-1.150824003237607
2019-11-19,-1.2166574328709157
2019-11-20,-1.3795924612662087
2019-11-21,-1.638871425012809
2019-11-22,-1.8530247272846272
2019-11-23,-1.8475173555546809
2019-11-24,-2.0151114036280013
2019-11-25,-1.9151940282075648
2019-11-26,-1.8498991314628412
2019-11-27,-1.65150075309486
2019-11-28,-1.6407032841959266
2019-11-29,-1.4405259460809452
2019-11-30,-1.605311395509633
2019-12-01,-1.649420366666416
2019-12-02,-1.694254756070206
2019-12-03,-1.699112514952683
2019-12-04,-1.7062806877282883
2019-12-05,-1.591860737695452
2019-12-06,-1.4993667004625293
2019-12-07,-1.474370015597565
2019-12-08,-1.5103107523091917
2019-12-09,-1.540455059590427
2019-12-10,-1.6382043973378744
2019-12-11,-1.6534530298198955
2019-12-12,-1.57747110736619
2019-12-13,-1.5822679655444711
2019-12-14,-1.629421598689889
2019-12-15,-1.6032358822993875
2019-12-16,-1.6731244169741817
2019-12-17,-1.8827531252277097
2019-12-18,-1.419132891696572
2019-12-19,-1.5597657539609375
2019-12-20,-1.5104460233314532
2019-12-21,-1.5324079039628196
2019-12-22,-1.2698589426382785
2019-12-23,-1.316559986650358
2019-12-24,-1.3745447560385566
2019-12-25,-1.3145657574808145
2019-12-26,-1.3191452560495245
2019-12-27,-1.29510986922516
2019-12-28,-1.317728708932985
2019-12-29,-1.198919303966442
2019-12-30,-1.331491725237039
2019-12-31,-1.421330641288375
2020-01-01,-1.355304795501256
2020-01-02,-1.4559613879513549
2020-01-03,-1.1934623426737032
2020-01-04,-1.1869511623420017
2020-01-05,-1.1727676012417865
2020-01-06,-1.3257305047765715
2020-01-07,-1.1089754517273864
2020-01-08,-1.1156715030262838
2020-01-09,-1.2323620770954469
2020-01-10,-1.0330086357141717
2020-01-11,-1.1079619678333006
2020-01-12,-1.0347252639175195
2020-01-13,-1.0506667212022394
2020-01-14,-0.6691154632537559
2020-01-15,-0.6910564473305447
2020-01-16,-0.7266804152294906
2020-01-17,-0.6007131841181642
2020-01-18,-0.6046820975687839
2020-01-19,-0.71713779456976
2020-01-20,-0.7754462716716617
2020-01-21,-0.6861141882211222
2020-01-22,-0.7373664048931946
2020-01-23,-0.8523636886444427
2020-01-24,-0.8470863834149822
2020-01-25,-0.8972451227779977
2020-01-26,-0.7246221547512269
2020-01-27,-0.5135714581136869
2020-01-28,-0.2723522224430992
2020-01-29,-0.2424066309988617
2020-01-30,-0.1323135249075852
2020-01-31,-0.2031124007562625
2020-02-01,-0.1888521995303949
2020-02-02,-0.2036757152891553
2020-02-03,-0.2330916565504528
2020-02-04,-0.2895751900495255
2020-02-05,0.0011408425847785
2020-02-06,0.0882192535934383
2020-02-07,0.1266016978556144
2020-02-08,0.1751038127163111
2020-02-09,0.3366229517386166
2020-02-10,0.1967883463622457
2020-02-11,0.4069950184801038
2020-02-12,0.4944852893268843
2020-02-13,0.4145484409301954
2020-02-14,0.479756495063408
2020-02-15,0.2294352685828852
2020-02-16,0.1996642824131706
2020-02-17,0.0886615462714484
2020-02-18,0.4122405987725126
2020-02-19,0.0784022739787611
2020-02-20,0.0623158081713879
2020-02-21,0.0750405161609998
2020-02-22,0.0511332795246722
2020-02-23,0.2701411307115416
2020-02-24,0.1045051763545087
2020-02-25,-0.1047553081672205
2020-02-26,-0.4951062537821552
2020-02-27,-0.576186209550773
2020-02-28,-0.605644836889166
2020-02-29,-0.6425119625304535
2020-03-01,-0.7210269917765705
2020-03-02,-0.4484687935584334
2020-03-03,-0.4774367114014042
2020-03-04,-0.5537322754839881
2020-03-05,-0.2504865270825283
2020-03-06,-0.2272358143599116
2020-03-07,-0.4111865487831906
2020-03-08,-1.0426907688415108
2020-03-09,-1.2035762859262098
2020-03-10,-1.248599909979976
2020-03-11,-1.2624266056831466
2020-03-12,-3.69732919122667
2020-03-13,-2.978926023447173
2020-03-14,-3.3723755768481936
2020-03-15,-3.0923223410817062
2020-03-16,-3.317006053906391
2020-03-17,-3.1030311624101814
2020-03-18,-3.0100501291186608
2020-03-19,-2.3090179788766534
2020-03-20,-2.295857667859557
2020-03-21,-2.3007823613499445
2020-03-22,-2.4974298029835227
2020-03-23,-2.0927184486608823
2020-03-24,-1.8881385109852775
2020-03-25,-1.9169535268338191
2020-03-26,-1.8707142080016164
2020-03-27,-2.005759746200112
2020-03-28,-2.1431534863209114
2020-03-29,-2.309939667395349
2020-03-30,-1.9299999847108988
2020-03-31,-2.7733686443977645
2020-04-01,-2.655463529576262
2020-04-02,-2.505991543076416
2020-04-03,-2.504626899164551
2020-04-04,-2.418724564972162
2020-04-05,-2.4257270660956944
2020-04-06,-2.225347213447463
2020-04-07,-2.2265588627310127
2020-04-08,-2.133399846017456
2020-04-09,-2.1303507404662536
2020-04-10,-2.3093730482498036
2020-04-11,-2.269067332458458
2020-04-12,-2.1601755595419676
2020-04-13,-2.2092700733595687
2020-04-14,-2.1895047778012375
2020-04-15,-2.2488354755192854
2020-04-16,-1.9809401990784865
2020-04-17,-1.9549951286920728
2020-04-18,-1.8510922162226584
2020-04-19,-1.8476093408147585
2020-04-20,-1.9722980351857056
2020-04-21,-1.9314093771687073
2020-04-22,-1.803126926068542
2020-04-23,-1.6397379028548942
2020-04-24,-1.5761679500970165
2020-04-25,-1.5519629525696674
2020-04-26,-1.4859785514460229
2020-04-27,-1.4146780006897168
2020-04-28,-1.3901398432259693
2020-04-29,-0.9495345342690092
2020-04-30,-0.9818281770245548
2020-05-01,-0.8860847516163455
2020-05-02,-0.8313918697277117
2020-05-03,-0.8671618261334801
2020-05-04,-0.8480239878760985
2020-05-05,-0.8086756936215179
2020-05-06,-0.6661331382672602
2020-05-07,-0.3684009541242956
2020-05-08,-0.412817008776362
2020-05-09,-0.5226606601295679
2020-05-10,-0.8736126275418659
2020-05-11,-0.9405989886373516
2020-05-12,-0.846411150405022
2020-05-13,-0.6265472880436448
2020-05-14,-1.4085769206840115
2020-05-15,-1.5358782703538725
2020-05-16,-1.500616427317906
2020-05-17,-1.3937085330828922
2020-05-18,-1.360891677925102
2020-05-19,-1.355767014457075
2020-05-20,-1.405025980270567
2020-05-21,-1.5332281651747204
2020-05-22,-1.4917778945227316
2020-05-23,-1.4670138644140966
2020-05-24,-1.5052206158730812
2020-05-25,-1.544399932920352
2020-05-26,-1.5578345605914643
2020-05-27,-1.4477824240427457
2020-05-28,-1.293670043819355
2020-05-29,-1.3105058917368049
2020-05-30,-1.2160607826543768
2020-05-31,-1.2828827686366404
2020-06-01,-1.034537321415707
2020-06-02,-1.3476825303152848
2020-06-03,-1.3004298332928048
2020-06-04,-1.2377702212563568
2020-06-05,-1.26207826015043
2020-06-06,-1.2582181198136833
2020-06-07,-1.212791778983121
2020-06-08,-1.1964161888577427
2020-06-09,-1.1753668815602991
2020-06-10,-1.1394482158862531
2020-06-11,-1.2919215942694486
2020-06-12,-1.2322557005778347
2020-06-13,-1.2209693728679838
2020-06-14,-1.234020419489751
2020-06-15,-1.2060530349934655
2020-06-16,-1.1696913658914248
2020-06-17,-1.1735894435842291
2020-06-18,-1.1836932428046103
2020-06-19,-1.1960641669469498
2020-06-20,-1.177651024935029
2020-06-21,-1.1743689043352443
2020-06-22,-1.1159579305705138
2020-06-23,-1.110437152511057
2020-06-24,-1.1890163808987495
2020-06-25,-1.1931848432015089
2020-06-26,-1.2084589446356069
2020-06-27,-1.2307813692871714
2020-06-28,-1.1943481336318902
2020-06-29,-1.1688965863468257
2020-06-30,-1.1569722036789871
2020-07-01,-1.1315015077752508
2020-07-02,-1.1733929294583694
2020-07-03,-1.1928945612429651
2020-07-04,-1.1675968693940844
2020-07-05,-1.1685198706070064
2020-07-06,-1.086029637058874
2020-07-07,-1.099532565108283
2020-07-08,-1.0509690555792752
2020-07-09,-1.0764649981093006
2020-07-10,-1.0742222497087672
2020-07-11,-1.0780148507608076
2020-07-12,-1.0563042890978391
2020-07-13,-1.0521753670919032
2020-07-14,-1.0401134221472683
2020-07-15,-1.0447854552211109
2020-07-16,-1.0510830942405427
2020-07-17,-1.0412999317430025
2020-07-18,-1.0349637058664052
2020-07-19,-1.027949476225021
2020-07-20,-1.0271045475467897
2020-07-21,-0.9589505553164284
2020-07-22,-1.0863281748105544
2020-07-23,-1.0732949424359786
2020-07-24,-1.0820013315335395
2020-07-25,-1.0292796305579042
2020-07-26,-0.9749749202979984
2020-07-27,-0.682608595385652
2020-07-28,-0.6989716053785044
2020-07-29,-0.6526459010759735
2020-07-30,-0.638095985859038
2020-07-31,-0.5801832832086323
2020-08-01,-0.4636937243182027
2020-08-02,-0.6356985358916448
2020-08-03,-0.5794748376672546
2020-08-04,-0.5805830377939011
2020-08-05,-0.449863733553536
2020-08-06,-0.4212595776005853
2020-08-07,-0.472846146876935
2020-08-08,-0.4370161921072132
2020-08-09,-0.4475306550525106
2020-08-10,-0.3925106474362529
2020-08-11,-0.4987964424174765
2020-08-12,-0.4603585664444827
2020-08-13,-0.4074226680904459
2020-08-14,-0.425142469733768
2020-08-15,-0.3967433479629646
2020-08-16,-0.387984488019573
2020-08-17,-0.2939760706104791
2020-08-18,-0.3651143214971917
2020-08-19,-0.4218039658714954
2020-08-20,-0.3969976901872816
2020-08-21,-0.4682324186829813
2020-08-22,-0.455470340092708
2020-08-23,-0.4630506468424362
2020-08-24,-0.4094685746247948
2020-08-25,-0.5284209493156728
2020-08-26,-0.4957481468978007
2020-08-27,-0.5347356315518061
2020-08-28,-0.4698718910655557
2020-08-29,-0.480785647902221
2020-08-30,-0.415590450853143
2020-08-31,-1.1630853016271647
2020-09-01,-1.1111076199261396
2020-09-02,-1.2994712233874277
2020-09-03,-1.5976077564048634
2020-09-04,-1.6073410664448862
2020-09-05,-1.7422849935298288
2020-09-06,-1.7327185591467804
2020-09-07,-1.7293266938987055
2020-09-08,-1.8135851402929344
2020-09-09,-1.830416531793829
2020-09-10,-1.8500148332068052
2020-09-11,-1.8939164396329309
2020-09-12,-1.9252823164074209
2020-09-13,-1.977631359289121
2020-09-14,-1.9039264237401496
2020-09-15,-1.9319876801803295
2020-09-16,-1.89319024638016
2020-09-17,-1.9321502262388337
2020-09-18,-1.988738859295922
2020-09-19,-1.9965095677328193
2020-09-20,-2.0716640349015933
2020-09-21,-2.248588810941664
2020-09-22,-2.278252892859385
2020-09-23,-2.424300675615208
2020-09-24,-2.276819024089178
2020-09-25,-2.3011608659969527
2020-09-26,-2.302740642703652
2020-09-27,-2.328584274252315
2020-09-28,-2.2714806809710275
2020-09-29,-2.2245645252650923
2020-09-30,-2.2130605326049406
2020-10-01,-2.2275299429307545
2020-10-02,-2.211826856498183
2020-10-03,-2.2032913011770336
2020-10-04,-2.1346401905090917
2020-10-05,-2.073730399368898
2020-10-06,-2.079634592267622
2020-10-07,-2.035078921058035
2020-10-08,-1.9512238973205
2020-10-09,-1.8895836254001577
2020-10-10,-1.8206265760467024
2020-10-11,-1.7856850491684484
2020-10-12,-1.7187515779599851
2020-10-13,-1.735236189180799
2020-10-14,-1.720262155167004
2020-10-15,-1.6709030601040409
2020-10-16,-1.6931666020236698
2020-10-17,-1.6737513777058015
2020-10-18,-1.6292808816385165
2020-10-19,-1.5384971306058997
2020-10-20,-1.476500133807816
2020-10-21,-1.24398660973575
2020-10-22,-1.185446975069383
2020-10-23,-1.2065863032431088
2020-10-24,-1.173057585558262
2020-10-25,-1.1911255773889953
2020-10-26,-1.1603672001317635
2020-10-27,-1.0163137830856757
2020-10-28,-1.1110549401920904
2020-10-29,-1.0689893738878786
2020-10-30,-1.0227841671468545
2020-10-31,-0.9916479720041128
2020-11-01,-1.008710613183453
2020-11-02,-1.0373807583759134
2020-11-03,-0.9423776753683484
2020-11-04,-0.8965603804652571
2020-11-05,-0.5416648433292798
2020-11-06,-0.5493835390121514
2020-11-07,-0.7357453788528782
2020-11-08,-0.5916490297625469
2020-11-09,-0.6212820125153059
2020-11-10,-0.6432053316294188
2020-11-11,-0.563711033319493
2020-11-12,-0.4282136710537351
2020-11-13,-0.436541924270121
2020-11-14,-0.513790905697222
2020-11-15,-0.5379926237884525
2020-11-16,-0.3511626726520587
2020-11-17,-0.1275254353654344
2020-11-18,-0.0944919530055889
2020-11-19,-0.1068337433500202
2020-11-20,0.0894557666537806
2020-11-21,0.0656842380561783
2020-11-22,-0.0042420008760942
2020-11-23,-0.0261082263821078
2020-11-24,0.153285581657092
2020-11-25,0.0871623464178942
2020-11-26,-0.3900495779410214
2020-11-27,-0.3936413227874494
2020-11-28,-0.2651087048946098
2020-11-29,-0.15334590831862
2020-11-30,0.2684403346320441
2020-12-01,-0.0050137565818639
2020-12-02,0.0701424377969042
2020-12-03,0.1359347471164843
2020-12-04,-0.0594813451923937
2020-12-05,0.0122128725715359
2020-12-06,0.0529684745913236
2020-12-07,0.0319276640224173
2020-12-08,-0.2003026777860947
2020-12-09,-0.1340627675048623
2020-12-10,-0.2169151291403081
2020-12-11,-0.2806524211324833
2020-12-12,-0.1046789017261385
2020-12-13,-0.0190033192586944
2020-12-14,0.0187840268322621
2020-12-15,0.0791027960793673
2020-12-16,0.58519476567612
2020-12-17,0.9191852409549088
2020-12-18,0.9625763927522062
2020-12-19,1.15057651100767
2020-12-20,1.01489761357608
2020-12-21,0.8671310611870937
2020-12-22,1.0830799017809989
2020-12-23,0.9510947261473116
2020-12-24,0.9973312725349768
2020-12-25,1.2121473813078316
2020-12-26,1.6371307896368554
2020-12-27,1.6161839014080572
2020-12-28,1.7462392809343743
2020-12-29,1.7738444763247982
2020-12-30,2.0962830351216297
2020-12-31,2.001708566630254
2021-01-01,1.959924492860221
2021-01-02,2.5009400648747917
2021-01-03,2.670344971652819
2021-01-04,2.1839961501081477
2021-01-05,2.552307785173338
2021-01-06,2.9104515088038228
2021-01-07,3.2088230366130484
2021-01-08,3.2294961410019676
2021-01-09,2.977495026144057
2021-01-10,2.433813449045194
2021-01-11,1.8539461850344643
2021-01-12,1.6082637257739645
2021-01-13,2.181660036861252
2021-01-14,2.428144695894672
2021-01-15,1.9068231521067656
2021-01-16,1.8316784401904995
2021-01-17,1.701158784435669
2021-01-18,1.7998155773144748
2021-01-19,1.7112103369145797
2021-01-20,1.495505025742815
2021-01-21,0.7793638091982548
2021-01-22,1.0138431896928126
2021-01-23,0.8601761648538937
2021-01-24,0.8667213299789706
2021-01-25,0.8870958274860595
2021-01-26,0.9033784324488668
2021-01-27,0.4992820884713584
2021-01-28,0.9014806598311172
2021-01-29,0.9811201981680816
2021-01-30,0.8267679133900787
2021-01-31,0.6383974969561228
2021-02-01,0.6891516272169144
2021-02-02,0.9285881254862284
2021-02-03,1.1263363106645623
2021-02-04,0.9833790049718952
2021-02-05,1.004920812128411
2021-02-06,1.111701257996319
2021-02-07,0.9978366796577762
2021-02-08,1.8308697185549747
2021-02-09,1.7043957739352236
2021-02-10,1.3629962039341228
2021-02-11,1.5795596778465602
2021-02-12,1.4606886110783897
2021-02-13,1.3288115272280137
2021-02-14,1.465807823204573
2021-02-15,1.3267585012863157
2021-02-16,1.4285227109372838
2021-02-17,1.718357973614232
2021-02-18,1.554750343658236
2021-02-19,1.9138500793428108
2021-02-20,1.744856074193683
2021-02-21,1.8173674342765864
2021-02-22,1.4145561248538172
2021-02-23,0.8720404966739131
2021-02-24,0.9333806965172122
2021-02-25,0.6792202257465653
2021-02-26,0.5567539950004126
2021-02-27,0.537415363725595
2021-02-28,0.4199464948555453
2021-03-01,0.8332742643898298
2021-03-02,0.6471155914636559
2021-03-03,0.8231302724818821
2021-03-04,0.5845680929253251
2021-03-05,0.5861747834245999
2021-03-06,0.5821864199451334
2021-03-07,0.7688034856108481
2021-03-08,0.8709100321680084
2021-03-09,1.0123762815531647
2021-03-10,1.0997535763443058
2021-03-11,1.2105599839157577
2021-03-12,1.090351573975905
2021-03-13,1.373073735724882
2021-03-14,1.2688915259194762
2021-03-15,0.8798158654714437
2021-03-16,0.9077370019495684
2021-03-17,1.0889026225425815
2021-03-18,0.9902535145656703
2021-03-19,0.9627965441755632
2021-03-20,0.9256250411550576
2021-03-21,0.8353631380409205
2021-03-22,0.5876077186505936
2021-03-23,0.5631753056514985
2021-03-24,0.3828707169294311
2021-03-25,0.2428543133403971
2021-03-26,0.4767109213096704
2021-03-27,0.5391051835777168
2021-03-28,0.4919744464049007
2021-03-29,0.6253276270096895
2021-03-30,0.682596162985088
2021-03-31,0.6777822529420303
2021-04-01,0.6829146880913065
2021-04-02,0.5890263099612688
2021-04-03,0.4034554430577268
2021-04-04,0.4480269389450665
2021-04-05,0.4533744792380671
2021-04-06,0.3626046856946134
2021-04-07,0.1843455750798701
2021-04-08,0.2445663066451409
2021-04-09,0.2204167561783577
2021-04-10,0.2782727041744453
2021-04-11,0.2852833994561924
2021-04-12,0.2703146253539178
2021-04-13,0.434254619963512
2021-04-14,0.31705078450033
2021-04-15,0.2847668653531913
2021-04-16,0.1197053581763329
2021-04-17,-0.0128044219388325
2021-04-18,-0.3599309660097812
2021-04-19,-0.4157349733425327
2021-04-20,-0.4172735373433271
2021-04-21,-0.6119101374318031
2021-04-22,-0.8011280771734486
2021-04-23,-0.8754170964167566
2021-04-24,-1.0520766502330343
2021-04-25,-1.171841935124455
2021-04-26,-0.8208042225907596
2021-04-27,-0.7722228338859306
2021-04-28,-0.8425624981041928
2021-04-29,-0.9457626554821644
2021-04-30,-0.820921037080009
2021-05-01,-0.8562928245906364
2021-05-02,-0.9705938466626708
2021-05-03,-0.9586714843082452
2021-05-04,-1.2896306024737685
2021-05-05,-1.060621479723981
2021-05-06,-1.2251630634997952
2021-05-07,-1.2327440033699075
2021-05-08,-1.1896495610575455
2021-05-09,-1.2392537227952316
2021-05-10,-1.4202784853541128
2021-05-11,-1.4120875224236584
2021-05-12,-1.9055381764120285
2021-05-13,-1.946498696131324
2021-05-14,-1.9115657276943705
2021-05-15,-2.1306816409831515
2021-05-16,-2.153247711564903
2021-05-17,-2.30335003264444
2021-05-18,-2.3602411028011625
2021-05-19,-2.6111486461684046
2021-05-20,-2.410567666824422
2021-05-21,-2.6182826774955466
2021-05-22,-2.5957258023503647
2021-05-23,-2.73188925504311
2021-05-24,-2.5987412402609467
2021-05-25,-2.5997607583327795
2021-05-26,-2.5401678140149
2021-05-27,-2.532053590652125
2021-05-28,-2.647891483237678
2021-05-29,-2.6536516901355056
2021-05-30,-2.5657892322406206
2021-05-31,-2.4475132705512315
2021-06-01,-2.43806168556995
2021-06-02,-2.3630832807436626
2021-06-03,-2.2612910071289885
2021-06-04,-2.338663010277126
2021-06-05,-2.370686296387279
2021-06-06,-2.3167662613197706
2021-06-07,-2.3732413433969892
2021-06-08,-2.339230804970657
2021-06-09,-2.1401794115753474
2021-06-10,-2.133686116245585
2021-06-11,-2.089112803238074
2021-06-12,-2.1287155657010506
2021-06-13,-1.9622367620386152
2021-06-14,-1.8796498584268888
2021-06-15,-1.8706836206833688
2021-06-16,-1.9239151679570428
2021-06-17,-1.9024342461475428
2021-06-18,-1.9784350434878697
2021-06-19,-1.9548286433565256
2021-06-20,-1.9232825526354265
2021-06-21,-2.0468435509172385
2021-06-22,-2.001584369573643
2021-06-23,-1.926637665851504
2021-06-24,-1.870644027608123
2021-06-25,-1.9546186334867923
2021-06-26,-1.917585679781584
2021-06-27,-1.8181617773119056
2021-06-28,-1.787790105913556
2021-06-29,-1.7172010354004286
2021-06-30,-1.732080746745175
2021-07-01,-1.7592392078885288
2021-07-02,-1.7356796239807035
2021-07-03,-1.6879836645961044
2021-07-04,-1.6477723672752391
2021-07-05,-1.6756536380247171
2021-07-06,-1.646188715437659
2021-07-07,-1.637225533209891
2021-07-08,-1.650684685405798
2021-07-09,-1.5967066386534614
2021-07-10,-1.588334443483307
2021-07-11,-1.5471731376327311
2021-07-12,-1.560956412084797
2021-07-13,-1.5594061391272755
2021-07-14,-1.5393162641574571
2021-07-15,-1.5550816829983438
2021-07-16,-1.5436541157043728
2021-07-17,-1.522886416124516
2021-07-18,-1.4982233484679204
2021-07-19,-1.507804613946056
2021-07-20,-1.5193836779957772
2021-07-21,-1.4397710992682915
2021-07-22,-1.4201318369011524
2021-07-23,-1.3717486258344995
2021-07-24,-1.338085788693819
2021-07-25,-1.2994484258231676
2021-07-26,-1.2278701926724451
2021-07-27,-1.1730015658663575
2021-07-28,-1.1361598678116502
2021-07-29,-1.1247437302614518
2021-07-30,-1.0557563931596854
2021-07-31,-1.0538615475912825
2021-08-01,-1.1027225363510018
2021-08-02,-1.112417244330075
2021-08-03,-1.1254637158430685
2021-08-04,-1.0723327556170112
2021-08-05,-1.031126091108502
2021-08-06,-0.9664592016539194
2021-08-07,-0.9047703693115778
2021-08-08,-0.925650000500538
2021-08-09,-0.8514361168582874
2021-08-10,-0.8649952054672145
2021-08-11,-0.8514206884800984
2021-08-12,-0.8803603277322728
2021-08-13,-0.7710104287327868
2021-08-14,-0.7871552365418312
2021-08-15,-0.7834179503561309
2021-08-16,-0.8051942082404755
2021-08-17,-0.8380845496839354
2021-08-18,-0.824562037135428
2021-08-19,-0.7690420007259905
2021-08-20,-0.6796073681502776
2021-08-21,-0.6904085204159386
2021-08-22,-0.6724413418191492
2021-08-23,-0.6582594802363567
2021-08-24,-0.7060427677032818
2021-08-25,-0.6686218385987845
2021-08-26,-0.7101289814164629
2021-08-27,-0.6549848303784735
2021-08-28,-0.6509221156357027
2021-08-29,-0.6425555822434117
2021-08-30,-0.6959142364147132
2021-08-31,-0.6834267654871684
2021-09-01,-0.6328478887543605
2021-09-02,-0.6126175857178315
2021-09-03,-0.5966438032574425
2021-09-04,-0.5959463250977178
2021-09-05,-0.5355788515005567
2021-09-06,-0.5112555416928023
2021-09-07,-0.6844362564568318
2021-09-08,-0.7160081603937521
2021-09-09,-0.7086817033505742
2021-09-10,-0.7621006315013419
2021-09-11,-0.731083099149877
2021-09-12,-0.6927921857917774
2021-09-13,-0.7195409949349396
2021-09-14,-0.6464027733428713
2021-09-15,-0.6067419175543526
2021-09-16,-0.611221488127004
2021-09-17,-0.6243636249254013
2021-09-18,-0.5900314347168144
2021-09-19,-0.6103749971674587
2021-09-20,-0.7433204988369183
2021-09-21,-0.8187147671931919
2021-09-22,-0.7164568386296734
2021-09-23,-0.6754433380752375
2021-09-24,-0.7399396920799965
2021-09-25,-0.7352806795305532
2021-09-26,-0.7168266052587952
2021-09-27,-0.7433954938487279
2021-09-28,-0.7780420467880863
2021-09-29,-0.75712364627527
2021-09-30,-0.6664119460836485
2021-10-01,-0.5060503591182695
2021-10-02,-0.5055666022206675
2021-10-03,-0.4958493905090081
2021-10-04,-0.4434664844865756
2021-10-05,-0.3528180845726827
2021-10-06,-0.1948059613204761
2021-10-07,-0.2580133168371072
2021-10-08,-0.2495588206310362
2021-10-09,-0.1970731205244597
2021-10-10,-0.2093375893620477
2021-10-11,-0.0904406768455767
2021-10-12,-0.1273271577153049
2021-10-13,-0.0661829126796392
2021-10-14,-0.0605719949747871
2021-10-15,0.1321066433305955
2021-10-16,0.1223161313115818
2021-10-17,0.1591266522811482
2021-10-18,0.1977193802625545
2021-10-19,0.3273817471493899
2021-10-20,0.4201442771232271
2021-10-21,0.2641761653351798
2021-10-22,0.2015793895176103
2021-10-23,0.2447788586516341
2021-10-24,0.2428846466496532
2021-10-25,0.3759502527326585
2021-10-26,0.2573041905834248
2021-10-27,0.1744439476671856
2021-10-28,0.2843563946384839
2021-10-29,0.3855524477915528
2021-10-30,0.3760187489048934
2021-10-31,0.3763192226171047
2021-11-01,0.3770463126643809
2021-11-02,0.5273393933240099
2021-11-03,0.5174697324292312
2021-11-04,0.4136044041098069
2021-11-05,0.4059624514486474
2021-11-06,0.4548644624354179
2021-11-07,0.5699607320178783
2021-11-08,0.8971691354132862
2021-11-09,0.8555346457402739
2021-11-10,0.6849343050225166
2021-11-11,0.7150953445527487
2021-11-12,0.6713069807461951
2021-11-13,0.7397819727155022
2021-11-14,0.8668388757072808
2021-11-15,0.7716024586159694
2021-11-16,0.5405774850161255
2021-11-17,0.5199823212983897
2021-11-18,0.269878142719645
2021-11-19,0.4446717951598831
2021-11-20,0.6056763652300595
2021-11-21,0.4600323413364744
2021-11-22,0.2679598934171154
2021-11-23,0.4402349892246066
2021-11-24,0.4018080704664512
2021-11-25,0.5977977673420104
2021-11-26,0.0466504548251779
2021-11-27,0.1176320586592013
2021-11-28,0.4150863768811705
2021-11-29,0.511976996086076
2021-11-30,0.4122031613662779
2021-12-01,0.3911261271923581
2021-12-02,0.2797864950615144
2021-12-03,-0.0485988292113024
2021-12-04,-0.6234669813328487
2021-12-05,-0.6731208970648362
2021-12-06,-0.5169500049524081
2021-12-07,-0.5185012754328103
2021-12-08,-0.5624472387150937
2021-12-09,-0.8569176297530334
2021-12-10,-0.8984115110764278
2021-12-11,-0.702186706405982
2021-12-12,-0.6162157636424098
2021-12-13,-0.989881033133428
2021-12-14,-0.9159355762917364
2021-12-15,-0.8689931680707302
2021-12-16,-1.003976772798443
2021-12-17,-1.1561325050048052
2021-12-18,-1.082282649350616
2021-12-19,-1.0918388907928849
2021-12-20,-1.08243466694487
2021-12-21,-0.8578088661405822
2021-12-22,-0.8915839790919997
2021-12-23,-0.7237298128068936
2021-12-24,-0.7227944118360059
2021-12-25,-0.7415700435959267
2021-12-26,-0.7356156476811974
2021-12-27,-0.747945805304319
2021-12-28,-1.0598345649751897
2021-12-29,-1.1922910827712832
2021-12-30,-1.1122142957129868
2021-12-31,-1.1890666142977668
2022-01-01,-1.0595943015569218
2022-01-02,-1.0813334832582429
2022-01-03,-1.165461732913412
2022-01-04,-1.224416264641394
2022-01-05,-1.458214970138864
2022-01-06,-1.5018703337021173
2022-01-07,-1.563919643231236
2022-01-08,-1.630534255218922
2022-01-09,-1.6155333166777903
2022-01-10,-1.622221957759593
2022-01-11,-1.5257912363434492
2022-01-12,-1.4316885886013906
2022-01-13,-1.579948631339532
2022-01-14,-1.532083602650512
2022-01-15,-1.5178228624300938
2022-01-16,-1.5236783243254113
2022-01-17,-1.6033378777164071
2022-01-18,-1.5862288254901429
2022-01-19,-1.6494135598542514
2022-01-20,-1.7423877929807448
2022-01-21,-2.0450841430951936
2022-01-22,-2.169596017956818
2022-01-23,-2.1107626733532774
2022-01-24,-2.0784173413809848
2022-01-25,-2.0473694327402896
2022-01-26,-2.0483767657326335
2022-01-27,-2.010904807041856
2022-01-28,-1.9437407674168397
2022-01-29,-1.896479097314605
2022-01-30,-1.9016990028752796
2022-01-31,-1.8555582842244969
2022-02-01,-1.8233251167596427
2022-02-02,-1.9815415522968465
2022-02-03,-1.9695295181150156
2022-02-04,-1.6266278613377885
2022-02-05,-1.6064589342204394
2022-02-06,-1.5183510754428098
2022-02-07,-1.404265186750921
2022-02-08,-1.400607556059409
2022-02-09,-1.3861756733872654
2022-02-10,-1.459456023295264
2022-02-11,-1.5545531970075313
2022-02-12,-1.5574680631678626
2022-02-13,-1.5349162126628575
2022-02-14,-1.4894055946208278
2022-02-15,-1.3591942605723746
2022-02-16,-1.3581944778077475
2022-02-17,-1.619539244354072
2022-02-18,-1.6500271208909691
2022-02-19,-1.6341388940334796
2022-02-20,-1.7249831638733475
2022-02-21,-1.7988830683653196
2022-02-22,-1.7111080961153942
2022-02-23,-1.7618716864031383
2022-02-24,-1.678785616023019
2022-02-25,-1.584453301511523
2022-02-26,-1.5752700618802082
2022-02-27,-1.655481465535583
2022-02-28,-1.2523995086703026
2022-03-01,-1.1573721152674887
2022-03-02,-1.1727251798059728
2022-03-03,-1.2636856696263286
2022-03-04,-1.468771048761432
2022-03-05,-1.4393233683272637
2022-03-06,-1.490002636441762
2022-03-07,-1.4852281217126817
2022-03-08,-1.4343962467768272
2022-03-09,-1.195506304513333
2022-03-10,-1.3603988144790402
2022-03-11,-1.3885005106508728
2022-03-12,-1.361285837398513
2022-03-13,-1.424989664567695
2022-03-14,-1.2877165090064853
2022-03-15,-1.2906482782786215
2022-03-16,-1.1574223513828164
2022-03-17,-1.160920095701541
2022-03-18,-1.1021843643269074
2022-03-19,-1.0643104930069915
2022-03-20,-1.1240808741156596
2022-03-21,-1.1237775923925597
2022-03-22,-1.0196712269623076
2022-03-23,-0.9726950450304058
2022-03-24,-0.8859635969912373
2022-03-25,-0.8439407497263721
2022-03-26,-0.8236474814441224
2022-03-27,-0.6675716321916257
2022-03-28,-0.6338316173480413
2022-03-29,-0.6073164296838733
2022-03-30,-0.6280079658405361
2022-03-31,-0.7343667551292992
2022-04-01,-0.6831667873392683
2022-04-02,-0.695375819119158
2022-04-03,-0.6659456135271462
2022-04-04,-0.6392550218839672
2022-04-05,-0.6977411358348514
2022-04-06,-0.8322106277668688
2022-04-07,-0.8151886447379766
2022-04-08,-0.8940277879471028
2022-04-09,-0.8622113521685633
2022-04-10,-0.8849376171660315
2022-04-11,-1.0443463592592106
2022-04-12,-0.9943110388726748
2022-04-13,-0.9184286458099934
2022-04-14,-0.9845315215625454
2022-04-15,-0.9349926403085708
2022-04-16,-0.9359748076593092
2022-04-17,-0.974581072404654
2022-04-18,-0.8891949005712098
2022-04-19,-0.8416297024278757
2022-04-20,-0.8361881209666202
2022-04-21,-0.8920528021031071
2022-04-22,-0.9367294666597638
2022-04-23,-0.9235706993363004
2022-04-24,-0.9351184517073126
2022-04-25,-0.8626685870791867
2022-04-26,-1.002322406263333
2022-04-27,-0.9151100367070392
2022-04-28,-0.8698438727012834
2022-04-29,-0.9351358499745271
2022-04-30,-0.9862721319521668
2022-05-01,-0.9250926105420488
2022-05-02,-0.9117037473295032
2022-05-03,-0.9522951148467842
2022-05-04,-0.8075232967952212
2022-05-05,-1.0123924125804076
2022-05-06,-1.0349672870794782
2022-05-07,-1.058849196027892
2022-05-08,-1.1546377194977524
2022-05-09,-1.3992835029159525
2022-05-10,-1.3344006046735275
2022-05-11,-1.4694106928131832
2022-05-12,-1.4234594567411647
2022-05-13,-1.3963164234704204
2022-05-14,-1.3039378625775089
2022-05-15,-1.18975747292942
2022-05-16,-1.3010096994358666
2022-05-17,-1.266620844398283
2022-05-18,-1.3690492821289555
2022-05-19,-1.2533759106084403
2022-05-20,-1.3354159322898815
2022-05-21,-1.300044698208129
2022-05-22,-1.2235578842996362
2022-05-23,-1.31895279357665
2022-05-24,-1.268044861862141
2022-05-25,-1.2742288026865785
2022-05-26,-1.2843628600742605
2022-05-27,-1.3437628932224164
2022-05-28,-1.3097223872295138
2022-05-29,-1.2753457435595614
2022-05-30,-1.0691313033529468
2022-05-31,-1.0643412844211335
2022-06-01,-1.2597439826182435
2022-06-02,-1.204458786801735
2022-06-03,-1.2825190785174292
2022-06-04,-1.2783089197674062
2022-06-05,-1.2661439221716897
2022-06-06,-1.1093494809613182
2022-06-07,-1.1242558367261473
2022-06-08,-1.2266829459685704
2022-06-09,-1.244368443415744
2022-06-10,-1.363585554883575
2022-06-11,-1.4458807622627443
2022-06-12,-1.6064188309578382
2022-06-13,-2.1392685629214068
2022-06-14,-2.143959876682376
2022-06-15,-2.0885355515306747
2022-06-16,-2.333492451309446
2022-06-17,-2.3191292250849163
2022-06-18,-2.4898818368224105
2022-06-19,-2.297511221585449
2022-06-20,-2.2797699774705937
2022-06-21,-2.262701311252669
2022-06-22,-2.3126982841693096
2022-06-23,-2.1379410804838908
2022-06-24,-2.0955003708465556
2022-06-25,-2.049399844510589
2022-06-26,-2.088786507706056
2022-06-27,-2.101582656065849
2022-06-28,-2.1262285373922016
2022-06-29,-2.137565841856236
2022-06-30,-2.240904139955106
2022-07-01,-2.165662275552516
2022-07-02,-2.159415897524231
2022-07-03,-2.1287917328459236
2022-07-04,-1.9822159128082848
2022-07-05,-1.961137421828556
2022-07-06,-1.8890043771809395
2022-07-07,-1.7222647345230475
2022-07-08,-1.6757436066245843
2022-07-09,-1.7019399593879476
2022-07-10,-1.7806674490083003
2022-07-11,-1.8746914822165677
2022-07-12,-1.935797178170756
2022-07-13,-1.8249986214906948
2022-07-14,-1.7559819877557374
2022-07-15,-1.7012013783799034
2022-07-16,-1.6390107683864086
2022-07-17,-1.674691100444304
2022-07-18,-1.4921212751492008
2022-07-19,-1.3095850362963748
2022-07-20,-1.3099860498230078
2022-07-21,-1.330052437788378
2022-07-22,-1.3772978324721077
2022-07-23,-1.398295068596301
2022-07-24,-1.3630056382332725
2022-07-25,-1.4864117439830489
2022-07-26,-1.5302492617966947
2022-07-27,-1.2866317266908642
2022-07-28,-1.1447455185147288
2022-07-29,-1.115187078222771
2022-07-30,-1.144423716668217
2022-07-31,-1.1752406884609845
2022-08-01,-1.1637374075174207
2022-08-02,-1.1959644212928444
2022-08-03,-1.216179052816793
2022-08-04,-1.2312870270551837
2022-08-05,-1.1397542252280857
2022-08-06,-1.1692860771746858
2022-08-07,-1.1363807330150524
2022-08-08,-1.0248056146209912
2022-08-09,-1.1015536100514922
2022-08-10,-0.9889750281415628
2022-08-11,-0.9803000397457362
2022-08-12,-0.904916387655852
2022-08-13,-0.890562537928445
2022-08-14,-0.8971985980588107
2022-08-15,-0.918310001253436
2022-08-16,-0.9511612565989994
2022-08-17,-1.006447167664004
2022-08-18,-1.015854717776698
2022-08-19,-1.3207558476607877
2022-08-20,-1.271056132946711
2022-08-21,-1.19459098092866
2022-08-22,-1.2093259608509137
2022-08-23,-1.1778940985164983
2022-08-24,-1.183817973518982
2022-08-25,-1.1417709704197958
2022-08-26,-1.315535839531585
2022-08-27,-1.329549207637447
2022-08-28,-1.37054581604138
2022-08-29,-1.2695704991795698
2022-08-30,-1.3322116004012834
2022-08-31,-1.288484520825379
2022-09-01,-1.25833629497664
2022-09-02,-1.2651104654469385
2022-09-03,-1.2728262388226872
2022-09-04,-1.2345084145494682
2022-09-05,-1.240707667193886
2022-09-06,-1.3583533829023997
2022-09-07,-1.2864771728000342
2022-09-08,-1.2749954689801264
2022-09-09,-0.9893439617210116
2022-09-10,-0.9373479449815032
2022-09-11,-0.9185852527123356
2022-09-12,-0.8262071233483248
2022-09-13,-1.1167667798164864
2022-09-14,-1.086740871052584
2022-09-15,-1.1418764719438947
2022-09-16,-1.1231564217312702
2022-09-17,-1.0617281700351948
2022-09-18,-1.148559609081267
2022-09-19,-1.1150088039951378
2022-09-20,-1.1991421916914862
2022-09-21,-1.2319162437182152
2022-09-22,-1.0992004542703988
2022-09-23,-1.1002018751600806
2022-09-24,-1.1364162686691726
2022-09-25,-1.1434504841229842
2022-09-26,-1.0705886501111757
2022-09-27,-1.0798736468624566
2022-09-28,-1.0112388521040787
2022-09-29,-0.9851070355401412
2022-09-30,-0.9686240722739312
2022-10-01,-0.9737597806602504
2022-10-02,-1.0026706674323158
2022-10-03,-0.9081349093259354
2022-10-04,-0.7906402152548367
2022-10-05,-0.8054091084611066
2022-10-06,-0.8238520996063893
2022-10-07,-0.8841020875091486
2022-10-08,-0.8919147766691828
2022-10-09,-0.885716418055978
2022-10-10,-0.9164579005065936
2022-10-11,-0.9224022293337232
2022-10-12,-0.8953682369714767
2022-10-13,-0.8514368150897411
2022-10-14,-0.8591970125243993
2022-10-15,-0.8723219002968068
2022-10-16,-0.8398001610591167
2022-10-17,-0.7815578377114125
2022-10-18,-0.8055383048993638
2022-10-19,-0.829244129808835
2022-10-20,-0.832548926993079
2022-10-21,-0.7986391619922235
2022-10-22,-0.7896674580493872
2022-10-23,-0.721342383596737
2022-10-24,-0.7535013263838352
2022-10-25,-0.6123351429797593
2022-10-26,-0.4771365560780175
2022-10-27,-0.5729808351038506
2022-10-28,-0.5012378255177392
2022-10-29,-0.4488488760765141
2022-10-30,-0.4783816396129669
2022-10-31,-0.5031165224583656
2022-11-01,-0.4837946559362494
2022-11-02,-0.5340351120858665
2022-11-03,-0.5087978953628286
2022-11-04,-0.3065852499276125
2022-11-05,-0.2925927943229985
2022-11-06,-0.3649441567833031
2022-11-07,-0.4719370344204452
2022-11-08,-0.9026220940322638
2022-11-09,-1.533529821499993
2022-11-10,-1.1184900030838305
2022-11-11,-1.26220194989978
2022-11-12,-1.2930673690849288
2022-11-13,-1.371093378451908
2022-11-14,-1.2986114322897797
2022-11-15,-1.2482471359690892
2022-11-16,-1.2862497472167036
2022-11-17,-1.271187046248324
2022-11-18,-1.2636238143764855
2022-11-19,-1.2779154439475129
2022-11-20,-1.4195088262019426
2022-11-21,-1.5476569972148355
2022-11-22,-1.4153778888790605
2022-11-23,-1.273188021192627
2022-11-24,-1.2836098483785718
2022-11-25,-1.2701551160182516
2022-11-26,-1.2917803921815971
2022-11-27,-1.289136104682858
2022-11-28,-1.320766703180838
2022-11-29,-1.2263487729663067
2022-11-30,-0.9888255535406728
2022-12-01,-1.0386997405081215
2022-12-02,-1.0034409521134209
2022-12-03,-1.0559038926292703
2022-12-04,-0.9841509436065132
2022-12-05,-1.0149663474060129
2022-12-06,-0.9776186244256512
2022-12-07,-1.0448340633724924
2022-12-08,-0.9032919652161672
2022-12-09,-0.930019642533778
2022-12-10,-0.9321956869666536
2022-12-11,-0.934288639269484
2022-12-12,-0.886146194964779
2022-12-13,-0.5996786462811954
2022-12-14,-0.6093346681312125
2022-12-15,-0.7721322830189591
2022-12-16,-1.054050603184957
2022-12-17,-0.991294858448698
2022-12-18,-1.0063161149373123
2022-12-19,-1.122418353267494
2022-12-20,-0.9144965564047648
2022-12-21,-0.948782198571931
2022-12-22,-0.938038129968715
2022-12-23,-0.9340985659305135
2022-12-24,-0.921634234069085
2022-12-25,-0.9382298685371104
2022-12-26,-0.9214916851489474
2022-12-27,-1.00274152650797
2022-12-28,-1.1053692165128643
2022-12-29,-1.0482097338752727
2022-12-30,-1.0423093325713586
2022-12-31,-1.07709757455719
2023-01-01,-1.008051903281637
2023-01-02,-0.9626096209803936
2023-01-03,-0.9190206251963124
2023-01-04,-0.8229155022973925
2023-01-05,-0.8054347732637355
2023-01-06,-0.7271314863487538
2023-01-07,-0.7185017575371476
2023-01-08,-0.6590322351756015
2023-01-09,-0.5380332605118745
2023-01-10,-0.3985485804419605
2023-01-11,-0.1346077412087954
2023-01-12,0.4570286581555663
2023-01-13,1.0833392241141866
2023-01-14,1.7196082025276562
2023-01-15,1.5858083270924794
2023-01-16,1.7529314977177557
2023-01-17,1.8123836296098208
2023-01-18,1.525516809055623
2023-01-19,1.681628732137828
2023-01-20,2.533442588856355
2023-01-21,2.5305912202992893
2023-01-22,2.4064378371265893
2023-01-23,2.513387813973452
2023-01-24,2.3104320731353756
2023-01-25,2.5262371389098908
2023-01-26,2.4202668786199024
2023-01-27,2.413403020753236
2023-01-28,2.3041632141500883
2023-01-29,2.6273853670880385
2023-01-30,2.12818792991466
2023-01-31,2.2799219847176855
2023-02-01,2.4997482249926892
2023-02-02,2.3318988781140844
2023-02-03,2.2835120463473233
2023-02-04,2.193434081631385
2023-02-05,2.0046919424989302
2023-02-06,1.9032834333972453
2023-02-07,2.1165927628927683
2023-02-08,1.9548015876944151
2023-02-09,1.469940673947114
2023-02-10,1.4298788592795308
2023-02-11,1.492508763002294
2023-02-12,1.4529450011866971
2023-02-13,1.5043771561898336
2023-02-14,1.6410358973681494
2023-02-15,2.5592437216933823
2023-02-16,2.248037677195513
2023-02-17,2.572393141864195
2023-02-18,2.5638263442208427
2023-02-19,2.4097203636742903
2023-02-20,2.5525750253522546
2023-02-21,2.3672973788085967
2023-02-22,2.223839935969728
2023-02-23,2.141466978531311
2023-02-24,1.8470428034956945
2023-02-25,1.8240233190711213
2023-02-26,1.9406697746255213
2023-02-27,1.9344283662546455
2023-02-28,1.7993057056110695
2023-03-01,1.9745366507404472
2023-03-02,1.8913092908589044
2023-03-03,1.4691159955040152
2023-03-04,1.4395230719400207
2023-03-05,1.4478105586335563
2023-03-06,1.462065235434595
2023-03-07,1.3878603147051956
2023-03-08,1.188055597902527
2023-03-09,0.6835498065965445
2023-03-10,0.6402258923844782
2023-03-11,0.8940256938235442
2023-03-12,1.2506065032830185
2023-03-13,2.090492147211603
2023-03-14,2.3523720424132204
2023-03-15,2.206536956887126
2023-03-16,2.413360560986813
2023-03-17,3.1285838510241004
2023-03-18,2.8346585717319344
2023-03-19,3.172396021817648
2023-03-20,2.9936991861745725
2023-03-21,3.0064050987571673
2023-03-22,2.689530134061574
2023-03-23,2.907907713687887
2023-03-24,2.58651532860548
2023-03-25,2.515844168414902
2023-03-26,2.624989599585007
2023-03-27,2.35547094500676
2023-03-28,2.349935982930034
2023-03-29,2.5945520439370418
2023-03-30,2.4758482206177783
2023-03-31,2.560432320268915
2023-04-01,2.503957256017387
2023-04-02,2.3810825217707343
2023-04-03,2.2255292150934247
2023-04-04,2.2744840199410494
2023-04-05,2.249528312656039
2023-04-06,2.1708019965245597
2023-04-07,2.1144742396483447
2023-04-08,2.0809904158825483
2023-04-09,2.141196236027723
2023-04-10,2.429291727783284
2023-04-11,2.520983252588435
2023-04-12,2.409737658390221
2023-04-13,2.472128040423701
2023-04-14,2.4421960160050693
2023-04-15,2.35316716761171
2023-04-16,2.307084870746241
2023-04-17,2.1089489944038444
2023-04-18,2.2592985658476863
2023-04-19,1.895121421543725
2023-04-20,1.7669794778988368
2023-04-21,1.554375979722899
2023-04-22,1.648641553544887
2023-04-23,1.577646047594432
2023-04-24,1.5448096631281512
2023-04-25,1.6990609518117905
2023-04-26,1.682041987300709
2023-04-27,1.8985502480860392
2023-04-28,1.8458945957156696
2023-04-29,1.7909390246336323
2023-04-30,1.7910808052175755
2023-05-01,1.51174550732664
2023-05-02,1.610345605952379
2023-05-03,1.6831710024004276
2023-05-04,1.629142807966211
2023-05-05,1.724112347934449
2023-05-06,1.5733542569106838
2023-05-07,1.4671698849649013
2023-05-08,1.3106863211319006
2023-05-09,1.2903762104460743
2023-05-10,1.2764882260780932
2023-05-11,1.1400922965995473
2023-05-12,1.09163481031659
2023-05-13,1.077301050819473
2023-05-14,1.0892366967976674
2023-05-15,1.1584721125688826
2023-05-16,1.1030447652046584
2023-05-17,1.1696299298351789
2023-05-18,1.046003275297395
2023-05-19,1.0526839940310455
2023-05-20,1.083063777297315
2023-05-21,1.0090073883666906
2023-05-22,1.0185791855729525
2023-05-23,1.0917780964300994
2023-05-24,0.9201729823129228
2023-05-25,0.937340982907225
2023-05-26,0.971509913013526
2023-05-27,0.9904991132203544
2023-05-28,1.2169900372968148
2023-05-29,1.1395435930692617
2023-05-30,1.125549742782661
2023-05-31,1.0329948604230217
2023-06-01,0.9333515159784368
2023-06-02,1.0107612897791525
2023-06-03,0.9743610335500614
2023-06-04,0.9696469815066172
2023-06-05,0.7074920163428341
2023-06-06,0.9837913542149952
2023-06-07,0.81029766710551
2023-06-08,0.849846680558747
2023-06-09,0.8397248037494237
2023-06-10,0.7067787255616256
2023-06-11,0.7100828531444546
2023-06-12,0.7082148686620341
2023-06-13,0.6978376092197833
2023-06-14,0.5439335744083632
2023-06-15,0.6292654248958406
2023-06-16,0.7331235094286159
2023-06-17,0.7594896092969159
2023-06-18,0.7326336865158581
2023-06-19,0.815013159836275
2023-06-20,1.1254487453754445
2023-06-21,1.4789020343622568
2023-06-22,1.4571759664932311
2023-06-23,1.5722903893228122
2023-06-24,1.537068173814527
2023-06-25,1.509124435637016
2023-06-26,1.4688327926606262
2023-06-27,1.5569333673315229
2023-06-28,1.423240829802684
2023-06-29,1.4955108046455154
2023-06-30,1.5153408452569144
2023-07-01,1.5243203582865066
2023-07-02,1.5218397781111055
2023-07-03,1.6055799135266606
2023-07-04,1.513874506660492
2023-07-05,1.447557656049214
2023-07-06,1.3331187701655485
2023-07-07,1.4125449529671277
2023-07-08,1.3868046613349014
2023-07-09,1.361757605028134
2023-07-10,1.4159836029041055
2023-07-11,1.4606059079291944
2023-07-12,1.412923930070322
2023-07-13,1.6403996001021754
2023-07-14,1.375621803202833
2023-07-15,1.3503407117147517
2023-07-16,1.3352659585358728
2023-07-17,1.3185321402601873
2023-07-18,1.2477324339077345
2023-07-19,1.261709700445675
2023-07-20,1.2405272140271495
2023-07-21,1.264756629598239
2023-07-22,1.2024797368854732
2023-07-23,1.2959166327484102
2023-07-24,1.0766573658493226
2023-07-25,1.0966059556201386
2023-07-26,1.128225473257507
2023-07-27,1.0921542867425351
2023-07-28,1.1230061199532295
2023-07-29,1.1169690457438906
2023-07-30,1.0892164522181782
2023-07-31,1.0739054822361198
2023-08-01,1.2209191300993576
2023-08-02,1.073620937396764
2023-08-03,1.1062676088326648
2023-08-04,1.0579429005831873
2023-08-05,1.0531539018934408
2023-08-06,1.0460069779536798
2023-08-07,1.0465677604490335
2023-08-08,1.2125129365712914
2023-08-09,1.1410750978904038
2023-08-10,1.0897643997670996
2023-08-11,1.071898296663233
2023-08-12,1.0650170669702512
2023-08-13,1.0144985040621386
2023-08-14,1.0738054893801248
2023-08-15,0.9929518894664412
2023-08-16,0.861226234957826
2023-08-17,0.2047085211598115
2023-08-18,0.0376126448994637
2023-08-19,0.0405101156967593
2023-08-20,0.0591248540262527
2023-08-21,0.0372945277155664
2023-08-22,0.005675193806588
2023-08-23,0.1265130137889411
2023-08-24,0.014525353952695
2023-08-25,-0.0193119372379787
2023-08-26,-0.0469254103038142
2023-08-27,-0.035025179637219
2023-08-28,-0.0354067250947275
2023-08-29,0.471896085347901
2023-08-30,0.3562735056795411
2023-08-31,-0.1449878086157914
2023-09-01,-0.2289374328950315
2023-09-02,-0.2234607540077871
2023-09-03,-0.1919291705022415
2023-09-04,-0.251856375123026
2023-09-05,-0.2441334210793576
2023-09-06,-0.2619324670294407
2023-09-07,-0.0788297127615348
2023-09-08,-0.2122571658629441
2023-09-09,-0.2371812796614526
2023-09-10,-0.2676171413247817
2023-09-11,-0.5405321214170254
2023-09-12,-0.281525399330173
2023-09-13,-0.1431131114605303
2023-09-14,-0.0159702781192831
2023-09-15,0.0222340132404846
2023-09-16,-0.0338379287818609
2023-09-17,-0.0648099997301183
2023-09-18,0.0348039367527973
2023-09-19,0.2332107635088709
2023-09-20,0.1815239342924014
2023-09-21,-0.1063343927462604
2023-09-22,-0.1125168484524992
2023-09-23,-0.1373115576666938
2023-09-24,-0.3149337746252178
2023-09-25,-0.3002669691520385
2023-09-26,-0.3939426342135075
2023-09-27,-0.3470079210721506
2023-09-28,0.0636248235372173
2023-09-29,0.0301009652397382
2023-09-30,0.0651823318390734
2023-10-01,0.6643380357219161
2023-10-02,0.4131671085750286
2023-10-03,0.3124511359004999
2023-10-04,0.524475008101498
2023-10-05,0.2796801901258106
2023-10-06,0.5763779058030815
2023-10-07,0.5656399227753166
2023-10-08,0.5426668042477407
2023-10-09,0.3182019558049402
2023-10-10,0.1987676995392618
2023-10-11,-0.1320153671812373
2023-10-12,-0.1846002244004959
2023-10-13,-0.1148850608279429
2023-10-14,-0.1177084960881969
2023-10-15,0.0629299167614439
2023-10-16,0.9469410491606068
2023-10-17,0.8648939290228207
2023-10-18,0.7801539675341973
2023-10-19,0.8934276269877232
2023-10-20,1.5996928652730995
2023-10-21,1.68375125816428
2023-10-22,1.6999044024278482
2023-10-23,3.4583514559700785
2023-10-24,3.935789254658389
2023-10-25,4.122472270308253
2023-10-26,3.771198630565939
2023-10-27,3.5051671541579386
2023-10-28,3.4730010035042587
2023-10-29,3.567349767637791
2023-10-30,3.442391306966378
2023-10-31,3.4204314782332785
2023-11-01,3.627421408141698
2023-11-02,3.329771289362363
2023-11-03,3.0969339091453483
2023-11-04,3.1286726541330845
2023-11-05,3.058685810659256
2023-11-06,2.9486655841394245
2023-11-07,2.987592033315516
2023-11-08,3.054014406614946
2023-11-09,3.2780680530645174
2023-11-10,3.3769964618211037
2023-11-11,3.1060370831784443
2023-11-12,3.044133768034632
2023-11-13,2.825084309652991
2023-11-14,2.407430829164097
2023-11-15,3.038779302928121
2023-11-16,2.4488522107545228
2023-11-17,2.4886334798680916
2023-11-18,2.4210272302071414
2023-11-19,2.641670101022739
2023-11-20,2.574923492735443
2023-11-21,2.066978043396355
2023-11-22,2.4474419374294265
2023-11-23,2.3429085675540486
2023-11-24,2.3923962339773097
2023-11-25,2.355512179676401
2023-11-26,2.2337962252423287
2023-11-27,2.100734296762624
2023-11-28,2.265849818048759
2023-11-29,2.216704886754824
2023-11-30,2.134956018615798
2023-12-01,2.3356221683548446
2023-12-02,2.486523134999086
2023-12-03,2.552347385831714
2023-12-04,2.989515378037751
2023-12-05,3.385533090945403
2023-12-06,3.243272482877702
2023-12-07,3.041227506707122
2023-12-08,3.1329134820430533
2023-12-09,2.933537842703367
2023-12-10,2.8535591419544097
2023-12-11,2.290792569544268
2023-12-12,2.3153457917860587
2023-12-13,2.5542654174344004
2023-12-14,2.5497791414989495
2023-12-15,2.2537244555019225
2023-12-16,2.2552838477410906
2023-12-17,2.0614481229606305
2023-12-18,2.2744865112943686
2023-12-19,2.1492783656711825
2023-12-20,2.372681069164176
2023-12-21,2.364356358763705
2023-12-22,2.33916673971549
2023-12-23,2.2407355100240047
2023-12-24,2.071802974226126
2023-12-25,2.1457325022419145
2023-12-26,1.9295399144797636
2023-12-27,2.059086800607953
2023-12-28,1.8738295506223
2023-12-29,1.7472101008935406
2023-12-30,1.7669254904774665
2023-12-31,1.754201005486607
2024-01-01,2.0510934056054007
2024-01-02,2.1422550160375913
2024-01-03,1.734154276932728
2024-01-04,1.912011633837299
2024-01-05,1.838834389035758
2024-01-06,1.7513748194638064
2024-01-07,1.717899090226409
2024-01-08,2.20541437540498
2024-01-09,1.9999582612485975
2024-01-10,2.046412636436004
2024-01-11,1.9738154948438429
2024-01-12,1.3520256439345113
2024-01-13,1.3479732482381084
2024-01-14,1.1951547399688185
2024-01-15,1.2939643928135438
2024-01-16,1.378383206026981
2024-01-17,1.274951043411574
2024-01-18,1.0542513425025382
2024-01-19,1.1151616907242687
2024-01-20,1.0973624507679045
2024-01-21,1.0704583091453774
2024-01-22,0.7448392559422549
2024-01-23,0.7955353383718522
2024-01-24,0.792664421494836
2024-01-25,0.7539190790528252
2024-01-26,1.050475003178347
2024-01-27,1.0530889177383425
2024-01-28,1.0254805930375468
2024-01-29,1.1727219206701862
2024-01-30,1.1217701603185155
2024-01-31,1.044006956613383
2024-02-01,1.1052136111408783
2024-02-02,1.100069278851914
2024-02-03,1.0633630529469942
2024-02-04,0.987725732440682
2024-02-05,0.9997583622484542
2024-02-06,1.0371848158304204
2024-02-07,1.1902274676834603
2024-02-08,1.3247642060666238
2024-02-09,1.5637062434873985
2024-02-10,1.6336758054914908
2024-02-11,1.6664640681762557
2024-02-12,1.9124085281735983
2024-02-13,1.84198383335823
2024-02-14,2.081532571537543
2024-02-15,2.056050053773328
2024-02-16,2.0393147365246653
2024-02-17,1.9324708795578431
2024-02-18,1.964966780990771
2024-02-19,1.890942839968814
2024-02-20,1.937647776510468
2024-02-21,1.8107622442721143
2024-02-22,1.7487586369904349
2024-02-23,1.6451111833843912
2024-02-24,1.7257768457470906
2024-02-25,1.7249615068955118
2024-02-26,2.037693880404651
2024-02-27,2.3132719416091643
2024-02-28,2.908699659570681
2024-02-29,2.69210453603838
2024-03-01,2.7267283921379692
2024-03-02,2.5912477133275797
2024-03-03,2.6311061776436944
2024-03-04,3.1649554289936046
2024-03-05,2.6273923228926424
2024-03-06,2.7262546064821
2024-03-07,2.7370182480394356
2024-03-08,2.7645380265585473
2024-03-09,2.6901019113914777
2024-03-10,2.670568248338653
2024-03-11,2.896970090951915
2024-03-12,2.75155328327757
2024-03-13,2.8071770303864425
2024-03-14,2.584058627398876
2024-03-15,2.358481502960051
2024-03-16,1.9278069019161712
2024-03-17,2.194072380649951
2024-03-18,2.0831212674677397
2024-03-19,1.550517563575069
2024-03-20,2.0264909824645483
2024-03-21,1.771670597946044
2024-03-22,1.5763592997086555
2024-03-23,1.629659683034726
2024-03-24,1.865845159641014
2024-03-25,2.065556787158582
2024-03-26,2.0321828103073183
2024-03-27,1.9696065884892364
2024-03-28,2.0331168375471735
2024-03-29,1.930760472547592
2024-03-30,1.8882028462234637
2024-03-31,1.9957056578147057
2024-04-01,1.8422505063856431
2024-04-02,1.448550275783262
2024-04-03,1.460434022953744
2024-04-04,1.6080122372085772
2024-04-05,1.5241872013896145
2024-04-06,1.587277609592167
2024-04-07,1.6095017705300387
2024-04-08,1.7796761677608717
2024-04-09,1.5702931191762148
2024-04-10,1.6662242365813584
2024-04-11,1.6026458456166155
2024-04-12,1.3593937078978626
2024-04-13,1.109162891584093
2024-04-14,1.1904593168260365
2024-04-15,0.9899050181015004
2024-04-16,0.9851754147097987
2024-04-17,0.7529157315151027
2024-04-18,0.8968967632924453
2024-04-19,0.8880805279477426
2024-04-20,0.9392869136533128
2024-04-21,0.9390423864817788
2024-04-22,1.09065042012814
2024-04-23,1.0298977356322812
2024-04-24,0.8463058810030394
2024-04-25,0.8694492539688689
2024-04-26,0.7938522508203583
2024-04-27,0.751692455508519
2024-04-28,0.6839957705420523
2024-04-29,0.7750363531448925
2024-04-30,0.4956604285873122
2024-05-01,0.278667280789163
2024-05-02,0.3384324603648249
2024-05-03,0.6803856842970111
2024-05-04,0.7195666594092586
2024-05-05,0.7299697415066007
2024-05-06,0.65757725776612
2024-05-07,0.5734680221844997
2024-05-08,0.4591958944343989
2024-05-09,0.6300329773479767
2024-05-10,0.422849910873197
2024-05-11,0.4008535008602709
2024-05-12,0.4520498767135482
2024-05-13,0.5947494809516088
2024-05-14,0.4686375672804214
2024-05-15,0.8965095326083792
2024-05-16,0.7759314607957519
2024-05-17,0.9290886329125078
2024-05-18,0.918428913831086
2024-05-19,0.8271304316992498
2024-05-20,1.333198658100882
2024-05-21,1.2154121363962758
2024-05-22,1.0897270595422726
2024-05-23,0.9702458264209376
2024-05-24,1.030156144437132
2024-05-25,1.076207568980187
2024-05-26,0.9951700233326496
2024-05-27,1.0771034734043383
2024-05-28,0.9838869976923006
2024-05-29,0.898482581758914
2024-05-30,0.9592477920954552
2024-05-31,0.8411821025132401
2024-06-01,0.8650731962132877
2024-06-02,0.8619809890655454
2024-06-03,0.953401346331364
2024-06-04,1.1266962651793846
2024-06-05,1.1607929406643456
2024-06-06,1.1143593124597169
2024-06-07,0.9668903781368888
2024-06-08,0.9586211196141472
2024-06-09,0.9825295458781432
2024-06-10,0.9614736873127672
2024-06-11,0.7231838884345783
2024-06-12,0.8012909010060719
2024-06-13,0.6267463736301574
2024-06-14,0.5452498904984233
2024-06-15,0.5557519107078165
2024-06-16,0.5886645432328533
2024-06-17,0.564820604894448
2024-06-18,0.3988420892134243
2024-06-19,0.3556142604962724
2024-06-20,0.3425046455174912
2024-06-21,0.2443558290526777
2024-06-22,0.2552111235957364
2024-06-23,0.1368510202202046
2024-06-24,-0.187662112244408
2024-06-25,-0.0424847004692854
2024-06-26,-0.1550577077678311
2024-06-27,-0.0493137719910681
2024-06-28,-0.1898350395363289
2024-06-29,-0.1274968838164998
2024-06-30,0.0802989920288261
2024-07-01,0.0729848156812615
2024-07-02,-0.0268398151157047
2024-07-03,-0.247986427981996
2024-07-04,-0.6163831630502609
2024-07-05,-0.6956615035615513
2024-07-06,-0.5331515180811854
2024-07-07,-0.8145853893272931
2024-07-08,-0.7329335900984388
2024-07-09,-0.5746221108091157
2024-07-10,-0.6280092161033918
2024-07-11,-0.6627363998243498
2024-07-12,-0.6080281049852299
2024-07-13,-0.4617110705552837
2024-07-14,-0.2883283898440804
2024-07-15,0.1918503912671493
2024-07-16,0.2062114861281498
2024-07-17,0.0681620441293116
2024-07-18,0.0251865511392949
2024-07-19,0.3398780325773287
2024-07-20,0.3701509370689932
2024-07-21,0.4568418328274269
2024-07-22,0.4027451257172654
2024-07-23,0.1719283493794434
2024-07-24,0.0933833346233063
2024-07-25,0.1457021217451062
2024-07-26,0.3979999829737147
2024-07-27,0.4105024840983274
2024-07-28,0.4147436401741906
2024-07-29,0.2544913418930439
2024-07-30,0.1833091992715594
2024-07-31,-0.0140653650113662
2024-08-01,0.0688318759901222
2024-08-02,-0.4361160331068618
2024-08-03,-0.5934591301845519
2024-08-04,-0.921067515261622
2024-08-05,-1.4301276001570364
2024-08-06,-1.2616653493518457
2024-08-07,-1.4254432232742351
2024-08-08,-0.556037343788347
2024-08-09,-0.7355765697191209
2024-08-10,-0.7512946202920684
2024-08-11,-1.04634277851083
2024-08-12,-0.9939715866203724
2024-08-13,-0.864281050383655
2024-08-14,-1.1578888083886494
2024-08-15,-1.361172668268602
2024-08-16,-1.211806814859249
2024-08-17,-1.157419316103964
2024-08-18,-1.2800889878234354
2024-08-19,-1.2122600222223034
2024-08-20,-1.2929013724193137
2024-08-21,-1.0053169943790965
2024-08-22,-1.1334105132736705
2024-08-23,-0.6239471345442684
2024-08-24,-0.6482342980823897
2024-08-25,-0.6065030208287469
2024-08-26,-0.8304177030176484
2024-08-27,-1.397312513397715
2024-08-28,-1.497533007814821
2024-08-29,-1.457563908033327
2024-08-30,-1.5087527086031614
2024-08-31,-1.5389088511965936
2024-09-01,-1.79883592309756
2024-09-02,-1.489285599651107
2024-09-03,-1.7062872211652655
2024-09-04,-1.6697547262077983
2024-09-05,-1.9389421077883844
2024-09-06,-2.2744395893155644
2024-09-07,-2.230212353940689
2024-09-08,-2.065552677047643
2024-09-09,-1.7103364605504825
2024-09-10,-1.6522512577368105
2024-09-11,-1.679032302870875
2024-09-12,-1.5508318026089372
2024-09-13,-1.1838162961529946
2024-09-14,-1.2830009039748975
2024-09-15,-1.4017642829762074
2024-09-16,-1.5066384444152603
2024-09-17,-1.1987070753050362
2024-09-18,-1.036844343873067
2024-09-19,-0.7650555683581252
2024-09-20,-0.7721336793704804
2024-09-21,-0.7127089518752295
2024-09-22,-0.6896744273829684
2024-09-23,-0.7207838686608669
2024-09-24,-0.5829974948342592
2024-09-25,-0.7623091555774706
2024-09-26,-0.4806080509484586
2024-09-27,-0.3499517892728161
2024-09-28,-0.3179260237331447
2024-09-29,-0.3523924671179358
2024-09-30,-0.7012269509490036
2024-10-01,-1.067267662288022
2024-10-02,-1.1135107018020212
2024-10-03,-1.0816288414075816
2024-10-04,-0.8608325183585627
2024-10-05,-0.8504180032075077
2024-10-06,-0.7185650701480074
2024-10-07,-0.7585309770556459
2024-10-08,-0.7825375575160536
2024-10-09,-1.0105832054793875
2024-10-10,-1.078927467914509
2024-10-11,-0.6937289955681861
2024-10-12,-0.5743390901945122
2024-10-13,-0.6284829188624617
2024-10-14,-0.0246630311302987
2024-10-15,0.1569056041583892
2024-10-16,0.257331380351232
2024-10-17,0.2254991189529675
2024-10-18,0.4105967276897527
2024-10-19,0.3997548619158311
2024-10-20,0.5128327227060966
2024-10-21,0.2607393805612386
2024-10-22,0.2824709271901586
2024-10-23,0.155580161333957
2024-10-24,0.3393102256348129
2024-10-25,-0.0202711992602688
2024-10-26,0.1268231435171224
2024-10-27,0.3201456551159098
2024-10-28,0.7063749453489844
2024-10-29,1.2892358252423697
2024-10-30,1.2108439180424573
2024-10-31,0.7743302183984735
2024-11-01,0.6062748603259162
2024-11-02,0.5511985841530744
2024-11-03,0.4756232121920405
2024-11-04,0.2565513924503034
2024-11-05,0.5939235810186497
2024-11-06,1.6582056213080478
2024-11-07,1.6272551645028308
2024-11-08,1.6326720770026817
2024-11-09,1.5926500806357833
2024-11-10,2.2376207793528895
2024-11-11,3.633463326340973
2024-11-12,3.458666649233493
2024-11-13,3.598690481148128
2024-11-14,2.843798425046638
2024-11-15,3.2826210044654394
2024-11-16,3.058083366734181
2024-11-17,2.875749719003186
2024-11-18,2.884138358398423
2024-11-19,3.01867390082119
2024-11-20,3.1109475424726516
2024-11-21,3.454952805236079
2024-11-22,
2024-11-23,
2024-11-24,3.281669273151386
2024-11-25,2.6445363412973775
2024-11-26,2.435080600457609
2024-11-27,2.826200171087783
2024-11-28,2.6896121958870354
2024-11-29,2.775946541794687
2024-11-30,2.567730056501382
2024-12-01,2.5930870692530728
2024-12-02,2.358246871429324
2024-12-03,2.316026209684088
2024-12-04,2.5369211472496644
2024-12-05,2.278720176989218
2024-12-06,2.462644585779053
2024-12-07,2.337151485097544
2024-12-08,2.417121006897733
2024-12-09,2.0197393646657873
2024-12-10,1.898367953398919
2024-12-11,2.2694244662998697
2024-12-12,2.0586861946236388
2024-12-13,2.115311631107552
2024-12-14,2.089118086721096
2024-12-15,2.3398192976371446
2024-12-16,2.408811006821335
2024-12-17,2.3586480154526073
2024-12-18,1.8357010581468096
2024-12-19,1.5586017802094163
2024-12-20,1.5349143981730435
2024-12-21,1.4919428812602205
2024-12-22,1.3060394545148435
2024-12-23,1.2616310334001777
2024-12-24,1.5927999492644538
2024-12-25,1.6321877362557742
2024-12-26,1.3147654550390735
2024-12-27,1.161965184540357
2024-12-28,1.2744593191050813
2024-12-29,1.1363807415425111
2024-12-30,1.0311595485337135
2024-12-31,1.1457402953181104
2025-01-01,1.2408141257812464
2025-01-02,1.4182878283018745
2025-01-03,1.4573242926851908
2025-01-04,1.441936457367549
2025-01-05,1.4394627218835334
2025-01-06,1.7146777495533685
2025-01-07,1.276608348310621
2025-01-08,1.1154554248150437
2025-01-09,0.8905362378312519
2025-01-10,1.0672825198596434
2025-01-11,1.0561403782609995
2025-01-12,1.0161911801958372
2025-01-13,1.0035784253815283
2025-01-14,1.178399342224375
2025-01-15,1.42647398726652
2025-01-16,1.3791584689003
2025-01-17,1.652918083252395
2025-01-18,1.620829411178738
2025-01-19,1.3693432259255287
2025-01-20,1.3745866571635672
2025-01-21,1.5427062662564617
2025-01-22,1.3329429342477874
2025-01-23,1.311385706988193
2025-01-24,1.3139314809728369
2025-01-25,1.2975126358480105
2025-01-26,1.1238534376026323
2025-01-27,1.0533526406041211
2025-01-28,0.9814085494618304
2025-01-29,1.158325159029575
2025-01-30,1.2050691993557066
2025-01-31,1.000251869323502
2025-02-01,0.8751017552031137
2025-02-02,0.6288563867826592
2025-02-03,0.8707203120148361
2025-02-04,0.5385183964060473
2025-02-05,0.4159830289976018
2025-02-06,0.3577150269416819
2025-02-07,0.3372398193907625
2025-02-08,0.33123398339056537
2025-02-09,0.30844220657331667
2025-02-10,0.3822852417936469
2025-02-11,0.2594664614491008
2025-02-12,0.40670661224675575
2025-02-13,0.3159329502742944
2025-02-14,0.37253075051729906
2025-02-15,0.36561063315760867
2025-02-16,0.2552767752716007
2025-02-17,0.2266768554392076
