Date,Close,state,raw_state,returns,cum_returns,portfolio_value,transaction_costs,cumulative_costs,bnh_returns,bnh_cum_returns,bnh_portfolio_value
2024-04-05,68542.0,Flat,2,0.0,1.0,1000.0,0.0,0.0,0.0,1.0,1000.0
2024-04-06,67979.0,Long,1,0.0,1.0,1000.0,0.0,0.0,-0.008213941816696324,0.9917860581833037,991.7860581833037
2024-04-07,69001.0,Long,1,-0.0010000000000000009,0.999,999.0,1.0,1.0,0.015034054634519567,1.0066966239677864,1006.6966239677863
2024-04-08,69402.0,Long,1,0.015236804102443102,1.0142215672983408,1014.2215672983407,0.0,1.0,0.005811509978116192,1.0125470514429111,1012.5470514429111
2024-04-09,71624.0,Long,1,0.006952508128193147,1.0212729509887712,1021.2729509887712,0.0,1.0,0.03201636840436883,1.0449651308686647,1044.9651308686648
2024-04-10,69159.0,Long,1,0.032490090090090185,1.0544542011729687,1054.4542011729686,0.0,1.0,-0.03441583826650285,1.0090017799305537,1009.0017799305538
2024-04-11,70528.0,Long,1,-0.03513939884683581,1.01740131443223,1017.40131443223,0.0,1.0,0.01979496522506108,1.0289749350763038,1028.9749350763038
2024-04-12,70107.0,Long,1,0.02155920824169466,1.0393356812354484,1039.3356812354484,0.0,1.0,-0.005969260435571666,1.022832715707158,1022.832715707158
2024-04-13,67252.0,Flat,2,-0.008526670632559963,1.0304736082048864,1030.4736082048864,0.0,1.0,-0.04072346555978723,0.9811794228356339,981.1794228356339
2024-04-14,64405.0,Flat,2,-0.04104285714285727,0.9881800271138486,988.1800271138486,1.0304736082048864,2.030473608204886,-0.04233331350740499,0.9396428467217183,939.6428467217182
2024-04-15,65753.0,Flat,2,0.0,0.9881800271138486,988.1800271138486,0.0,2.030473608204886,0.02093005201459519,0.9593096203787461,959.3096203787461
2024-04-16,63431.0,Flat,2,0.0,0.9881800271138486,988.1800271138486,0.0,2.030473608204886,-0.0353139780694417,0.9254325814828867,925.4325814828867
2024-04-17,63721.0,Flat,2,0.0,0.9881800271138486,988.1800271138486,0.0,2.030473608204886,0.0045718970219608135,0.9296635639461938,929.6635639461938
2024-04-18,61329.0,Flat,2,0.0,0.9881800271138486,988.1800271138486,0.0,2.030473608204886,-0.037538645030680606,0.8947652534212601,894.7652534212601
2024-04-19,63462.0,Flat,2,0.0,0.9881800271138486,988.1800271138486,0.0,2.030473608204886,0.034779631169593594,0.9258848589186195,925.8848589186194
2024-04-20,63989.0,Long,1,0.0,0.9881800271138486,988.1800271138486,0.0,2.030473608204886,0.008304182030191232,0.9335735753260777,933.5735753260776
2024-04-21,64894.0,Long,1,-0.0010000000000000009,0.9871918470867348,987.1918470867348,0.9881800271138487,3.018653635318735,0.014143055837722018,0.9467771585305361,946.7771585305361
2024-04-22,64936.0,Long,1,0.01777854356917974,1.0047426803513053,1004.7426803513054,0.0,3.018653635318735,0.0006472092951581576,0.9473899215079805,947.3899215079805
2024-04-23,66842.0,Long,1,-0.0008772469835015562,1.0038612728657719,1003.8612728657719,0.0,3.018653635318735,0.029351977331526502,0.9751976890081995,975.1976890081995
2024-04-24,66407.0,Long,1,0.029590720744312238,1.0335662514571726,1033.5662514571727,0.0,3.018653635318735,-0.006507884264384645,0.9688512153132387,968.8512153132388
2024-04-25,64280.0,Long,1,-0.0061490125673249185,1.0272108395877997,1027.2108395877997,0.0,3.018653635318735,-0.03202975589922752,0.9378191473840858,937.8191473840858
2024-04-26,64486.0,Flat,2,-0.0328470999111834,0.9934699425100086,993.4699425100087,0.0,3.018653635318735,0.0032047293092718476,0.9408246038925039,940.8246038925039
2024-04-27,63802.0,Flat,2,0.0028756673463350424,0.9963268315832501,996.32683158325,0.9934699425100086,4.012123577828744,-0.010606953447259926,0.9308453211169794,930.8453211169793
2024-04-28,63517.0,Flat,2,0.0,0.9963268315832501,996.32683158325,0.0,4.012123577828744,-0.004466944609886836,0.9266872866271775,926.6872866271775
2024-04-29,63030.0,Flat,2,0.0,0.9963268315832501,996.32683158325,0.0,4.012123577828744,-0.007667238692003697,0.9195821540077617,919.5821540077617
2024-04-30,63798.0,Flat,2,0.0,0.9963268315832501,996.32683158325,0.0,4.012123577828744,0.012184673964778625,0.9307869627381751,930.786962738175
2024-05-01,60749.0,Flat,2,0.0,0.9963268315832501,996.32683158325,0.0,4.012123577828744,-0.04779146681714164,0.8863032884946456,886.3032884946456
2024-05-02,58298.0,Flat,2,0.0,0.9963268315832501,996.32683158325,0.0,4.012123577828744,-0.04034634314968144,0.8505441918823495,850.5441918823495
2024-05-03,59135.0,Flat,2,0.0,0.9963268315832501,996.32683158325,0.0,4.012123577828744,0.01435726783080038,0.8627556826471361,862.755682647136
2024-05-04,62839.0,Long,1,0.0,0.9963268315832501,996.32683158325,0.0,4.012123577828744,0.06263634057664658,0.9167955414198593,916.7955414198593
2024-05-05,63820.0,Long,1,-0.0010000000000000009,0.9953305047516668,995.3305047516668,0.9963268315832501,5.008450409411994,0.015611324177660313,0.9311079338215983,931.1079338215983
2024-05-06,64010.0,Long,1,0.016346260872330598,1.011600436836526,1011.600436836526,0.0,5.008450409411994,0.0029771231588844316,0.9338799568147996,933.8799568147996
2024-05-07,63172.0,Long,1,0.0017366271883849649,1.0133572096589185,1013.3572096589185,0.0,5.008450409411994,-0.013091704421184236,0.9216538764553119,921.6538764553119
2024-05-08,62363.0,Long,1,-0.013572187168113925,0.9996037359412699,999.60373594127,0.0,5.008450409411994,-0.012806306591527927,0.909850894342155,909.850894342155
2024-05-09,61216.0,Long,1,-0.013078104466505147,0.9865308138575213,986.5308138575213,0.0,5.008450409411994,-0.018392315956576866,0.8931166292200401,893.1166292200401
2024-05-10,63149.0,Flat,2,-0.018369082187605246,0.9684091482571673,968.4091482571673,0.0,5.008450409411994,0.031576711970726645,0.9213183157771876,921.3183157771875
2024-05-11,60888.0,Flat,2,0.02967594953258823,0.9971476092677437,997.1476092677437,0.9684091482571673,5.976859557669162,-0.03580420909278059,0.8883312421580927,888.3312421580927
2024-05-12,60777.0,Flat,2,0.0,0.9971476092677437,997.1476092677437,0.0,5.976859557669162,-0.0018230193141505202,0.8867117971462751,886.7117971462751
2024-05-13,61507.0,Flat,2,0.0,0.9971476092677437,997.1476092677437,0.0,5.976859557669162,0.012011122628625914,0.8973622012780483,897.3622012780484
2024-05-14,62879.0,Flat,2,0.0,0.9971476092677437,997.1476092677437,0.0,5.976859557669162,0.022306404149121217,0.9173791252079015,917.3791252079016
2024-05-15,61569.0,Long,1,0.0,0.9971476092677437,997.1476092677437,0.0,5.976859557669162,-0.020833664657516793,0.898266756149514,898.266756149514
2024-05-16,66221.0,Long,1,-0.0010000000000000009,0.9961504616584761,996.150461658476,0.9971476092677438,6.9740071669369055,0.07555750458834809,0.9661375506988414,966.1375506988414
2024-05-17,65261.0,Long,1,0.07619434514137136,1.0720514937468184,1072.0514937468183,0.0,6.9740071669369055,-0.014496911855755745,0.9521315397858245,952.1315397858245
2024-05-18,67053.0,Long,1,-0.015295414395506413,1.055654021896639,1055.654021896639,0.0,6.9740071669369055,0.027458972433765938,0.9782760934901226,978.2760934901225
2024-05-19,66913.0,Long,1,0.028259936211972425,1.0854867372173502,1085.4867372173503,0.0,6.9740071669369055,-0.0020879006159306712,0.9762335502319743,976.2335502319743
2024-05-20,66253.0,Long,1,-0.0017745567336224788,1.0835604794185634,1083.5604794185633,0.0,6.9740071669369055,-0.00986355416735163,0.9666044177292753,966.6044177292753
2024-05-21,71430.0,Long,1,-0.009964146997311185,1.0727637235211598,1072.7637235211598,0.0,6.9740071669369055,0.07813985781775923,1.0421347494966589,1042.1347494966587
2024-05-22,70190.0,Long,1,0.07832752402939347,1.156790649853125,1156.7906498531252,0.0,6.9740071669369055,-0.01735965280694385,1.0240436520673455,1024.0436520673454
2024-05-23,69181.0,Long,1,-0.018540803761334268,1.135342821421252,1135.342821421252,0.0,6.9740071669369055,-0.014375267132070046,1.0093227510139768,1009.3227510139768
2024-05-24,67906.0,Long,1,-0.014457006800781325,1.1189291625307467,1118.9291625307467,0.0,6.9740071669369055,-0.018429915728306878,0.9907210177701263,990.7210177701263
2024-05-25,68540.0,Long,1,-0.01717179023508153,1.0997151456638532,1099.7151456638533,0.0,6.9740071669369055,0.009336435661060793,0.9999708208105977,999.9708208105977
2024-05-26,69268.0,Long,1,0.00852247637551895,1.1090874420125738,1109.0874420125738,0.0,6.9740071669369055,0.01062153487014883,1.010592045752969,1010.5920457529689
2024-05-27,68509.0,Long,1,0.011500795423033727,1.121842829789416,1121.842829789416,0.0,6.9740071669369055,-0.01095744066524229,0.9995185433748649,999.5185433748649
2024-05-28,69367.0,Long,1,-0.011528749729456833,1.1089093845689884,1108.9093845689883,0.0,6.9740071669369055,0.012523901969084372,1.0120364156283737,1012.0364156283737
2024-05-29,68317.0,Long,1,0.013064549090590516,1.1233967856607063,1123.3967856607064,0.0,6.9740071669369055,-0.015136880649300077,0.9967173411922615,996.7173411922615
2024-05-30,67577.0,Long,1,-0.015835506692987167,1.105607228342496,1105.607228342496,0.0,6.9740071669369055,-0.01083185737078618,0.9859210411134777,985.9210411134777
2024-05-31,68372.0,Long,1,-0.010761031887792427,1.0937097537029286,1093.7097537029285,0.0,6.9740071669369055,0.01176435769566564,0.9975197689008197,997.5197689008197
2024-06-01,67475.0,Long,1,0.011780898959551367,1.1065946378023788,1106.5946378023787,0.0,6.9740071669369055,-0.013119405604633427,0.9844329024539696,984.4329024539696
2024-06-02,67704.0,Long,1,-0.012901715840439865,1.0923176682348978,1092.3176682348978,0.0,6.9740071669369055,0.0033938495739163077,0.9877739196405122,987.7739196405122
2024-06-03,67740.0,Long,1,0.0036751085490731583,1.0963320542357318,1096.3320542357317,0.0,6.9740071669369055,0.0005317263381778847,0.9882991450497502,988.2991450497502
2024-06-04,68808.0,Long,1,0.00031005920654370023,1.0966719820825765,1096.6719820825765,0.0,6.9740071669369055,0.015766164747564204,1.0038808321904815,1003.8808321904816
2024-06-05,70600.0,Long,1,0.015645756457564497,1.1138302448280752,1113.8302448280751,0.0,6.9740071669369055,0.026043483315893567,1.0300253858947797,1030.0253858947797
2024-06-06,71185.0,Long,1,0.025170760063944142,1.1418661986726066,1141.8661986726067,0.0,6.9740071669369055,0.008286118980169954,1.0385602987948992,1038.5602987948992
2024-06-07,70760.0,Long,1,0.007258087380567657,1.150153963319489,1150.153963319489,0.0,6.9740071669369055,-0.005970358923930608,1.032359721046949,1032.359721046949
2024-06-08,69325.0,Long,1,-0.003940664846454833,1.1456215920282253,1145.6215920282252,0.0,6.9740071669369055,-0.02027981910684007,1.011423652650929,1011.4236526509291
2024-06-09,69315.0,Long,1,-0.0202758074999293,1.1223931891604984,1122.3931891604984,0.0,6.9740071669369055,-0.00014424810674362742,1.0112777567039184,1011.2777567039184
2024-06-10,69654.0,Long,1,-0.000490344539148313,1.1218428297894163,1121.8428297894163,0.0,6.9740071669369055,0.0048907162951741245,1.0162236293075775,1016.2236293075774
2024-06-11,69493.0,Long,1,0.004963566842219214,1.1274111716615405,1127.4111716615405,0.0,6.9740071669369055,-0.002311425043787896,1.0138747045607068,1013.8747045607068
2024-06-12,67329.0,Long,1,-0.0018521443236801938,1.1253230434594939,1125.3230434594939,0.0,6.9740071669369055,-0.031139827032938605,0.9823028216276147,982.3028216276148
2024-06-13,68225.0,Flat,2,-0.032091484464902065,1.089209756492317,1089.2097564923172,0.0,6.9740071669369055,0.013307787134815507,0.9953750984797637,995.3750984797637
2024-06-14,66700.0,Flat,2,0.013281680512416738,1.1036762924890555,1103.6762924890554,1.089209756492317,8.063216923429223,-0.02235251007695127,0.9731259665606484,973.1259665606484
2024-06-15,66011.0,Flat,2,0.0,1.1036762924890555,1103.6762924890554,0.0,8.063216923429223,-0.010329835082458771,0.9630737358116186,963.0737358116186
2024-06-16,66190.0,Flat,2,0.0,1.1036762924890555,1103.6762924890554,0.0,8.063216923429223,0.0027116692672433107,0.9656852732631082,965.6852732631081
2024-06-17,66616.0,Flat,2,0.0,1.1036762924890555,1103.6762924890554,0.0,8.063216923429223,0.0064360175253059815,0.9719004406057594,971.9004406057594
2024-06-18,66460.0,Flat,2,0.0,1.1036762924890555,1103.6762924890554,0.0,8.063216923429223,-0.002341779752611961,0.9696244638323942,969.6244638323942
2024-06-19,65109.0,Flat,2,0.0,1.1036762924890555,1103.6762924890554,0.0,8.063216923429223,-0.020328016852241948,0.9499139213912632,949.9139213912632
2024-06-20,64907.0,Flat,2,0.0,1.1036762924890555,1103.6762924890554,0.0,8.063216923429223,-0.003102489671166775,0.9469668232616493,946.9668232616493
2024-06-21,64845.0,Flat,2,0.0,1.1036762924890555,1103.6762924890554,0.0,8.063216923429223,-0.0009552128429907158,0.9460622683901836,946.0622683901836
2024-06-22,64072.0,Flat,2,0.0,1.1036762924890555,1103.6762924890554,0.0,8.063216923429223,-0.011920734058138649,0.9347845116862649,934.7845116862649
2024-06-23,64240.0,Flat,2,0.0,1.1036762924890555,1103.6762924890554,0.0,8.063216923429223,0.0026220501935323437,0.9372355635960429,937.2355635960429
2024-06-24,63221.0,Flat,2,0.0,1.1036762924890555,1103.6762924890554,0.0,8.063216923429223,-0.015862391033623857,0.9223687665956636,922.3687665956636
2024-06-25,60363.0,Flat,2,0.0,1.1036762924890555,1103.6762924890554,0.0,8.063216923429223,-0.045206497840907245,0.8806717049400364,880.6717049400364
2024-06-26,61770.0,Flat,2,0.0,1.1036762924890555,1103.6762924890554,0.0,8.063216923429223,0.02330898066696485,0.9011992646844267,901.1992646844267
2024-06-27,60750.0,Flat,2,0.0,1.1036762924890555,1103.6762924890554,0.0,8.063216923429223,-0.01651287032540072,0.8863178780893463,886.3178780893462
2024-06-28,61563.0,Flat,2,0.0,1.1036762924890555,1103.6762924890554,0.0,8.063216923429223,0.013382716049382681,0.8981792185813073,898.1792185813073
2024-06-29,60317.0,Flat,2,0.0,1.1036762924890555,1103.6762924890554,0.0,8.063216923429223,-0.020239429527475927,0.8800005835837875,880.0005835837875
2024-06-30,60864.0,Flat,2,0.0,1.1036762924890555,1103.6762924890554,0.0,8.063216923429223,0.009068753419434028,0.887981091885267,887.981091885267
2024-07-01,62734.0,Flat,2,0.0,1.1036762924890555,1103.6762924890554,0.0,8.063216923429223,0.03072423764458465,0.9152636339762477,915.2636339762477
2024-07-02,62820.0,Flat,2,0.0,1.1036762924890555,1103.6762924890554,0.0,8.063216923429223,0.0013708674721841785,0.9165183391205388,916.5183391205388
2024-07-03,62043.0,Flat,2,0.0,1.1036762924890555,1103.6762924890554,0.0,8.063216923429223,-0.012368672397325642,0.9051822240378159,905.1822240378159
2024-07-04,60245.0,Flat,2,0.0,1.1036762924890555,1103.6762924890554,0.0,8.063216923429223,-0.028979901036378042,0.8789501327653114,878.9501327653114
2024-07-05,57189.0,Flat,2,0.0,1.1036762924890555,1103.6762924890554,0.0,8.063216923429223,-0.05072620134450989,0.8343643313588746,834.3643313588746
2024-07-06,56740.0,Flat,2,0.0,1.1036762924890555,1103.6762924890554,0.0,8.063216923429223,-0.00785116018814802,0.8278136033380991,827.813603338099
2024-07-07,58230.0,Flat,2,0.0,1.1036762924890555,1103.6762924890554,0.0,8.063216923429223,0.026260133944307373,0.8495520994426773,849.5520994426773
2024-07-08,55880.0,Flat,2,0.0,1.1036762924890555,1103.6762924890554,0.0,8.063216923429223,-0.04035720419027988,0.8152665518951882,815.2665518951882
2024-07-09,56665.0,Flat,2,0.0,1.1036762924890555,1103.6762924890554,0.0,8.063216923429223,0.014047959914101682,0.8267193837355197,826.7193837355197
2024-07-10,57988.0,Flat,2,0.0,1.1036762924890555,1103.6762924890554,0.0,8.063216923429223,0.023347745521927088,0.846021417525021,846.021417525021
2024-07-11,57704.0,Flat,2,0.0,1.1036762924890555,1103.6762924890554,0.0,8.063216923429223,-0.004897565013451066,0.8418779726299203,841.8779726299202
2024-07-12,57388.0,Flat,2,0.0,1.1036762924890555,1103.6762924890554,0.0,8.063216923429223,-0.005476223485373577,0.8372676607043856,837.2676607043857
2024-07-13,57899.0,Flat,2,0.0,1.1036762924890555,1103.6762924890554,0.0,8.063216923429223,0.008904300550637734,0.8447229435966268,844.7229435966268
2024-07-14,59153.0,Long,1,0.0,1.1036762924890555,1103.6762924890554,0.0,8.063216923429223,0.02165840515380224,0.863018295351755,863.018295351755
2024-07-15,60942.0,Long,1,-0.001000000000000112,1.1025726161965663,1102.5726161965663,1.1036762924890555,9.166893215918279,0.030243605565229092,0.8891190802719499,889.1190802719499
2024-07-16,64835.0,Long,1,0.024036189318749512,1.129074260337136,1129.074260337136,0.0,9.166893215918279,0.06388041088247842,0.9459163724431733,945.9163724431733
2024-07-17,65162.0,Long,1,0.06866882046548417,1.206606458012426,1206.606458012426,0.0,9.166893215918279,0.005043572144674879,0.9506871699104196,950.6871699104196
2024-07-18,64136.0,Long,1,0.0026837770305703224,1.2098447207093774,1209.8447207093775,0.0,9.166893215918279,-0.015745373070194302,0.9357182457471328,935.7182457471328
2024-07-19,63960.0,Long,1,-0.013952128968742428,1.1929648111338882,1192.9648111338881,0.0,9.166893215918279,-0.002744168641636513,0.9331504770797464,933.1504770797465
2024-07-20,66690.0,Long,1,-0.0019500475811610185,1.1906384729895263,1190.6384729895262,0.0,9.166893215918279,0.04268292682926833,0.9729800706136381,972.9800706136381
2024-07-21,67206.0,Long,1,0.04273477554082783,1.2415201408830077,1241.5201408830076,0.0,9.166893215918279,0.007737291947818248,0.9805083014793846,980.5083014793846
2024-07-22,68088.0,Long,1,0.0064158297106879925,1.2494855226893022,1249.4855226893023,0.0,9.166893215918279,0.013123828229622436,0.993376324005719,993.376324005719
2024-07-23,67608.0,Long,1,0.015341535345110069,1.2686545489988437,1268.6545489988437,0.0,9.166893215918279,-0.0070497003877335596,0.9863733185492105,986.3733185492105
2024-07-24,65942.0,Long,1,-0.009065837343034788,1.257153133213119,1257.153133213119,0.0,9.166893215918279,-0.024642054194769836,0.9620670537772459,962.0670537772459
2024-07-25,65404.0,Long,1,-0.02430792005921545,1.2265943553487824,1226.5943553487823,0.0,9.166893215918279,-0.008158684904916447,0.9542178518280761,954.217851828076
2024-07-26,65750.0,Long,1,-0.008238757055289203,1.2164887424496746,1216.4887424496746,0.0,9.166893215918279,0.005290196318268103,0.9592658515946426,959.2658515946426
2024-07-27,67920.0,Long,1,0.006746729901323301,1.224696063422983,1224.6960634229831,0.0,9.166893215918279,0.03300380228136879,0.9909252720959411,990.9252720959411
2024-07-28,68055.0,Long,1,0.03235267300854017,1.2643182546977532,1264.3182546977532,0.0,9.166893215918279,0.0019876325088339364,0.9928948673805841,992.8948673805841
2024-07-29,68242.0,Long,1,-0.0023257525575919313,1.2613777632832799,1261.3777632832798,0.0,9.166893215918279,0.0027477775328779153,0.9956231215896822,995.6231215896822
2024-07-30,66770.0,Long,1,0.007141065553211368,1.2703853445782487,1270.3853445782488,0.0,9.166893215918279,-0.02157029395387,0.9741472381897232,974.1472381897231
2024-07-31,66219.0,Long,1,-0.021227347973220456,1.2434184328088067,1243.4184328088068,0.0,9.166893215918279,-0.00825220907593227,0.9661083715094395,966.1083715094395
2024-08-01,64680.0,Long,1,-0.00927977010117953,1.231879795612772,1231.879795612772,0.0,9.166893215918279,-0.023241063743034474,0.9436549852645094,943.6549852645094
2024-08-02,65358.0,Flat,2,-0.02424764321972439,1.2020096138391667,1202.0096138391666,0.0,9.166893215918279,0.010482374768089109,0.9535467304718276,953.5467304718276
2024-08-03,61407.0,Flat,2,0.010813522845154466,1.2150075722585119,1215.0075722585118,1.2020096138391667,10.368902829757445,-0.060451666207656296,0.8959032418079427,895.9032418079427
2024-08-04,60739.0,Flat,2,0.0,1.2150075722585119,1215.0075722585118,0.0,10.368902829757445,-0.010878238637288873,0.8861573925476351,886.1573925476351
2024-08-05,58006.0,Flat,2,0.0,1.2150075722585119,1215.0075722585118,0.0,10.368902829757445,-0.044995801708951455,0.8462840302296403,846.2840302296403
2024-08-06,53956.0,Flat,2,0.0,1.2150075722585119,1215.0075722585118,0.0,10.368902829757445,-0.06982036341068165,0.7871961716903505,787.1961716903505
2024-08-07,55960.0,Flat,2,0.0,1.2150075722585119,1215.0075722585118,0.0,10.368902829757445,0.03714137445325827,0.8164337194712732,816.4337194712732
2024-08-08,55100.0,Flat,2,0.0,1.2150075722585119,1215.0075722585118,0.0,10.368902829757445,-0.015368120085775594,0.8038866680283623,803.8866680283622
2024-08-09,60913.0,Flat,2,0.0,1.2150075722585119,1215.0075722585118,0.0,10.368902829757445,0.1054990925589836,0.8886959820256194,888.6959820256194
2024-08-10,60888.0,Flat,2,0.0,1.2150075722585119,1215.0075722585118,0.0,10.368902829757445,-0.0004104214207147905,0.8883312421580929,888.3312421580929
2024-08-11,58804.0,Flat,2,0.0,1.2150075722585119,1215.0075722585118,0.0,10.368902829757445,-0.034226777033241396,0.8579265268010855,857.9265268010855
2024-08-12,59350.0,Flat,2,0.0,1.2150075722585119,1215.0075722585118,0.0,10.368902829757445,0.00928508264743888,0.8658924455078638,865.8924455078638
2024-08-13,60601.0,Flat,2,0.0,1.2150075722585119,1215.0075722585118,0.0,10.368902829757445,0.021078348778432954,0.8841440284788888,884.1440284788888
2024-08-14,58739.0,Flat,2,0.0,1.2150075722585119,1215.0075722585118,0.0,10.368902829757445,-0.030725565584726278,0.8569782031455166,856.9782031455167
2024-08-15,57624.0,Flat,2,0.0,1.2150075722585119,1215.0075722585118,0.0,10.368902829757445,-0.018982277532814673,0.8407108050538357,840.7108050538357
2024-08-16,58882.0,Flat,2,0.0,1.2150075722585119,1215.0075722585118,0.0,10.368902829757445,0.021831181452172777,0.8590645151877682,859.0645151877682
2024-08-17,59431.0,Flat,2,0.0,1.2150075722585119,1215.0075722585118,0.0,10.368902829757445,0.009323732210183122,0.8670742026786497,867.0742026786496
2024-08-18,58438.0,Flat,2,0.0,1.2150075722585119,1215.0075722585118,0.0,10.368902829757445,-0.016708451818074788,0.8525867351404979,852.5867351404979
2024-08-19,59575.0,Flat,2,0.0,1.2150075722585119,1215.0075722585118,0.0,10.368902829757445,0.01945651801909709,0.8691751043156021,869.1751043156021
2024-08-20,59060.0,Flat,2,0.0,1.2150075722585119,1215.0075722585118,0.0,10.368902829757445,-0.008644565673520788,0.8616614630445566,861.6614630445566
2024-08-21,61145.0,Long,1,0.0,1.2150075722585119,1215.0075722585118,0.0,10.368902829757445,0.03530308161191997,0.8920807679962649,892.0807679962649
2024-08-22,60388.0,Long,1,-0.0009999999999998899,1.2137925646862533,1213.7925646862534,1.2150075722585119,11.583910402015958,-0.012380407228718582,0.8810364448075632,881.0364448075632
2024-08-23,64050.0,Long,1,-0.013027984830652484,1.1979792935659621,1197.979293565962,0.0,11.583910402015958,0.060641186990792795,0.9344635406028419,934.4635406028418
2024-08-24,64157.0,Long,1,0.061610824955696586,1.2717877861224036,1271.7877861224035,0.0,11.583910402015958,0.001670569867291194,0.9360246272358552,936.0246272358552
2024-08-25,64266.0,Long,1,0.0013728763319240667,1.273533793473201,1273.533793473201,0.0,11.583910402015958,0.00169895724550706,0.9376148930582706,937.6148930582706
2024-08-26,62923.0,Long,1,0.0015423683923536657,1.2754980517428485,1275.4980517428485,0.0,11.583910402015958,-0.020897519683814147,0.9180210673747481,918.0210673747481
2024-08-27,59527.0,Flat,2,-0.02199545779796519,1.2474428881743518,1247.4428881743518,0.0,11.583910402015958,-0.05397072612558207,0.868474803769951,868.474803769951
2024-08-28,59015.0,Flat,2,-0.056159689527929824,1.1773868828706562,1177.386882870656,1.2474428881743518,12.83135329019031,-0.008601138978950762,0.8610049312830087,861.0049312830087
2024-08-29,59352.0,Flat,2,0.0,1.1773868828706562,1177.386882870656,0.0,12.83135329019031,0.005710412606964255,0.8659216246972656,865.9216246972657
2024-08-30,59156.0,Flat,2,0.0,1.1773868828706562,1177.386882870656,0.0,12.83135329019031,-0.0033023318506537613,0.863062064135858,863.062064135858
2024-08-31,58960.0,Flat,2,0.0,1.1773868828706562,1177.386882870656,0.0,12.83135329019031,-0.003313273378862669,0.8602025035744504,860.2025035744504
2024-09-01,57358.0,Flat,2,0.0,1.1773868828706562,1177.386882870656,0.0,12.83135329019031,-0.02717096336499325,0.8368299728633535,836.8299728633535
2024-09-02,59109.0,Flat,2,0.0,1.1773868828706562,1177.386882870656,0.0,12.83135329019031,0.03052756372258436,0.862376353184908,862.376353184908
2024-09-03,57505.0,Flat,2,0.0,1.1773868828706562,1177.386882870656,0.0,12.83135329019031,-0.02713630749970397,0.8389746432844091,838.9746432844091
2024-09-04,57988.0,Flat,2,0.0,1.1773868828706562,1177.386882870656,0.0,12.83135329019031,0.008399269628727835,0.8460214175250206,846.0214175250205
2024-09-05,56132.0,Flat,2,0.0,1.1773868828706562,1177.386882870656,0.0,12.83135329019031,-0.03200662205973648,0.8189431297598547,818.9431297598547
2024-09-06,53923.0,Flat,2,0.0,1.1773868828706562,1177.386882870656,0.0,12.83135329019031,-0.03935366635787074,0.786714715065215,786.7147150652149
2024-09-07,54151.0,Flat,2,0.0,1.1773868828706562,1177.386882870656,0.0,12.83135329019031,0.004228251395508309,0.7900411426570564,790.0411426570564
2024-09-08,54792.0,Flat,2,0.0,1.1773868828706562,1177.386882870656,0.0,12.83135329019031,0.011837269856512345,0.7993930728604354,799.3930728604354
2024-09-09,57049.0,Flat,2,0.0,1.1773868828706562,1177.386882870656,0.0,12.83135329019031,0.041192144838662514,0.8323217881007259,832.3217881007258
2024-09-10,57624.0,Flat,2,0.0,1.1773868828706562,1177.386882870656,0.0,12.83135329019031,0.010079054847587088,0.8407108050538349,840.7108050538349
2024-09-11,57382.0,Flat,2,0.0,1.1773868828706562,1177.386882870656,0.0,12.83135329019031,-0.004199639039289216,0.8371801231361785,837.1801231361785
2024-09-12,58107.0,Long,1,0.0,1.1773868828706562,1177.386882870656,0.0,12.83135329019031,0.012634624098149194,0.8477575792944464,847.7575792944464
2024-09-13,60621.0,Long,1,-0.0010000000000000009,1.1762094959877853,1176.2094959877854,1.1773868828706562,14.008740173060966,0.04326501110021175,0.8844358203729092,884.4358203729092
2024-09-14,60003.0,Long,1,0.04124030474487084,1.2247167340461327,1224.7167340461326,0.0,14.008740173060966,-0.010194487058939994,0.8754194508476546,875.4194508476546
2024-09-15,59215.0,Long,1,-0.008770336113634425,1.2139755566445554,1213.9755566445554,0.0,14.008740173060966,-0.013132676699498358,0.8639228502232199,863.9228502232199
2024-09-16,58211.0,Long,1,-0.014529943013296909,1.1963365609869745,1196.3365609869745,0.0,14.008740173060966,-0.016955163387655126,0.8492748971433565,849.2748971433565
2024-09-17,60317.0,Long,1,-0.016012309357140486,1.1771804498771934,1177.1804498771935,0.0,14.008740173060966,0.03617872910618258,0.8800005835837871,880.000583583787
2024-09-18,61440.0,Long,1,0.036515164533035493,1.220165387689532,1220.165387689532,0.0,14.008740173060966,0.01861829998176301,0.8963846984330766,896.3846984330766
2024-09-19,62967.0,Long,1,0.024983421750663037,1.2506492941757408,1250.6492941757408,0.0,14.008740173060966,0.024853515625000044,0.918663009541594,918.663009541594
2024-09-20,63128.0,Long,1,0.018584113736716867,1.2738915029034474,1273.8915029034474,0.0,14.008740173060966,0.002556894881445837,0.9210119342884645,921.0119342884645
2024-09-21,63403.0,Long,1,0.003842733739837456,1.2787867287625467,1278.7867287625468,0.0,14.008740173060966,0.004356228614877722,0.9250240728312558,925.0240728312558
2024-09-22,63583.0,Long,1,0.0029738365655351817,1.2825896314960619,1282.5896314960619,0.0,14.008740173060966,0.002838982382537214,0.9276501998774466,927.6501998774465
2024-09-23,63327.0,Long,1,0.0032804466454279257,1.286797098350164,1286.7970983501639,0.0,14.008740173060966,-0.0040262334271738975,0.9239152636339755,923.9152636339754
2024-09-24,64334.0,Long,1,-0.0043072279686861,1.281254569898126,1281.254569898126,0.0,14.008740173060966,0.01590159015901582,0.938606985497942,938.606985497942
2024-09-25,63152.0,Long,1,0.014666877170824044,1.3000465732993787,1300.0465732993787,0.0,14.008740173060966,-0.018372866602418658,0.92136208456129,921.36208456129
2024-09-26,65131.0,Long,1,-0.01747343198120399,1.2773302979284347,1277.3302979284347,0.0,14.008740173060966,0.031337091461869804,0.9502348924746862,950.2348924746861
2024-09-27,65791.0,Long,1,0.03217939378582968,1.318434012580045,1318.434012580045,0.0,14.008740173060966,0.010133423408207998,0.9598640249773852,959.8640249773852
2024-09-28,65934.0,Long,1,0.009497069563349614,1.3309552721122038,1330.9552721122038,0.0,14.008740173060966,0.002173549573649902,0.9619503370196367,961.9503370196368
2024-09-29,65664.0,Long,1,0.0010942748149611603,1.3324117029463158,1332.411702946316,0.0,14.008740173060966,-0.004095004095004073,0.9580111464503508,958.0111464503508
2024-09-30,63243.0,Long,1,-0.00403831848062064,1.3270310001425125,1327.0310001425125,0.0,14.008740173060966,-0.0368695175438597,0.9226897376790865,922.6897376790864
2024-10-01,60873.0,Long,1,-0.03423623919637819,1.2815984494006245,1281.5984494006245,0.0,14.008740173060966,-0.03747450310706324,0.8881123982375762,888.1123982375761
2024-10-02,60656.0,Long,1,-0.04035860283788695,1.2298749265836129,1229.874926583613,0.0,14.008740173060966,-0.0035647988434938105,0.8849464561874463,884.9464561874463
2024-10-03,60728.0,Long,1,-0.0028453947368420884,1.226375446940538,1226.3754469405378,0.0,14.008740173060966,0.0011870218939593613,0.8859969070059225,885.9969070059225
2024-10-04,62103.0,Long,1,0.0020123047487092816,1.2288432880761169,1228.8432880761168,0.0,14.008740173060966,0.02264194440785139,0.9060575997198789,906.0575997198789
2024-10-05,62092.0,Long,1,0.022140282144561985,1.2560502251855732,1256.0502251855733,0.0,14.008740173060966,-0.00017712509862644055,0.9058971141781672,905.8971141781672
2024-10-06,62812.0,Long,1,-0.00040261538957053755,1.2555445200348399,1255.54452003484,0.0,14.008740173060966,0.011595696708110559,0.9164016223629299,916.4016223629299
2024-10-07,62287.0,Long,1,0.012034993313892572,1.2706549899387538,1270.6549899387537,0.0,14.008740173060966,-0.008358275488760114,0.9087420851448738,908.7420851448737
2024-10-08,62185.0,Long,1,-0.009631304126337281,1.2584169252910056,1258.4169252910056,0.0,14.008740173060966,-0.001637580875624156,0.9072539464853657,907.2539464853658
2024-10-09,60597.0,Long,1,-0.0013663178537557386,1.256697527778512,1256.697527778512,0.0,14.008740173060966,-0.025536704993165515,0.8840856701000838,884.0856701000838
2024-10-10,60195.0,Long,1,-0.024836622348131332,1.225485405875247,1225.485405875247,0.0,14.008740173060966,-0.006633991781771376,0.878220653030258,878.220653030258
2024-10-11,62392.0,Long,1,-0.005034415595133956,1.2193158030362994,1219.3158030362995,0.0,14.008740173060966,0.036498048010632056,0.910273992588485,910.2739925884849
2024-10-12,63208.0,Long,1,0.036281893891635386,1.2635548896224567,1263.5548896224566,0.0,14.008740173060966,0.013078599820489867,0.9221791018645493,922.1791018645494
2024-10-13,62830.0,Long,1,0.011638517569839024,1.2782607954057834,1278.2607954057835,0.0,14.008740173060966,-0.005980255663839973,0.916664235067549,916.664235067549
2024-10-14,66050.0,Long,1,-0.005063932143309247,1.2717877694763962,1271.787769476396,0.0,14.008740173060966,0.05124940315136084,0.9636427300049596,963.6427300049596
2024-10-15,66962.0,Long,1,0.05059485939686992,1.3361336928557133,1336.1336928557132,0.0,14.008740173060966,0.013807721423164221,0.9769484403723255,976.9484403723255
2024-10-16,67648.0,Long,1,0.01589632567786481,1.3573733091865159,1357.3733091865158,0.0,14.008740173060966,0.0102446163495713,0.9869569023372521,986.9569023372521
2024-10-17,67328.0,Long,1,0.0077045735660103976,1.3678312917036823,1367.8312917036824,0.0,14.008740173060966,-0.004730368968779541,0.9822882320329132,982.2882320329131
2024-10-18,68466.0,Long,1,-0.004081632653061273,1.3622483068395856,1362.2483068395857,0.0,14.008740173060966,0.016902328897338448,0.9988911908027186,998.8911908027186
2024-10-19,68389.0,Long,1,0.01585887384176754,1.3838520308789162,1383.8520308789161,0.0,14.008740173060966,-0.0011246458095989231,0.9977677920107371,997.767792010737
2024-10-20,68963.0,Long,1,-0.0007308659299538611,1.3828406205774493,1382.8406205774493,0.0,14.008740173060966,0.00839316264311507,1.006142219369145,1006.142219369145
2024-10-21,67395.0,Long,1,0.009318042187179909,1.395725987818136,1395.725987818136,0.0,14.008740173060966,-0.022736829894291155,0.9832657348778842,983.2657348778841
2024-10-22,67351.0,Long,1,-0.024145277467789383,1.3620257965732625,1362.0257965732626,0.0,14.008740173060966,-0.000652867423399317,0.9826237927110376,982.6237927110376
2024-10-23,66684.0,Long,1,0.0009207966376070242,1.3632799453470814,1363.2799453470814,0.0,14.008740173060966,-0.009903342192395082,0.9728925330454311,972.8925330454312
2024-10-24,68214.0,Long,1,-0.011291638845611685,1.3478862805587568,1347.8862805587569,0.0,14.008740173060966,0.02294403455101679,0.9952146129380517,995.2146129380517
2024-10-25,66586.0,Long,1,0.022961251012996398,1.3788354357836405,1378.8354357836406,0.0,14.008740173060966,-0.023866068548978214,0.9714627527647274,971.4627527647274
2024-10-26,67018.0,Long,1,-0.022225808344580766,1.3481897036491968,1348.1897036491969,0.0,14.008740173060966,0.006487850298861675,0.977765457675585,977.765457675585
2024-10-27,67939.0,Long,1,0.005506459211691128,1.355613455261963,1355.613455261963,0.0,14.008740173060966,0.01374257662120626,0.9912024743952605,991.2024743952605
2024-10-28,69845.0,Long,1,0.014086188372925967,1.3747088817536561,1374.7088817536562,0.0,14.008740173060966,0.02805457837177472,1.0190102418954794,1019.0102418954793
2024-10-29,72781.0,Long,1,0.02907592701589179,1.4146798168676238,1414.6798168676237,0.0,14.008740173060966,0.04203593671701622,1.0618452919377892,1061.8452919377892
2024-10-30,72343.0,Long,1,0.03963623884694578,1.4707524039809423,1470.7524039809423,0.0,14.008740173060966,-0.006018054162487463,1.0554550494587254,1055.4550494587254
2024-10-31,70265.0,Long,1,-0.005020080321284981,1.463369108780235,1463.369108780235,0.0,14.008740173060966,-0.02872427187150106,1.0251378716699244,1025.1378716699244
2024-11-01,69508.0,Long,1,-0.02989923005681272,1.4196154991387817,1419.6154991387816,0.0,14.008740173060966,-0.01077350032021629,1.0140935484812226,1014.0935484812226
2024-11-02,69299.0,Long,1,-0.010074095183813081,1.405314157476041,1405.3141574760411,0.0,14.008740173060966,-0.0030068481325890017,1.0110443231887012,1011.0443231887012
2024-11-03,68804.0,Long,1,-0.0018280483065363784,1.4027451753103155,1402.7451753103155,0.0,14.008740173060966,-0.007142960215876126,1.003822473811677,1003.822473811677
2024-11-04,67793.0,Long,1,-0.008796469875695823,1.3904059696324207,1390.4059696324207,0.0,14.008740173060966,-0.01469391314458457,0.9890723935689062,989.0723935689063
2024-11-05,69335.0,Long,1,-0.0136173184357542,1.3714723687889625,1371.4723687889625,0.0,14.008740173060966,0.022745711209121833,1.0115695485979395,1011.5695485979395
2024-11-06,75621.0,Long,1,0.023982300884955787,1.4043634317926623,1404.3634317926624,0.0,14.008740173060966,0.0906612821807169,1.1032797408887978,1103.2797408887977
2024-11-07,75987.0,Long,1,0.08950537262696967,1.5300615040589547,1530.0615040589546,0.0,14.008740173060966,0.004839925417542856,1.1086195325493855,1108.6195325493854
2024-11-08,76550.0,Long,1,0.0033712321523002853,1.535219696596435,1535.2196965964351,0.0,14.008740173060966,0.007409162093515942,1.1168334743660817,1116.8334743660816
2024-11-09,76630.0,Long,1,0.008142828908360267,1.5477207279225647,1547.7207279225647,0.0,14.008740173060966,0.0010450685826257633,1.1180006419421664,1118.0006419421663
2024-11-10,80467.0,Long,1,0.003136721864258396,1.5525754973696053,1552.5754973696053,0.0,14.008740173060966,0.05007177345687075,1.1739809168101307,1173.9809168101308
2024-11-11,88637.0,Long,1,0.04825869998566823,1.6275007725022648,1627.5007725022647,0.0,14.008740173060966,0.10153230516857836,1.2931779055177843,1293.1779055177844
2024-11-12,88265.0,Long,1,0.1039685794896652,1.796709715937658,1796.7097159376578,0.0,14.008740173060966,-0.004196892945383945,1.2877505762889903,1287.7505762889903
2024-11-13,90488.0,Long,1,-0.009513408840152282,1.779616881842869,1779.6168818428691,0.0,14.008740173060966,0.025185520874638767,1.3201832453094446,1320.1832453094446
2024-11-14,87408.0,Long,1,0.029132614205985563,1.8314617738960564,1831.4617738960565,0.0,14.008740173060966,-0.034037662452479855,1.2752472936301824,1275.2472936301824
2024-11-15,90948.0,Long,1,-0.03511155290479351,1.767156306928798,1767.1563069287981,0.0,14.008740173060966,0.04049972542559033,1.326894458871932,1326.894458871932
2024-11-16,90606.0,Long,1,0.042330101532720654,1.8419602128252819,1841.9602128252818,0.0,14.008740173060966,-0.0037603905528433845,1.3219048174841699,1321.9048174841698
2024-11-17,89841.0,Long,1,-0.005073633578229542,1.8326147816397285,1832.6147816397286,0.0,14.008740173060966,-0.00844314946030067,1.3107437775378596,1310.7437775378596
2024-11-18,90535.0,Long,1,-0.007947283022616602,1.818050473298607,1818.050473298607,0.0,14.008740173060966,0.007724758183902614,1.3208689562603946,1320.8689562603945
2024-11-19,92252.0,Long,1,0.007154221881015221,1.8310572097754698,1831.0572097754698,0.0,14.008740173060966,0.018965041144308747,1.345919290362113,1345.919290362113
2024-11-20,94217.0,Long,1,0.021000883782589463,1.869511029437237,1869.511029437237,0.0,14.008740173060966,0.021300351211897883,1.3745878439496946,1374.5878439496946
2024-11-21,98509.0,Long,1,0.021045000595102836,1.908854890164295,1908.854890164295,0.0,14.008740173060966,0.04555441162422924,1.4372063844066407,1437.2063844066408
2024-11-22,98927.0,Long,1,0.04333128457283353,1.991568024618249,1991.568024618249,0.0,14.008740173060966,0.004243267112649551,1.4433048349916835,1443.3048349916835
2024-11-23,97679.0,Long,1,0.005748819257528792,2.003017189230853,2003.0171892308529,0.0,14.008740173060966,-0.012615362843308664,1.4250970208047617,1425.0970208047618
2024-11-24,98016.0,Long,1,-0.012633683764050052,1.977711703488154,1977.711703488154,0.0,14.008740173060966,0.003450076270232083,1.4300137142190188,1430.0137142190188
2024-11-25,93005.0,Flat,2,0.0026183900992124975,1.982890124231664,1982.890124231664,0.0,14.008740173060966,-0.05112430623571662,1.356905255172011,1356.905255172011
2024-11-26,91932.0,Flat,2,-0.052761777487605355,1.8782693167145827,1878.2693167145828,1.982890124231664,15.99163029729263,-0.011537014139024748,1.3412506200577747,1341.2506200577748
2024-11-27,95981.0,Long,1,0.0,1.8782693167145827,1878.2693167145828,0.0,15.99163029729263,0.0440434233999043,1.4003238890023635,1400.3238890023636
2024-11-28,95662.0,Long,1,-0.0010000000000000009,1.8763910473978682,1876.3910473978683,1.878269316714583,17.869899614007213,-0.003323574457444689,1.3956698082927257,1395.6698082927257
2024-11-29,97453.0,Long,1,-0.003147439839084498,1.8704852194615866,1870.4852194615867,0.0,17.869899614007213,0.018722167631870512,1.4217997724023226,1421.7997724023226
2024-11-30,96513.0,Long,1,0.01944609980240264,1.9068588617181557,1906.8588617181556,0.0,17.869899614007213,-0.009645675351194982,1.408085553383327,1408.085553383327
2024-12-01,97312.0,Long,1,-0.010860535950527606,1.8861493524978834,1886.1493524978835,0.0,17.869899614007213,0.008278677483862351,1.4197426395494734,1419.7426395494736
2024-12-02,95833.0,Long,1,0.008149300155521066,1.9015201497095304,1901.5201497095304,0.0,17.869899614007213,-0.015198536665570583,1.3981646289866068,1398.1646289866067
2024-12-03,96032.0,Long,1,-0.01413056892508946,1.8746505881716133,1874.6505881716134,0.0,17.869899614007213,0.002076528961839852,1.4010679583321175,1401.0679583321175
2024-12-04,98881.0,Long,1,0.0009701445828378397,1.8764692702844419,1876.4692702844418,0.0,17.869899614007213,0.029667194268577113,1.4426337136354352,1442.6337136354352
2024-12-05,97202.0,Long,1,0.029253295815746982,1.9313621809372314,1931.3621809372314,0.0,17.869899614007213,-0.01698000627016316,1.4181377841323568,1418.1377841323567
2024-12-06,99974.0,Long,1,-0.017111844636601092,1.8983130113600264,1898.3130113600264,0.0,17.869899614007213,0.028517931729799884,1.4585801406436931,1458.580140643693
2024-12-07,99782.0,Long,1,0.029421460359320806,1.9541641523733384,1954.1641523733383,0.0,17.869899614007213,-0.0019204993298257422,1.4557789384610897,1455.7789384610896
2024-12-08,101235.0,Long,1,-0.00035025218157069826,1.9534797021158221,1953.4797021158222,0.0,17.869899614007213,0.014561744603235116,1.4769776195617288,1476.9776195617287
2024-12-09,97354.0,Long,1,0.013083999879871522,1.979039030303637,1979.039030303637,0.0,17.869899614007213,-0.038336543685484226,1.420355402526918,1420.355402526918
2024-12-10,96650.0,Long,1,-0.037835968379446694,1.9041601721313777,1904.1601721313777,0.0,17.869899614007213,-0.007231341290547921,1.4100843278573723,1410.0843278573723
2024-12-11,101124.0,Long,1,-0.0074765587289850055,1.8899236067750433,1889.9236067750433,0.0,17.869899614007213,0.046290739782721246,1.4753581745499114,1475.3581745499114
2024-12-12,100001.0,Long,1,0.047204660451351854,1.9791368089118535,1979.1368089118534,0.0,17.869899614007213,-0.01110517780151099,1.458974059700622,1458.974059700622
2024-12-13,101352.0,Long,1,-0.011847240748974808,1.955689498661517,1955.689498661517,0.0,17.869899614007213,0.013509864901350976,1.478684602141753,1478.684602141753
2024-12-14,101367.0,Long,1,0.013599184048957103,1.9822852800964277,1982.2852800964276,0.0,17.869899614007213,0.0001479990528061581,1.478903446062269,1478.903446062269
2024-12-15,104722.0,Long,1,0.00026636150188430463,1.9828132845807973,1982.8132845807972,0.0,17.869899614007213,0.03309755640395795,1.5278515362843228,1527.8515362843227
2024-12-16,106074.0,Long,1,0.029173611590543658,2.0406591092017274,2040.6591092017275,0.0,17.869899614007213,0.012910372223601474,1.5475766683201548,1547.5766683201548
2024-12-17,106035.0,Long,1,0.01666490977566104,2.074666509139455,2074.6665091394552,0.0,17.869899614007213,-0.0003676678545166956,1.5470076741268135,1547.0076741268135
2024-12-18,100356.0,Flat,2,0.0006032613818456323,2.075918075324627,2075.9180753246274,0.0,17.869899614007213,-0.05355778752298768,1.4641533658194983,1464.1533658194983
2024-12-19,97851.0,Flat,2,-0.057662961358027065,1.9562144915647535,1956.2144915647534,2.0759180753246276,19.94581768933184,-0.024961138347482925,1.427606431093345,1427.606431093345
2024-12-20,97691.0,Flat,2,0.0,1.9562144915647535,1956.2144915647534,0.0,19.94581768933184,-0.0016351391401212556,1.4252720959411753,1425.2720959411754
2024-12-21,97203.0,Flat,2,0.0,1.9562144915647535,1956.2144915647534,0.0,19.94581768933184,-0.004995342457340013,1.4181523737270585,1418.1523737270586
2024-12-22,95094.0,Flat,2,0.0,1.9562144915647535,1956.2144915647534,0.0,19.94581768933184,-0.021696861207987417,1.3873829185025246,1387.3829185025245
2024-12-23,94645.0,Flat,2,0.0,1.9562144915647535,1956.2144915647534,0.0,19.94581768933184,-0.0047216438471406885,1.380832190481749,1380.8321904817492
2024-12-24,98696.0,Long,1,0.0,1.9562144915647535,1956.2144915647534,0.0,19.94581768933184,0.04280204976491109,1.4399346386157401,1439.9346386157401
2024-12-25,99345.0,Long,1,-0.0010000000000000009,1.9542582770731887,1954.2582770731888,1.9562144915647535,21.902032180896594,0.0065757477506687145,1.4494032855767276,1449.4032855767275
2024-12-26,95678.0,Flat,2,0.007380597544532019,1.9686818709143366,1968.6818709143365,0.0,21.902032180896594,-0.03691177210730279,1.3959032418079436,1395.9032418079435
2024-12-27,94332.0,Flat,2,-0.03800498163337185,1.893862152568285,1893.862152568285,1.9686818709143366,23.870714051810932,-0.01406801981646777,1.3762656473403179,1376.2656473403179
2024-12-28,95185.0,Flat,2,0.0,1.893862152568285,1893.862152568285,0.0,23.870714051810932,0.009042530636475421,1.3887105716203214,1388.7105716203214
2024-12-29,93663.0,Flat,2,0.0,1.893862152568285,1893.862152568285,0.0,23.870714051810932,-0.01598991437726538,1.3665052084853093,1366.5052084853094
2024-12-30,92627.0,Flat,2,0.0,1.893862152568285,1893.862152568285,0.0,23.870714051810932,-0.011060931210830294,1.351390388375012,1351.390388375012
2024-12-31,93508.0,Flat,2,0.0,1.893862152568285,1893.862152568285,0.0,23.870714051810932,0.009511265613697972,1.3642438213066452,1364.2438213066453
2025-01-01,94384.0,Flat,2,0.0,1.893862152568285,1893.862152568285,0.0,23.870714051810932,0.00936818240150572,1.3770243062647731,1377.024306264773
2025-01-02,96852.0,Long,1,0.0,1.893862152568285,1893.862152568285,0.0,23.870714051810932,0.026148499745719533,1.4130314259869872,1413.0314259869872
2025-01-03,98084.0,Long,1,-0.0010000000000000009,1.8919682904157167,1891.9682904157166,1.893862152568285,25.764576204379217,0.012720439433362207,1.4310058066586921,1431.005806658692
2025-01-04,98257.0,Long,1,0.012569918883774678,1.915750178356916,1915.750178356916,0.0,25.764576204379217,0.0017637942987642763,1.4335298065419753,1433.5298065419752
2025-01-05,98365.0,Long,1,0.0009682416731215948,1.9176050875148913,1917.6050875148912,0.0,25.764576204379217,0.0010991583296864338,1.4351054827696896,1435.1054827696896
2025-01-06,102229.0,Long,1,0.0014153200761626294,1.9203191124934027,1920.3191124934026,0.0,25.764576204379217,0.03928226503329446,1.4914796766945826,1491.4796766945826
2025-01-07,96952.0,Long,1,0.04006100660904921,1.9972490291504843,1997.2490291504844,0.0,25.764576204379217,-0.051619403496072525,1.4144903854570932,1414.4903854570932
2025-01-08,95017.0,Long,1,-0.053602502688434805,1.8901914826959716,1890.1914826959717,0.0,25.764576204379217,-0.01995832989520585,1.3862595197105436,1386.2595197105436
2025-01-09,92376.0,Flat,2,-0.018335450948795073,1.8555339694811694,1855.5339694811694,0.0,25.764576204379217,-0.02779502615321472,1.3477284001050462,1347.7284001050461
2025-01-10,94737.0,Flat,2,-0.026338833235120762,1.8066613696969032,1806.6613696969032,1.8555339694811694,27.620110173860386,0.025558586645882064,1.3821744331942472,1382.174433194247
2025-01-11,94560.0,Flat,2,0.0,1.8066613696969032,1806.6613696969032,0.0,27.620110173860386,-0.0018683302194496543,1.3795920749321597,1379.5920749321597
2025-01-12,94455.0,Flat,2,0.0,1.8066613696969032,1806.6613696969032,0.0,27.620110173860386,-0.001110406091370586,1.3780601674885484,1378.0601674885484
2025-01-13,94456.0,Flat,2,0.0,1.8066613696969032,1806.6613696969032,0.0,27.620110173860386,1.0587052035271327e-05,1.3780747570832494,1378.0747570832496
2025-01-14,96574.0,Long,1,0.0,1.8066613696969032,1806.6613696969032,0.0,27.620110173860386,0.02242313881595659,1.4089755186600927,1408.9755186600928
2025-01-15,100313.0,Long,1,-0.0010000000000000009,1.8048547083272062,1804.8547083272063,1.8066613696969032,29.42677154355729,0.038716424710584674,1.4635260132473533,1463.5260132473534
2025-01-16,100045.0,Long,1,0.04164292743564513,1.8800141419779586,1880.0141419779586,0.0,29.42677154355729,-0.0026716377737681096,1.4596160018674695,1459.6160018674695
2025-01-17,104161.0,Long,1,-0.005738153249465472,1.8692263327201266,1869.2263327201267,0.0,29.42677154355729,0.041141486331151,1.5196667736570293,1519.6667736570294
2025-01-18,104335.0,Long,1,0.04147912540758969,1.9467602061901939,1946.760206190194,0.0,29.42677154355729,0.0016704908747036118,1.5222053631350136,1522.2053631350136
2025-01-19,101275.0,Long,1,0.0031404561824730504,1.9528739213155164,1952.8739213155163,0.0,29.42677154355729,-0.029328604974361405,1.4775612033497725,1477.5612033497725
2025-01-20,101765.0,Long,1,-0.03128709838011723,1.8917741628153524,1891.7741628153524,0.0,29.42677154355729,0.004838311528017725,1.4847101047532913,1484.7101047532913
2025-01-21,106182.0,Long,1,0.0090033997469956,1.908806561834217,1908.8065618342168,0.0,29.42677154355729,0.04340392079791666,1.5491523445478697,1549.1523445478697
2025-01-22,103674.0,Long,1,0.04013908614525685,1.985424312854312,1985.4243128543121,0.0,29.42677154355729,-0.023619822568797022,1.512561641037613,1512.561641037613
2025-01-23,104068.0,Long,1,-0.024323637151224653,1.9371315722772242,1937.1315722772242,0.0,29.42677154355729,0.0038003742500529736,1.5183099413498302,1518.3099413498303
2025-01-24,104835.0,Long,1,0.003966798571566343,1.9448157830310695,1944.8157830310695,0.0,29.42677154355729,0.007370181035476708,1.5295001604855425,1529.5001604855424
2025-01-25,104796.0,Long,1,0.008113746262773835,1.9605955248224214,1960.5955248224213,0.0,29.42677154355729,-0.0003720131635427393,1.5289311662922012,1528.9311662922012
2025-01-26,102552.0,Long,1,-0.001020359509846025,1.9585950125337073,1958.5950125337072,0.0,29.42677154355729,-0.021413031031718766,1.4961921157830242,1496.1921157830243
2025-01-27,101958.0,Long,1,-0.02036121346341091,1.9187156413951363,1918.7156413951363,0.0,29.42677154355729,-0.0057921834776503145,1.487525896530595,1487.525896530595
2025-01-28,101313.0,Long,1,-0.005105968331303279,1.9089187400933965,1908.9187400933965,0.0,29.42677154355729,-0.006326134290590257,1.478115607948412,1478.115607948412
2025-01-29,103719.0,Long,1,-0.007443609758964187,1.8947094939305678,1894.7094939305678,0.0,29.42677154355729,0.023748186313701014,1.5132181727991603,1513.2181727991604
2025-01-30,104782.0,Long,1,0.02343572690224094,1.9391133881894078,1939.1133881894077,0.0,29.42677154355729,0.010248845438155074,1.5287269119663862,1528.7269119663863
2025-01-31,102382.0,Long,1,0.009680280766709126,1.9578845502255657,1957.8845502255658,0.0,29.42677154355729,-0.02290469737168599,1.4937118846838442,1493.7118846838441
2025-02-01,100675.0,Long,1,-0.0221065699006876,1.914602438558528,1914.602438558528,0.0,29.42677154355729,-0.016672852649879832,1.468807446529136,1468.807446529136
2025-02-02,97568.0,Long,1,-0.018094819588887257,1.879958052848368,1879.958052848368,0.0,29.42677154355729,-0.0308616836354606,1.4234775757929452,1423.4775757929451
2025-02-03,101467.0,Long,1,-0.02884079879067547,1.8257385609112582,1825.7385609112582,0.0,29.42677154355729,0.039961872745162275,1.480362405532375,1480.362405532375
2025-02-04,98118.0,Long,1,0.03829926678409046,1.8956630091336,1895.6630091335999,0.0,29.42677154355729,-0.0330058048429539,1.4315018528785277,1431.5018528785276
2025-02-05,98118.0,Flat,2,0.0,1.8956630091336,1895.6630091335999,0.0,29.42677154355729,0.0,1.4315018528785277,1431.5018528785276
2025-02-06,96583.0,Flat,2,-0.035558939561306624,1.8282552427632135,1828.2552427632136,1.8956630091336,31.32243455269089,-0.015644428137548627,1.409106825012402,1409.106825012402
2025-02-07,96635.0,Flat,2,0.0,1.8282552427632135,1828.2552427632136,0.0,31.32243455269089,0.0005383970263919124,1.4098654839368572,1409.8654839368571
2025-02-08,96558.0,Flat,2,0.0,1.8282552427632135,1828.2552427632136,0.0,31.32243455269089,-0.0007968127490040056,1.4087420851448755,1408.7420851448755
2025-02-09,96558.0,Flat,2,0.0,1.8282552427632135,1828.2552427632136,0.0,31.32243455269089,0.0,1.4087420851448755,1408.7420851448755
2025-02-10,96549.0,Flat,2,0.0,1.8282552427632135,1828.2552427632136,0.0,31.32243455269089,-9.320822717950872e-05,1.408610778792566,1408.610778792566
2025-02-11,97400.0,Flat,2,0.0,1.8282552427632135,1828.2552427632136,0.0,31.32243455269089,0.008814177257143951,1.4210265238831672,1421.026523883167
2025-02-12,95740.0,Long,1,0.0,1.8282552427632135,1828.2552427632136,0.0,31.32243455269089,-0.017043121149897367,1.3968077966794088,1396.8077966794087
2025-02-13,97836.0,Long,1,-0.0010000000000000009,1.8264269875204504,1826.4269875204504,1.8282552427632137,33.150689795454106,0.021892625861708703,1.4273875871728288,1427.3875871728287
2025-02-14,96562.0,Long,1,0.022393282015395366,1.867326682132525,1867.3266821325249,0.0,33.150689795454106,-0.0130217915695654,1.4088004435236794,1408.8004435236794
2025-02-15,97488.0,Long,1,-0.012585940931890693,1.8438246188106613,1843.8246188106614,0.0,33.150689795454106,0.009589693668316635,1.42231040821686,1422.31040821686
2025-02-16,97570.0,Flat,2,0.009011432414256948,1.8604401197468166,1860.4401197468167,0.0,33.150689795454106,0.0008411291646150953,1.4235067549823468,1423.5067549823468
2025-02-17,96149.0,Flat,2,5.6128622111240034e-05,1.8605445436872585,1860.5445436872585,1.8604401197468168,35.011129915200925,-0.014563902838987342,1.4027749409121417,1402.7749409121418
2025-02-18,95776.0,Flat,2,0.0,1.8605445436872585,1860.5445436872585,0.0,35.011129915200925,-0.003879395521534268,1.3973330220886466,1397.3330220886467
2025-02-19,95496.0,Flat,2,0.0,1.8605445436872585,1860.5445436872585,0.0,35.011129915200925,-0.002923488138991015,1.39324793557235,1393.24793557235
2025-02-20,96555.0,Flat,2,0.0,1.8605445436872585,1860.5445436872585,0.0,35.011129915200925,0.011089469716009104,1.4086983163607718,1408.6983163607717
2025-02-21,98384.0,Flat,2,0.0,1.8605445436872585,1860.5445436872585,0.0,35.011129915200925,0.018942571591320956,1.435382685069009,1435.382685069009
2025-02-22,96135.0,Flat,2,0.0,1.8605445436872585,1860.5445436872585,0.0,35.011129915200925,-0.02285940803382669,1.4025706865863268,1402.5706865863267
2025-02-23,96564.0,Flat,2,0.0,1.8605445436872585,1860.5445436872585,0.0,35.011129915200925,0.0044624746450303565,1.408829622713081,1408.8296227130809
2025-02-24,96327.0,Flat,2,0.0,1.8605445436872585,1860.5445436872585,0.0,35.011129915200925,-0.0024543308065116953,1.40537188876893,1405.37188876893
2025-02-25,91397.0,Flat,2,0.0,1.8605445436872585,1860.5445436872585,0.0,35.011129915200925,-0.05117983535249726,1.333445186892708,1333.445186892708
2025-02-26,88756.0,Flat,2,0.0,1.8605445436872585,1860.5445436872585,0.0,35.011129915200925,-0.0288959156208628,1.2949140672872106,1294.9140672872106
2025-02-27,83900.0,Flat,2,0.0,1.8605445436872585,1860.5445436872585,0.0,35.011129915200925,-0.05471179413222771,1.224066995418867,1224.066995418867
2025-02-28,84709.0,Flat,2,0.0,1.8605445436872585,1860.5445436872585,0.0,35.011129915200925,0.009642431466031054,1.2358699775320239,1235.8699775320238
2025-03-01,84442.0,Flat,2,0.0,1.8605445436872585,1860.5445436872585,0.0,35.011129915200925,-0.0031519673234249312,1.2319745557468411,1231.9745557468411
2025-03-02,86005.0,Flat,2,0.0,1.8605445436872585,1860.5445436872585,0.0,35.011129915200925,0.018509746334762323,1.2547780922645966,1254.7780922645966
2025-03-03,94262.0,Flat,2,0.0,1.8605445436872585,1860.5445436872585,0.0,35.011129915200925,0.09600604616010688,1.3752443757112423,1375.2443757112424
2025-03-04,86125.0,Flat,2,0.0,1.8605445436872585,1860.5445436872585,0.0,35.011129915200925,-0.0863232267509707,1.2565288436287236,1256.5288436287237
2025-03-05,87311.0,Flat,2,0.0,1.8605445436872585,1860.5445436872585,0.0,35.011129915200925,0.013770682148040558,1.2738321029441797,1273.8321029441797
2025-03-06,90604.0,Flat,2,0.0,1.8605445436872585,1860.5445436872585,0.0,35.011129915200925,0.03771575173803998,1.3218756382947678,1321.875638294768
2025-03-07,90001.0,Flat,2,0.0,1.8605445436872585,1860.5445436872585,0.0,35.011129915200925,-0.006655335305284504,1.3130781126900293,1313.0781126900292
2025-03-08,86773.0,Flat,2,0.0,1.8605445436872585,1860.5445436872585,0.0,35.011129915200925,-0.0358662681525761,1.26598290099501,1265.9829009950101
2025-03-09,86143.0,Flat,2,0.0,1.8605445436872585,1860.5445436872585,0.0,35.011129915200925,-0.007260322911504691,1.2567914563333429,1256.791456333343
2025-03-10,80751.0,Flat,2,0.0,1.8605445436872585,1860.5445436872585,0.0,35.011129915200925,-0.06259359437214862,1.1781243617052317,1178.1243617052316
