bitcoin_close_topo_avg_hole_lifetime_1_x,bitcoin_close_topo_num_relevant_holes_1_x,bitcoin_close_topo_l1_norm_1_x,bitcoin_close_topo_l2_norm_1_x,signal
-1.290843474192592,0.19270913060744332,-0.2725786936161722,1.2245656618631333,-0.05245358436390712
-0.41163249708692334,-0.24526616622765507,-0.3655074663853526,1.2016973192718783,0.2098143374556284
-0.514375899894143,-0.24526616622765507,-0.2575656660029311,1.1339022611926555,0.2098143374556284
-0.293627281148738,-0.24526616622765507,-0.27254621156686043,1.0736995608023496,0.2098143374556284
-0.29156029288320395,-0.24526616622765507,-0.27091789521379517,0.976441234403919,0.2098143374556284
-0.024794383920745584,-0.24526616622765507,-0.000446454794124537,-0.014381307879335283,-0.05245358436390712
0.06098557337894073,0.19270913060744332,0.08239918755411217,-0.2203860722873472,0.2098143374556284
0.0751132620987388,0.19270913060744332,0.08610898874280269,-0.23548696714671008,0.2098143374556284
0.08462533080657385,0.19270913060744332,0.08860677054555299,-0.24565428837673972,0.2098143374556284
0.0916567461398786,0.19270913060744332,0.09045315557561924,-0.25317007285972803,0.2098143374556284
0.09363658836143769,0.19270913060744332,0.090973043943252,-0.25528629935783836,0.2098143374556284
0.20491896619875655,0.19270913060744332,0.12019477339731756,-0.3742345237100852,0.2098143374556284
0.20491896619875655,0.19270913060744332,0.12019477339731756,-0.3742345237100852,0.2098143374556284
0.162806030487694,0.19270913060744332,0.10913630360379707,-0.32922057790445064,0.2098143374556284
0.15973329663792202,0.19270913060744332,0.10832943194102897,-0.32593617436778527,0.2098143374556284
0.20491896619875655,0.19270913060744332,0.12019477339731756,-0.3742345237100852,0.2098143374556284
-0.0992694822537129,0.19270913060744332,0.04031768309354522,-0.04909161685397151,0.2098143374556284
0.01800089862824371,-0.24526616622765507,0.022028840807215178,-0.027685443544916737,-0.05245358436390712
0.01610104243361944,-0.24526616622765507,0.02103107126274876,-0.024163312121174847,-0.05245358436390712
0.012112272162524959,-0.24526616622765507,0.018936242450108946,-0.016767972234031626,-0.05245358436390712
0.043874581372401286,-0.24526616622765507,0.03561722329550788,-0.07565563590094204,-0.05245358436390712
0.06148538157232655,-0.24526616622765507,0.04486609178507464,-0.10830644285196575,-0.05245358436390712
0.0648722925122218,-0.24526616622765507,0.046644835142182234,-0.1145858317693856,-0.05245358436390712
-0.03406290060926187,0.19270913060744332,0.05744033202026134,-0.11879004757968699,0.2098143374556284
-0.037048711294966744,0.19270913060744332,0.05665628558133392,-0.11559855503415786,0.2098143374556284
0.20491896619875655,0.19270913060744332,0.12019477339731756,-0.3742345237100852,0.2098143374556284
0.20491896619875655,0.19270913060744332,0.12019477339731756,-0.3742345237100852,0.2098143374556284
0.20491896619875655,0.19270913060744332,0.12019477339731756,-0.3742345237100852,0.2098143374556284
0.20491896619875655,0.19270913060744332,0.12019477339731756,-0.3742345237100852,0.2098143374556284
0.20491896619875655,0.19270913060744332,0.12019477339731756,-0.3742345237100852,0.2098143374556284
0.20491896619875655,0.19270913060744332,0.12019477339731756,-0.3742345237100852,0.2098143374556284
0.20491896619875655,0.19270913060744332,0.12019477339731756,-0.3742345237100852,0.2098143374556284
0.20491896619875655,0.19270913060744332,0.12019477339731756,-0.3742345237100852,0.2098143374556284
0.20491896619875655,0.19270913060744332,0.12019477339731756,-0.3742345237100852,0.2098143374556284
0.20491896619875655,0.19270913060744332,0.12019477339731756,-0.3742345237100852,0.2098143374556284
0.20491896619875655,0.19270913060744332,0.12019477339731756,-0.3742345237100852,0.2098143374556284
0.20491896619875655,0.19270913060744332,0.12019477339731756,-0.3742345237100852,0.2098143374556284
0.20491896619875655,0.19270913060744332,0.12019477339731756,-0.3742345237100852,0.2098143374556284
0.20491896619875655,0.19270913060744332,0.12019477339731756,-0.3742345237100852,0.2098143374556284
0.20491896619875655,0.19270913060744332,0.12019477339731756,-0.3742345237100852,0.2098143374556284
0.20491896619875655,0.19270913060744332,0.12019477339731756,-0.3742345237100852,0.2098143374556284
0.20491896619875655,0.19270913060744332,0.12019477339731756,-0.3742345237100852,0.2098143374556284
0.20491896619875655,0.19270913060744332,0.12019477339731756,-0.3742345237100852,0.2098143374556284
0.20491896619875655,0.19270913060744332,0.12019477339731756,-0.3742345237100852,0.2098143374556284
0.20491896619875655,0.19270913060744332,0.12019477339731756,-0.3742345237100852,0.2098143374556284
0.20491896619875655,0.19270913060744332,0.12019477339731756,-0.3742345237100852,0.2098143374556284
0.1788182802684391,-0.24526616622765507,0.10648717300911853,-0.3273521885699741,-0.05245358436390712
0.1598238973204689,0.19270913060744332,0.10835322284741675,-0.32603301620854647,0.2098143374556284
0.15802124462566194,0.19270913060744332,0.10787986282068998,-0.3241061851923677,0.2098143374556284
0.1563563317139152,0.19270913060744332,0.10744267199481848,-0.32232658236214323,0.2098143374556284
0.15904610216199924,-0.24526616622765507,0.09610318858009019,-0.3047010297581607,-0.05245358436390712
0.1578126290319009,0.19270913060744332,0.10782508228347235,-0.32388319881364075,0.2098143374556284
0.15832614433962042,0.19270913060744332,0.1079599266827773,-0.3244320883612763,0.2098143374556284
0.15775245145677755,0.19270913060744332,0.1078092802054288,-0.3238188758197772,0.2098143374556284
0.1559006537422865,0.19270913060744332,0.10732301514829981,-0.32183951435860986,0.2098143374556284
0.20491896619875655,0.19270913060744332,0.12019477339731756,-0.3742345237100852,0.2098143374556284
0.20491896619875655,0.19270913060744332,0.12019477339731756,-0.3742345237100852,0.2098143374556284
0.20491896619875655,0.19270913060744332,0.12019477339731756,-0.3742345237100852,0.2098143374556284
0.20491896619875655,0.19270913060744332,0.12019477339731756,-0.3742345237100852,0.2098143374556284
0.20491896619875655,0.19270913060744332,0.12019477339731756,-0.3742345237100852,0.2098143374556284
0.20491896619875655,0.19270913060744332,0.12019477339731756,-0.3742345237100852,0.2098143374556284
-1.4698155944478557,0.19270913060744332,-0.31957512718955644,1.415866533812881,-0.05245358436390712
-1.4694689047511726,0.19270913060744332,-0.31948408966216113,1.415495961898234,-0.05245358436390712
-0.6998654186951992,-0.24526616622765507,-0.35498135104325473,1.4276659152420559,0.2098143374556284
-0.5773283298704309,-0.24526616622765507,-0.2906271248429341,1.1673015025228095,0.2098143374556284
-0.5780377566171632,-0.24526616622765507,-0.290999702727472,1.1686992808899115,0.2098143374556284
-0.6424321081573794,-0.24526616622765507,-0.3248184322630509,1.295598933730095,0.2098143374556284
-0.42564919161260495,-0.24526616622765507,-0.37654943178624983,1.2449619421543239,0.2098143374556284
-0.6135508839365003,-0.24526616622765507,-0.30965054428498306,1.224871170138246,0.2098143374556284
-0.646141387024012,-0.24526616622765507,-0.32676647732853065,1.2270217537216725,-0.05245358436390712
-0.8972712674902004,-0.24526616622765507,-0.4586552735140811,1.318090618204657,-0.05245358436390712
-0.8861618184827015,-0.24526616622765507,-0.4528207951431129,1.3010329629261828,-0.05245358436390712
-0.9276487402525501,-0.24526616622765507,-0.4746089637175257,1.3647328833408494,-0.05245358436390712
-0.1486012195806172,-0.24526616622765507,-0.06546752868788293,0.17889976380249145,-0.05245358436390712
0.0017399148703219542,-0.24526616622765507,0.013488871096546524,-0.052567170837968476,-0.05245358436390712
0.06994317259598623,-0.24526616622765507,-0.021578837129729984,-0.021829752324184278,-0.05245358436390712
-0.004277591902119366,-0.6832414630627536,-0.0995375990536767,0.1032946192324268,-0.05245358436390712
0.017105590038352575,-0.24526616622765507,-0.027759424904513077,0.004447921387593857,-0.05245358436390712
-0.1310455264379114,-0.24526616622765507,-0.14446878881609157,0.320071650768028,-0.05245358436390712
-0.19699808713398445,-0.24526616622765507,-0.19642439732081507,0.4927911507214623,-0.05245358436390712
-0.237229526382833,-0.24526616622765507,-0.22811761567555291,0.5795793128475388,-0.05245358436390712
-0.322572165443301,-0.6832414630627536,-0.4338625153783324,0.8855392389409924,-0.05245358436390712
-0.3701713736664102,-0.24526616622765507,-0.18183210003548342,0.554457044989846,-0.05245358436390712
-0.1873298353307134,-0.24526616622765507,-0.08580708565231454,0.3955900623268647,-0.05245358436390712
-0.15727414543534293,-0.24526616622765507,-0.07002238989461346,0.3366028474486736,-0.05245358436390712
0.1501697426713703,0.19270913060744332,0.10581813058261917,-0.31571382124300573,-0.3147215061834427
0.15436395249753873,0.19270913060744332,0.10691949152759331,-0.3201969552403113,-0.3147215061834427
0.20491896619875655,0.19270913060744332,0.12019477339731756,-0.3742345237100852,-0.3147215061834427
0.20491896619875655,0.19270913060744332,0.12019477339731756,-0.3742345237100852,-0.3147215061834427
0.20491896619875655,0.19270913060744332,0.12019477339731756,-0.3742345237100852,-0.3147215061834427
0.20491896619875655,0.19270913060744332,0.12019477339731756,-0.3742345237100852,-0.3147215061834427
0.20491896619875655,0.19270913060744332,0.12019477339731756,-0.3742345237100852,-0.3147215061834427
0.20491896619875655,0.19270913060744332,0.12019477339731756,-0.3742345237100852,-0.3147215061834427
0.20491896619875655,0.19270913060744332,0.12019477339731756,-0.3742345237100852,-0.3147215061834427
0.20491896619875655,0.19270913060744332,0.12019477339731756,-0.3742345237100852,-0.3147215061834427
0.172633697145065,0.19270913060744332,0.11171695852695354,-0.33972523750229794,-0.3147215061834427
0.009578545509934448,0.19270913060744332,0.06890017459608798,-0.16543779742945539,-0.3147215061834427
0.006837122643202843,0.19270913060744332,0.06818030215188187,-0.16250752770900537,-0.3147215061834427
0.0038529835568069555,0.19270913060744332,0.06739669465956677,-0.15931782191330582,-0.3147215061834427
-0.0034712959754315638,0.19270913060744332,0.06547340618302193,-0.15148899886018158,-0.3147215061834427
0.011758979648571463,0.19270913060744332,0.06947273655719924,-0.16776843390711085,-0.3147215061834427
0.025554354425743758,0.19270913060744332,0.07309527515936039,-0.18251412290036062,-0.3147215061834427
0.03197730761057883,0.19270913060744332,0.07478188362254184,-0.18937953044539543,-0.3147215061834427
0.04500943014326963,0.19270913060744332,0.07820399920151731,-0.20330938946647603,-0.3147215061834427
0.20491896619875655,0.19270913060744332,0.12019477339731756,-0.3742345237100852,-0.3147215061834427
0.20491896619875655,0.19270913060744332,0.12019477339731756,-0.3742345237100852,-0.3147215061834427
0.20491896619875655,0.19270913060744332,0.12019477339731756,-0.3742345237100852,-0.3147215061834427
0.20491896619875655,0.19270913060744332,0.12019477339731756,-0.3742345237100852,0.2098143374556284
0.20491896619875655,0.19270913060744332,0.12019477339731756,-0.3742345237100852,0.2098143374556284
0.20491896619875655,0.19270913060744332,0.12019477339731756,-0.3742345237100852,0.2098143374556284
0.20491896619875655,0.19270913060744332,0.12019477339731756,-0.3742345237100852,0.2098143374556284
0.20491896619875655,0.19270913060744332,0.12019477339731756,-0.3742345237100852,0.2098143374556284
0.10049415736660826,0.19270913060744332,0.09277377852563688,-0.26261626185855425,0.2098143374556284
0.19143918937112017,0.19270913060744332,0.11665510791556259,-0.35982617308465303,0.2098143374556284
0.20378161002892473,0.19270913060744332,0.11989611412229449,-0.3730188191260643,0.2098143374556284
0.20359372226659506,0.19270913060744332,0.11984677652306965,-0.37281798844522374,0.2098143374556284
0.20356396779889518,0.19270913060744332,0.11983896327337032,-0.3727861842982579,0.2098143374556284
0.09279376798984863,-0.24526616622765507,0.061308680725322126,-0.13616238495392957,-0.05245358436390712
0.09292498853560377,-0.24526616622765507,0.06137759534345649,-0.13644112362659397,-0.05245358436390712
-0.03439421159230224,0.19270913060744332,0.05735333280169936,-0.11843591376347162,0.2098143374556284
-0.04781113628592086,0.19270913060744332,0.05383017171256765,-0.10409474493163028,0.2098143374556284
-0.03231808525054575,0.19270913060744332,0.057898504494201794,-0.12065505705176362,0.2098143374556284
-0.00971705963351447,0.19270913060744332,0.06383332606074647,-0.14481298679707832,0.2098143374556284
-0.02000541906044109,0.19270913060744332,0.06113169745123439,-0.13381589894620907,0.2098143374556284
0.01632562180078126,0.19270913060744332,0.07067189480739845,-0.17264965576643845,0.2098143374556284
0.03444977014849511,0.19270913060744332,0.07543112955682556,-0.19202231211827198,0.2098143374556284
0.20491896619875655,0.19270913060744332,0.12019477339731756,-0.3742345237100852,0.2098143374556284
0.20491896619875655,0.19270913060744332,0.12019477339731756,-0.3742345237100852,0.2098143374556284
0.20491896619875655,0.19270913060744332,0.12019477339731756,-0.3742345237100852,0.2098143374556284
0.20491896619875655,0.19270913060744332,0.12019477339731756,-0.3742345237100852,0.2098143374556284
0.20491896619875655,0.19270913060744332,0.12019477339731756,-0.3742345237100852,0.2098143374556284
0.20491896619875655,0.19270913060744332,0.12019477339731756,-0.3742345237100852,0.2098143374556284
0.20491896619875655,0.19270913060744332,0.12019477339731756,-0.3742345237100852,0.2098143374556284
0.20491896619875655,0.19270913060744332,0.12019477339731756,-0.3742345237100852,0.2098143374556284
0.10442676190092093,0.19270913060744332,0.0938064443257828,-0.2668197695075364,0.2098143374556284
0.20491896619875655,0.19270913060744332,0.12019477339731756,-0.3742345237100852,0.2098143374556284
0.20491896619875655,0.19270913060744332,0.12019477339731756,-0.3742345237100852,0.2098143374556284
0.20491896619875655,0.19270913060744332,0.12019477339731756,-0.3742345237100852,0.2098143374556284
0.20491896619875655,0.19270913060744332,0.12019477339731756,-0.3742345237100852,0.2098143374556284
0.19834807647507652,0.19270913060744332,0.11846931815894571,-0.3672109888051359,0.2098143374556284
0.19810268569651787,0.19270913060744332,0.11840488079625702,-0.36694869393015905,0.2098143374556284
0.1976831142699632,0.19270913060744332,0.11829470519656449,-0.3665002197229438,0.2098143374556284
0.19716236929523237,-0.24526616622765507,0.11612115130900495,-0.3625092479932575,-0.05245358436390712
0.1965403671923599,-0.24526616622765507,0.1157944872401158,-0.3615689964119189,-0.05245358436390712
0.12111355772281752,-0.24526616622765507,0.0541751837498518,-0.1839939956837924,-0.05245358436390712
-0.023190150063914904,-0.24526616622765507,-0.059503297698312765,0.11586065559904851,-0.05245358436390712
0.08416547383667272,-0.24526616622765507,0.025068502202875525,-0.10751572714488193,-0.05245358436390712
0.03189205604582071,-0.24526616622765507,0.029324221293309426,-0.04130196234249933,-0.05245358436390712
-0.06397828760263173,-0.24526616622765507,-0.09163506761342033,0.2035337168327665,-0.05245358436390712
-0.013144172536790769,-0.24526616622765507,0.005672022035015165,0.04535512164121037,-0.05245358436390712
-0.3158982216222222,-0.24526616622765507,-0.15332883839646455,0.444148705434834,-0.05245358436390712
-0.34719089500623984,-0.24526616622765507,-0.1697631751404004,0.49332024952079395,-0.05245358436390712
-0.3613561111305245,-0.24526616622765507,-0.17720248622067467,0.5155786995552071,-0.05245358436390712
-0.3686920082779605,0.19270913060744332,-0.030430195567179016,0.23889046704731362,-0.05245358436390712
0.13601263380373413,0.19270913060744332,0.10210060393355182,-0.30058147958664294,0.2098143374556284
-0.003952047936694989,-0.24526616622765507,0.010499556877319379,0.007172164726901049,-0.05245358436390712
-0.40941300324443314,-0.24526616622765507,-0.20244108243055756,0.8727463635195201,-0.05245358436390712
0.16804381976246033,0.19270913060744332,0.11051169891884308,-0.3348191798203397,0.2098143374556284
0.16615290662413912,0.19270913060744332,0.11001516251098578,-0.33279800841316104,0.2098143374556284
0.20491896619875655,0.19270913060744332,0.12019477339731756,-0.3742345237100852,0.2098143374556284
-0.09013034735171188,0.19270913060744332,0.04271753590708676,-0.05886031419703017,0.2098143374556284
-0.033974305845885795,0.19270913060744332,0.057463596190714346,-0.11888474532065274,0.2098143374556284
0.1128967555995362,0.19270913060744332,0.09603058681041231,-0.2758732308938291,0.2098143374556284
0.13297182750076375,0.19270913060744332,0.10130211615107904,-0.2973312029717219,0.2098143374556284
0.14230286200343598,0.19270913060744332,0.103752360035715,-0.30730501919521197,0.2098143374556284
0.15184535381869452,0.19270913060744332,0.10625813066680954,-0.3175048592721393,0.2098143374556284
0.15747262573245385,0.19270913060744332,0.10773580054252631,-0.3235197738983118,0.2098143374556284
0.16249310709705242,0.19270913060744332,0.1090541327979706,-0.32888609833636023,0.2098143374556284
0.20491896619875655,0.19270913060744332,0.12019477339731756,-0.3742345237100852,0.2098143374556284
0.20491896619875655,0.19270913060744332,0.12019477339731756,-0.3742345237100852,0.2098143374556284
0.20491896619875655,0.19270913060744332,0.12019477339731756,-0.3742345237100852,0.2098143374556284
0.20491896619875655,0.19270913060744332,0.12019477339731756,-0.3742345237100852,0.2098143374556284
0.20491896619875655,0.19270913060744332,0.12019477339731756,-0.3742345237100852,0.2098143374556284
0.20491896619875655,0.19270913060744332,0.12019477339731756,-0.3742345237100852,0.2098143374556284
0.20491896619875655,0.19270913060744332,0.12019477339731756,-0.3742345237100852,0.2098143374556284
0.20491896619875655,0.19270913060744332,0.12019477339731756,-0.3742345237100852,0.2098143374556284
0.20491896619875655,0.19270913060744332,0.12019477339731756,-0.3742345237100852,0.2098143374556284
0.20491896619875655,0.19270913060744332,0.12019477339731756,-0.3742345237100852,0.2098143374556284
0.20491896619875655,0.19270913060744332,0.12019477339731756,-0.3742345237100852,0.2098143374556284
0.20491896619875655,0.19270913060744332,0.12019477339731756,-0.3742345237100852,0.2098143374556284
0.20491896619875655,0.19270913060744332,0.12019477339731756,-0.3742345237100852,0.2098143374556284
0.20491896619875655,0.19270913060744332,0.12019477339731756,-0.3742345237100852,0.2098143374556284
0.20491896619875655,0.19270913060744332,0.12019477339731756,-0.3742345237100852,0.2098143374556284
0.015843198240208852,-0.24526616622765507,0.02089565623284779,-0.05786273849372475,-0.05245358436390712
-0.0043781386005546765,-0.24526616622765507,0.010275781894358233,-0.024027208402383076,-0.05245358436390712
0.03078534586332025,-0.24526616622765507,-0.016982890520086228,0.05521702864081033,-0.05245358436390712
-0.5553715386270816,-0.24526616622765507,-0.2790958217586217,1.1649229245234292,0.2098143374556284
-0.4357584670335626,-0.24526616622765507,-0.3845132401735862,1.37019929968955,0.2098143374556284
-0.6699431224246856,-0.24526616622765507,-0.33926671116488005,1.4138393309075714,0.2098143374556284
-1.1694258554250494,0.19270913060744332,-0.2406955430622831,1.094784015944403,-0.05245358436390712
-1.0387589433610438,0.19270913060744332,-0.20638361311310058,0.9551159258688476,-0.05245358436390712
-1.5795132961402587,0.19270913060744332,-0.34838073525514185,1.5331209193267215,-0.05245358436390712
-2.2596238685114334,0.19270913060744332,-0.5269715196265317,2.26008188582408,-0.05245358436390712
-2.29432927904467,0.19270913060744332,-0.5360848414022138,2.297178028435079,-0.05245358436390712
-1.6049567092222843,-0.24526616622765507,-0.8303186566798713,2.5822213033194448,-0.05245358436390712
-0.38929781295979005,-0.24526616622765507,-0.5039486820209831,1.1929992645960517,-0.05245358436390712
-0.3784638435184115,0.19270913060744332,-0.03299618967348398,0.2493354492008542,-0.05245358436390712
-0.30549652776214653,0.19270913060744332,-0.013835643309746053,0.17134167504152092,-0.05245358436390712
-0.21257666833400246,0.19270913060744332,0.010564257607975466,0.0720208975668004,0.2098143374556284
-0.16527742860689024,0.19270913060744332,0.0229846031608825,0.021463381740026738,0.2098143374556284
-0.14484981641139824,0.19270913060744332,0.02834870634208767,-0.00037141587691658155,0.2098143374556284
-0.1443727419686146,0.19270913060744332,0.028473981705244025,-0.0008813542782680629,0.2098143374556284
-0.05391280808356945,-0.24526616622765507,-0.015738915820769066,0.045911452755206555,-0.05245358436390712
-0.06509380154149283,-0.24526616622765507,-0.021610968021751865,0.0640607824703337,-0.05245358436390712
-0.856438108210095,-0.24526616622765507,-0.4372104489798257,1.4241423770801909,-0.05245358436390712
-1.834930327354195,0.19270913060744332,-0.41545089972453625,1.8061327197811832,-0.05245358436390712
-1.8072847493425157,0.19270913060744332,-0.4081914250713298,1.7765827364002746,-0.05245358436390712
-0.2743556355953845,-0.24526616622765507,-0.13151143597767126,0.5581550973157559,-0.05245358436390712
-0.30042288953952223,0.19270913060744332,-0.012503352552029947,0.16591853195889303,-0.05245358436390712
-0.07292424134449131,0.19270913060744332,0.047235701177027266,-0.07725168754247885,0.2098143374556284
-0.07070101426354435,0.19270913060744332,0.04781950017141394,-0.0796280648157706,0.2098143374556284
-0.08246940771864425,0.19270913060744332,0.04472922823135301,-0.06704898866582426,0.2098143374556284
-0.053445846816605136,-0.24526616622765507,-0.015493676348465431,0.029816918161072552,-0.05245358436390712
-0.03870827508892476,-0.24526616622765507,-0.07172804864076963,0.10289127909143052,-0.05245358436390712
0.0007906136227506835,-0.24526616622765507,0.012990315534272554,-0.0632966474218993,-0.05245358436390712
-0.08137969212911841,-0.24526616622765507,-0.030164018341467678,0.061656823796364106,-0.05245358436390712
-0.0010698764081470472,-0.24526616622765507,0.012013220375246443,0.0049040579408236,-0.05245358436390712
-0.04272178502979218,-0.24526616622765507,-0.009861596260438412,0.08156758430402619,-0.05245358436390712
0.01664807330748402,0.19270913060744332,0.07075656760891515,-0.17299431980855726,0.2098143374556284
0.20491896619875655,0.19270913060744332,0.12019477339731756,-0.3742345237100852,0.2098143374556284
0.20491896619875655,0.19270913060744332,0.12019477339731756,-0.3742345237100852,0.2098143374556284
0.20491896619875655,0.19270913060744332,0.12019477339731756,-0.3742345237100852,0.2098143374556284
0.20491896619875655,0.19270913060744332,0.12019477339731756,-0.3742345237100852,0.2098143374556284
0.08580698435809371,0.19270913060744332,0.08891706190580258,-0.24691734183124345,0.2098143374556284
0.0885014352842429,0.19270913060744332,0.08962459995020249,-0.24979740388148325,0.2098143374556284
0.07068252097034929,0.19270913060744332,0.08494551685218517,-0.23075100804852425,0.2098143374556284
0.021664877153602848,0.19270913060744332,0.07207393418181235,-0.17835671339698075,0.2098143374556284
-0.5380734946578669,-0.24526616622765507,-0.2700112070913854,1.0257936652446369,-0.05245358436390712
-0.2627796432207485,-0.24526616622765507,-0.12543193760770563,0.4487246146120838,-0.05245358436390712
0.07666818377595447,0.19270913060744332,0.08651729688158351,-0.23714900183815069,0.2098143374556284
0.0965421622803114,0.19270913060744332,0.09173602094478801,-0.25839202791154947,0.2098143374556284
0.10448008591887746,0.19270913060744332,0.09382044672271585,-0.26687676682709877,0.2098143374556284
0.11188259629877641,0.19270913060744332,0.0957642779007173,-0.2747892097722456,0.2098143374556284
0.20491896619875655,0.19270913060744332,0.12019477339731756,-0.3742345237100852,0.2098143374556284
0.20491896619875655,0.19270913060744332,0.12019477339731756,-0.3742345237100852,0.2098143374556284
0.20491896619875655,0.19270913060744332,0.12019477339731756,-0.3742345237100852,0.2098143374556284
0.20491896619875655,0.19270913060744332,0.12019477339731756,-0.3742345237100852,0.2098143374556284
0.20491896619875655,0.19270913060744332,0.12019477339731756,-0.3742345237100852,0.2098143374556284
0.20491896619875655,0.19270913060744332,0.12019477339731756,-0.3742345237100852,0.2098143374556284
0.20491896619875655,0.19270913060744332,0.12019477339731756,-0.3742345237100852,0.2098143374556284
0.20491896619875655,0.19270913060744332,0.12019477339731756,-0.3742345237100852,0.2098143374556284
0.20491896619875655,0.19270913060744332,0.12019477339731756,-0.3742345237100852,0.2098143374556284
0.20491896619875655,0.19270913060744332,0.12019477339731756,-0.3742345237100852,0.2098143374556284
0.20491896619875655,0.19270913060744332,0.12019477339731756,-0.3742345237100852,0.2098143374556284
0.20491896619875655,0.19270913060744332,0.12019477339731756,-0.3742345237100852,0.2098143374556284
0.20491896619875655,0.19270913060744332,0.12019477339731756,-0.3742345237100852,0.2098143374556284
0.20491896619875655,0.19270913060744332,0.12019477339731756,-0.3742345237100852,0.2098143374556284
0.20491896619875655,0.19270913060744332,0.12019477339731756,-0.3742345237100852,0.2098143374556284
0.20491896619875655,0.19270913060744332,0.12019477339731756,-0.3742345237100852,0.2098143374556284
0.20491896619875655,0.19270913060744332,0.12019477339731756,-0.3742345237100852,0.2098143374556284
0.20491896619875655,0.19270913060744332,0.12019477339731756,-0.3742345237100852,0.2098143374556284
0.20491896619875655,0.19270913060744332,0.12019477339731756,-0.3742345237100852,0.2098143374556284
0.20491896619875655,0.19270913060744332,0.12019477339731756,-0.3742345237100852,0.2098143374556284
0.20491896619875655,0.19270913060744332,0.12019477339731756,-0.3742345237100852,0.2098143374556284
-1.2854154569164633,0.19270913060744332,-0.2711533461766441,1.2187637278166423,-0.05245358436390712
-1.3343939853093796,0.19270913060744332,-0.2840146574962886,1.2711162125221744,-0.05245358436390712
-1.409700202818773,0.19270913060744332,-0.3037893779599858,1.3516100070430037,-0.05245358436390712
-1.1125018811966767,-0.24526616622765507,-0.5716904348072283,1.7605938076619045,-0.05245358436390712
-1.1130013550702007,-0.24526616622765507,-0.5719527493027512,1.7614029999860632,-0.05245358436390712
-1.1009146891066703,-0.24526616622765507,-0.5656050545526575,1.741817060879523,-0.05245358436390712
-1.4764281069943292,-0.24526616622765507,-0.7628177977944677,2.1727412392661205,-0.05245358436390712
-1.282929788744006,-0.24526616622765507,-0.6611960385255636,1.9005423374724915,-0.05245358436390712
-1.1921589373874901,-0.24526616622765507,-0.6135248562197197,1.7617624056795218,-0.05245358436390712
-1.1643435248860183,-0.24526616622765507,-0.5989167129616834,1.7240792287671318,-0.05245358436390712
-0.6821695340904468,-0.24526616622765507,-0.5786290833814893,1.661342485635742,0.2098143374556284
-0.456993447765299,-0.6832414630627536,-0.5750536876454915,1.614138161344924,-0.05245358436390712
-0.4317164006045001,-0.6832414630627536,-0.5485036067473165,1.560965472097191,-0.05245358436390712
-0.1406850267330679,-0.24526616622765507,-0.15206252131458026,0.6990642628684739,0.2098143374556284
-0.14404962182218822,-0.24526616622765507,-0.15471305653841821,0.7095131332458455,0.2098143374556284
-0.19022911289218997,-0.24526616622765507,-0.19109198608501946,0.6511805166583426,-0.05245358436390712
0.18190856591095542,-0.24526616622765507,0.10206781462161144,-0.3306710859802812,-0.05245358436390712
0.18068389653721775,-0.24526616622765507,0.10110305386239153,-0.32835250312587844,-0.05245358436390712
0.17807514293564236,-0.24526616622765507,0.09904794971816677,-0.3234135698781546,-0.05245358436390712
0.17769095369446122,-0.24526616622765507,0.10589512181842023,-0.33251750971951743,-0.05245358436390712
0.1576565016564419,-0.24526616622765507,0.09537339594244561,-0.3018221041492493,-0.05245358436390712
0.15159528256207072,0.19270913060744332,0.10619246425360634,-0.3172375614976397,0.2098143374556284
0.1506591869490404,0.19270913060744332,0.10594665415070671,-0.3162369815930958,0.2098143374556284
0.15189583611782578,0.19270913060744332,0.10627138685450162,-0.3175588191169915,0.2098143374556284
0.1130993534357849,0.19270913060744332,0.0960837871398256,-0.27608978497316966,0.2098143374556284
0.20491896619875655,0.19270913060744332,0.12019477339731756,-0.3742345237100852,0.2098143374556284
-0.040511596423455275,0.19270913060744332,0.05574696377925013,-0.11189712408727724,0.2098143374556284
-0.039994403597256034,0.19270913060744332,0.05588277386110219,-0.11244994448453774,0.2098143374556284
-0.045165328899663064,0.19270913060744332,0.054524936410549014,-0.10692281256183044,0.2098143374556284
-0.07220779388066133,0.19270913060744332,0.04742383369506796,-0.07801748851942084,0.2098143374556284
-0.21945964564866957,-0.24526616622765507,-0.10268107132315091,0.3047031943640218,-0.05245358436390712
-0.1275738375530622,-0.24526616622765507,-0.14173388805336554,0.320878639031943,-0.05245358436390712
-0.19929514318441147,-0.24526616622765507,-0.1982339547301076,0.41018936258796573,-0.05245358436390712
-0.2537474906745224,-0.24526616622765507,-0.12068841714699963,0.3595581215819614,-0.05245358436390712
-1.0228770783263992,0.19270913060744332,-0.20221318134944063,0.9381400157383627,-0.05245358436390712
-0.36330711826400364,-0.24526616622765507,-0.17822711929781512,0.6101549557409951,-0.05245358436390712
-0.21297746212831953,-0.24526616622765507,-0.20901250826895112,0.47699994593025474,-0.05245358436390712
-0.2983606931920073,-0.24526616622765507,-0.27627506303852567,0.5724181521838153,-0.05245358436390712
-0.23160548622773774,-0.24526616622765507,-0.10905984349339685,0.2863326044334032,-0.05245358436390712
-0.13552346238679117,-0.24526616622765507,-0.0585993310448993,0.16832697412583877,-0.05245358436390712
-0.14100563948053077,-0.24526616622765507,-0.06147846966443392,0.177063884530228,-0.05245358436390712
-0.02716437742102123,0.19270913060744332,0.05925182079464807,-0.12616378545122664,0.2098143374556284
-0.04859026872383768,0.19270913060744332,0.053625578696564924,-0.10326194083608045,0.2098143374556284
0.0051211423725666715,0.19270913060744332,0.06772970150700394,-0.16067333967148834,0.2098143374556284
0.01709706488187677,0.19270913060744332,0.0708744686689845,-0.1734742408127724,0.2098143374556284
0.04196252250282144,0.19270913060744332,0.07740390926390955,-0.20005259121467708,0.2098143374556284
0.20491896619875655,0.19270913060744332,0.12019477339731756,-0.3742345237100852,0.2098143374556284
0.20491896619875655,0.19270913060744332,0.12019477339731756,-0.3742345237100852,0.2098143374556284
0.20491896619875655,0.19270913060744332,0.12019477339731756,-0.3742345237100852,0.2098143374556284
0.20491896619875655,0.19270913060744332,0.12019477339731756,-0.3742345237100852,0.2098143374556284
0.20491896619875655,0.19270913060744332,0.12019477339731756,-0.3742345237100852,0.2098143374556284
0.20491896619875655,0.19270913060744332,0.12019477339731756,-0.3742345237100852,0.2098143374556284
0.20491896619875655,0.19270913060744332,0.12019477339731756,-0.3742345237100852,0.2098143374556284
0.20491896619875655,0.19270913060744332,0.12019477339731756,-0.3742345237100852,0.2098143374556284
0.028511079283472327,0.19270913060744332,0.07387168392723344,-0.1856745259988557,0.2098143374556284
0.0791650516637819,-0.24526616622765507,0.05415112947549662,-0.16877850147839166,-0.05245358436390712
0.08911691814981033,-0.24526616622765507,0.059377666788400445,-0.18503784564408143,-0.05245358436390712
0.13084730835901218,-0.24526616622765507,0.08129370051098223,-0.2532167172373089,-0.05245358436390712
0.1359931596717845,-0.24526616622765507,0.08399620701371896,-0.26162392024854886,-0.05245358436390712
0.14220394511432694,-0.24526616622765507,0.08725799734254425,-0.27177108241907644,-0.05245358436390712
0.14766777640565046,-0.24526616622765507,0.09012750108393842,-0.28069786571946304,-0.05245358436390712
0.15291028794846467,-0.24526616622765507,0.09288077176239007,-0.2892630517297787,-0.05245358436390712
0.15599677070255302,-0.24526616622765507,0.09450173575969895,-0.29430573918599273,-0.05245358436390712
0.17995605433809816,0.19270913060744332,0.1136397422148942,-0.3475520057931182,0.2098143374556284
0.1356162140276089,0.19270913060744332,0.10199650774443991,-0.3001577518645669,0.2098143374556284
0.13704986117495788,0.19270913060744332,0.10237297030649686,-0.30169015785587416,0.2098143374556284
0.20491896619875655,0.19270913060744332,0.12019477339731756,-0.3742345237100852,0.2098143374556284
0.20491896619875655,0.19270913060744332,0.12019477339731756,-0.3742345237100852,0.2098143374556284
0.20491896619875655,0.19270913060744332,0.12019477339731756,-0.3742345237100852,0.2098143374556284
0.20491896619875655,0.19270913060744332,0.12019477339731756,-0.3742345237100852,0.2098143374556284
0.20491896619875655,0.19270913060744332,0.12019477339731756,-0.3742345237100852,0.2098143374556284
0.08208801021546903,0.19270913060744332,0.08794049348271125,-0.2429421808104769,0.2098143374556284
0.07686025053655658,0.19270913060744332,0.08656773184733917,-0.23735429939356512,0.2098143374556284
0.061826220671428116,0.19270913060744332,0.08261993380544831,-0.2212846287766242,0.2098143374556284
0.10591661657503448,-0.24526616622765507,0.06820055953804048,-0.18848653320563824,-0.05245358436390712
0.07548774213393362,-0.24526616622765507,0.05221987411793815,-0.13139586617104734,-0.05245358436390712
-0.02113617241300243,-0.24526616622765507,0.0014747706333423946,0.049889663545667595,-0.05245358436390712
-0.08658221065846523,-0.24526616622765507,-0.03289628542451976,0.1627976480564495,-0.05245358436390712
-0.10332628661668299,-0.24526616622765507,-0.041689966277109844,0.19364528737400838,-0.05245358436390712
-0.16155761866461107,-0.24526616622765507,-0.07227199128275759,0.3009248629463031,-0.05245358436390712
-0.30217990757319396,-0.24526616622765507,-0.14612423206979824,0.5984070725463272,-0.05245358436390712
-0.6837309750049674,0.19270913060744332,-0.11315653222618693,0.5756313457219718,-0.05245358436390712
0.1861027757371239,0.19270913060744332,0.11525381475038965,-0.35412215292882104,0.2098143374556284
0.20491896619875655,0.19270913060744332,0.12019477339731756,-0.3742345237100852,0.2098143374556284
0.20491896619875655,0.19270913060744332,0.12019477339731756,-0.3742345237100852,0.2098143374556284
0.10782111145774116,0.19270913060744332,0.09469776931676144,-0.27044794371140574,0.2098143374556284
0.20491896619875655,0.19270913060744332,0.12019477339731756,-0.3742345237100852,0.2098143374556284
0.15865177188501023,0.19270913060744332,0.1080454334828574,-0.3247801472280712,0.2098143374556284
0.0888596590161579,-0.24526616622765507,0.059242559021128106,-0.16860273691047042,-0.05245358436390712
0.07110420975602864,-0.6832414630627536,0.014779198558124764,-0.10038196556717559,-0.05245358436390712
0.06864551005242299,-0.24526616622765507,0.04862645962350451,-0.13278767324550175,-0.05245358436390712
0.0774862644777706,-0.24526616622765507,0.05326946130998905,-0.1484515851955894,-0.05245358436390712
0.09035657619735188,-0.24526616622765507,0.06002871240379467,-0.17125493397430616,-0.05245358436390712
0.1602260841142101,0.19270913060744332,0.10845883340234114,-0.3264629082175345,0.2098143374556284
0.15964436755468414,0.19270913060744332,0.1083060799812535,-0.32584111927685366,0.2098143374556284
0.15765382709754755,0.19270913060744332,0.10778338235530188,-0.3237134575798342,0.2098143374556284
0.20491896619875655,0.19270913060744332,0.12019477339731756,-0.3742345237100852,0.2098143374556284
0.20491896619875655,0.19270913060744332,0.12019477339731756,-0.3742345237100852,0.2098143374556284
0.20491896619875655,0.19270913060744332,0.12019477339731756,-0.3742345237100852,0.2098143374556284
0.20491896619875655,0.19270913060744332,0.12019477339731756,-0.3742345237100852,0.2098143374556284
0.20491896619875655,0.19270913060744332,0.12019477339731756,-0.3742345237100852,0.2098143374556284
0.20491896619875655,0.19270913060744332,0.12019477339731756,-0.3742345237100852,0.2098143374556284
0.20491896619875655,0.19270913060744332,0.12019477339731756,-0.3742345237100852,0.2098143374556284
0.20491896619875655,0.19270913060744332,0.12019477339731756,-0.3742345237100852,0.2098143374556284
0.20491896619875655,0.19270913060744332,0.12019477339731756,-0.3742345237100852,0.2098143374556284
0.20491896619875655,0.19270913060744332,0.12019477339731756,-0.3742345237100852,0.2098143374556284
0.20491896619875655,0.19270913060744332,0.12019477339731756,-0.3742345237100852,0.2098143374556284
0.20491896619875655,0.19270913060744332,0.12019477339731756,-0.3742345237100852,0.2098143374556284
0.20491896619875655,0.19270913060744332,0.12019477339731756,-0.3742345237100852,0.2098143374556284
0.1390271959975535,0.19270913060744332,0.10289220025421116,-0.30380370422924013,0.2098143374556284
0.20491896619875655,0.19270913060744332,0.12019477339731756,-0.3742345237100852,0.2098143374556284
0.20491896619875655,0.19270913060744332,0.12019477339731756,-0.3742345237100852,0.2098143374556284
-0.13380923729542943,0.19270913060744332,0.031247860927144124,-0.01217254115108005,0.2098143374556284
-0.3072114214932319,-0.24526616622765507,-0.14876669067596948,0.5351014514870732,-0.05245358436390712
-0.7778010619176225,-0.24526616622765507,-0.39591171801301045,1.4543754911322697,-0.05245358436390712
-1.3951536113121439,0.19270913060744332,-0.29996957675024766,1.3360613526763576,-0.05245358436390712
-0.7882751360277771,-0.24526616622765507,-0.4014125091692923,1.4294879581170685,-0.05245358436390712
-0.36205275014254307,0.19270913060744332,-0.028686787412363243,0.23179385407433603,-0.05245358436390712
-0.3408207643595686,0.19270913060744332,-0.0231114631213093,0.20909927243941676,-0.05245358436390712
0.20491896619875655,0.19270913060744332,0.12019477339731756,-0.3742345237100852,0.2098143374556284
0.20491896619875655,0.19270913060744332,0.12019477339731756,-0.3742345237100852,0.2098143374556284
0.20491896619875655,0.19270913060744332,0.12019477339731756,-0.3742345237100852,0.2098143374556284
0.20491896619875655,0.19270913060744332,0.12019477339731756,-0.3742345237100852,0.2098143374556284
0.20491896619875655,0.19270913060744332,0.12019477339731756,-0.3742345237100852,0.2098143374556284
0.20491896619875655,0.19270913060744332,0.12019477339731756,-0.3742345237100852,-0.3147215061834427
0.20491896619875655,0.19270913060744332,0.12019477339731756,-0.3742345237100852,-0.3147215061834427
0.20491896619875655,0.19270913060744332,0.12019477339731756,-0.3742345237100852,-0.3147215061834427
0.20491896619875655,0.19270913060744332,0.12019477339731756,-0.3742345237100852,-0.3147215061834427
0.20491896619875655,0.19270913060744332,0.12019477339731756,-0.3742345237100852,-0.3147215061834427
0.20491896619875655,0.19270913060744332,0.12019477339731756,-0.3742345237100852,-0.3147215061834427
0.20491896619875655,0.19270913060744332,0.12019477339731756,-0.3742345237100852,-0.3147215061834427
0.20491896619875655,0.19270913060744332,0.12019477339731756,-0.3742345237100852,-0.3147215061834427
0.20491896619875655,0.19270913060744332,0.12019477339731756,-0.3742345237100852,-0.3147215061834427
0.20491896619875655,0.19270913060744332,0.12019477339731756,-0.3742345237100852,-0.3147215061834427
0.20491896619875655,0.19270913060744332,0.12019477339731756,-0.3742345237100852,-0.3147215061834427
0.20491896619875655,0.19270913060744332,0.12019477339731756,-0.3742345237100852,-0.3147215061834427
0.20491896619875655,0.19270913060744332,0.12019477339731756,-0.3742345237100852,-0.3147215061834427
0.20491896619875655,0.19270913060744332,0.12019477339731756,-0.3742345237100852,-0.3147215061834427
0.20491896619875655,0.19270913060744332,0.12019477339731756,-0.3742345237100852,-0.3147215061834427
0.20491896619875655,0.19270913060744332,0.12019477339731756,-0.3742345237100852,-0.3147215061834427
0.20491896619875655,0.19270913060744332,0.12019477339731756,-0.3742345237100852,-0.3147215061834427
0.20491896619875655,0.19270913060744332,0.12019477339731756,-0.3742345237100852,-0.3147215061834427
0.20491896619875655,0.19270913060744332,0.12019477339731756,-0.3742345237100852,-0.3147215061834427
0.20491896619875655,0.19270913060744332,0.12019477339731756,-0.3742345237100852,-0.3147215061834427
0.14026501528585517,0.19270913060744332,0.1032172402206347,-0.30512679247801655,-0.3147215061834427
0.13411336266886803,0.19270913060744332,0.1016018727926329,-0.29855137443031654,-0.3147215061834427
-0.05755956913604607,0.19270913060744332,0.05127032285883518,-0.0936747772757033,-0.3147215061834427
-0.0838528233067583,0.19270913060744332,0.04436595601499631,-0.06557027450689473,-0.05245358436390712
-0.18433633528818721,0.19270913060744332,0.01797990946584561,0.041835188596540514,-0.05245358436390712
-0.29089677939749176,0.19270913060744332,-0.010001883597736143,0.1557362020302952,-0.05245358436390712
-0.08018617022250478,-0.24526616622765507,-0.02953720257907357,0.0942298878866619,-0.05245358436390712
-0.16091288281113644,-0.24526616622765507,-0.07193338786601332,0.17882134003311215,-0.05245358436390712
-0.13039683446607217,-0.24526616622765507,-0.05590692031424594,0.1326879070429971,-0.05245358436390712
-0.013735807252216693,-0.6832414630627536,-0.052055427159098264,0.10138757230386279,-0.05245358436390712
-0.10356799987676188,-0.24526616622765507,-0.04181690963739302,0.09212871297360224,-0.05245358436390712
-0.07483504651458942,-0.24526616622765507,-0.02672689078835085,0.04869091543119065,-0.05245358436390712
-0.06255531083087172,0.19270913060744332,0.049958487013253214,-0.08833489673513206,-0.3147215061834427
-0.0360387309924794,0.19270913060744332,0.05692149712449815,-0.11667810928116754,-0.3147215061834427
-0.20943807347145657,-0.24526616622765507,-0.09741792586277953,0.31620376465851596,-0.05245358436390712
-0.2572774069353011,-0.24526616622765507,-0.1225422642694753,0.4170556393180127,-0.05245358436390712
-0.370973574174791,-0.24526616622765507,-0.1822534009939889,0.6633709201898728,-0.05245358436390712
-0.5100090138593566,-0.24526616622765507,-0.2552722577428774,0.7747875136937357,-0.05245358436390712
-0.7018160079288511,0.19270913060744332,-0.11790549562488573,0.594962192127794,-0.05245358436390712
0.1071919214778401,0.19270913060744332,0.09453254981188387,-0.26977541107556585,-0.3147215061834427
-1.0206294458955412,0.19270913060744332,-0.20162297373451407,0.9357375519175596,-0.05245358436390712
-1.3149947410087737,0.19270913060744332,-0.2789205942709832,1.2503806234003658,-0.05245358436390712
-0.3862982951597515,0.19270913060744332,-0.03505344465610913,0.2577095883019548,-0.05245358436390712
-1.3343792752354606,0.19270913060744332,-0.2840107947661002,1.2711004891236743,-0.05245358436390712
-0.9604307250409058,-0.24526616622765507,-0.491825459429956,1.9826910927736021,-0.3147215061834427
-0.1670718068851177,-0.24526616622765507,-0.0751679415575441,0.24871665051381378,-0.05245358436390712
-0.31240636210571127,-0.24526616622765507,-0.28733985366326364,0.6761341849500985,-0.05245358436390712
-0.3410241422754948,-0.24526616622765507,-0.3098841516720602,0.7342393676193224,-0.05245358436390712
-0.23870673262217532,-0.6832414630627536,-0.34577334848329505,0.7760740687436595,-0.05245358436390712
-0.3914915641729219,-0.24526616622765507,-0.34964099487377615,0.836707484764362,-0.05245358436390712
-0.2754120863586616,-0.24526616622765507,-0.13206626449564474,0.4301476178236145,-0.05245358436390712
-0.2752756838550486,-0.24526616622765507,-0.131994628408514,0.4299193051536457,-0.05245358436390712
-0.07569441571933741,-0.24526616622765507,-0.0271782156951391,0.056290067449021194,-0.05245358436390712
0.01703922754578597,0.19270913060744332,0.07085928111619821,-0.17341241926867024,-0.3147215061834427
0.03767177781655923,0.19270913060744332,0.0762771991520739,-0.19546627241471548,-0.3147215061834427
0.04509451454809685,0.19270913060744332,0.07822634158408444,-0.20340033503279975,-0.3147215061834427
0.20491896619875655,0.19270913060744332,0.12019477339731756,-0.3742345237100852,-0.3147215061834427
0.20491896619875655,0.19270913060744332,0.12019477339731756,-0.3742345237100852,-0.3147215061834427
0.20491896619875655,0.19270913060744332,0.12019477339731756,-0.3742345237100852,-0.3147215061834427
-0.18420929374070452,0.19270913060744332,0.018013269408381993,0.04169939560949527,-0.05245358436390712
-0.16100749533202488,0.19270913060744332,0.024105848387394768,0.016899307975442923,-0.05245358436390712
0.20491896619875655,0.19270913060744332,0.12019477339731756,-0.3742345237100852,-0.3147215061834427
0.20491896619875655,0.19270913060744332,0.12019477339731756,-0.3742345237100852,-0.3147215061834427
0.20491896619875655,0.19270913060744332,0.12019477339731756,-0.3742345237100852,-0.3147215061834427
0.20491896619875655,0.19270913060744332,0.12019477339731756,-0.3742345237100852,-0.3147215061834427
0.20491896619875655,0.19270913060744332,0.12019477339731756,-0.3742345237100852,-0.3147215061834427
0.20491896619875655,0.19270913060744332,0.12019477339731756,-0.3742345237100852,-0.3147215061834427
0.20491896619875655,0.19270913060744332,0.12019477339731756,-0.3742345237100852,-0.3147215061834427
0.20491896619875655,0.19270913060744332,0.12019477339731756,-0.3742345237100852,-0.3147215061834427
0.20491896619875655,0.19270913060744332,0.12019477339731756,-0.3742345237100852,-0.3147215061834427
0.20491896619875655,0.19270913060744332,0.12019477339731756,-0.3742345237100852,-0.3147215061834427
0.20491896619875655,0.19270913060744332,0.12019477339731756,-0.3742345237100852,-0.3147215061834427
0.12108625493410417,0.19270913060744332,0.09818107405349442,-0.2846268756587245,-0.3147215061834427
-0.013068699827990202,0.19270913060744332,0.06295321615571264,-0.14123046405135378,-0.3147215061834427
-0.03379160004141398,-0.24526616622765507,-0.005171627286435539,-0.01146626186856752,-0.05245358436390712
-0.02621465827362272,-0.24526616622765507,-0.0011923567724412812,-0.0072534821513493405,-0.05245358436390712
-0.08570988655907262,-0.24526616622765507,-0.03243815684524054,0.08720971743049517,-0.05245358436390712
-0.1533400364616522,-0.24526616622765507,-0.06795626819041943,0.19086251304970506,-0.05245358436390712
-0.17733846338101603,-0.24526616622765507,-0.18093708789296128,0.3631204445129411,-0.05245358436390712
-0.23782456001685393,-0.24526616622765507,-0.2285863667628503,0.4797949764537488,-0.05245358436390712
-0.4436354887373048,-0.24526616622765507,-0.390718540642643,0.8755360256840884,-0.05245358436390712
-1.3524079195426544,-0.24526616622765507,-1.106624399891865,2.5959265542634156,-0.05245358436390712
-0.5969065467370518,-0.24526616622765507,-0.5114612532908536,1.52815731421937,-0.3147215061834427
-0.23117176192703376,-0.24526616622765507,-0.2233454758957236,0.709304562499199,-0.05245358436390712
-0.6889365859930359,-0.6832414630627536,-0.8186782314677358,2.106294665494869,-0.05245358436390712
-0.3139925426900049,-0.24526616622765507,-0.28858940298455726,1.044298107843521,-0.3147215061834427
0.11201883164245847,-0.24526616622765507,0.0714053307019253,-0.19114252831723247,-0.05245358436390712
0.19113245089792186,0.19270913060744332,0.11657456121220172,-0.35949830449093195,-0.3147215061834427
0.20491896619875655,0.19270913060744332,0.12019477339731756,-0.3742345237100852,-0.3147215061834427
0.20491896619875655,0.19270913060744332,0.12019477339731756,-0.3742345237100852,-0.3147215061834427
0.20491896619875655,0.19270913060744332,0.12019477339731756,-0.3742345237100852,-0.3147215061834427
0.20491896619875655,0.19270913060744332,0.12019477339731756,-0.3742345237100852,-0.3147215061834427
0.20491896619875655,0.19270913060744332,0.12019477339731756,-0.3742345237100852,-0.3147215061834427
0.20491896619875655,0.19270913060744332,0.12019477339731756,-0.3742345237100852,-0.3147215061834427
0.20491896619875655,0.19270913060744332,0.12019477339731756,-0.3742345237100852,-0.3147215061834427
-1.522423499260435,0.19270913060744332,-0.33338947939387187,1.4720984097483163,-0.05245358436390712
-1.4181451225277537,0.19270913060744332,-0.3060069362454305,1.3606366671818535,-0.05245358436390712
-1.9176203333312265,0.19270913060744332,-0.43716453516417686,1.8945189456490688,-0.05245358436390712
-2.7358762187549335,0.19270913060744332,-0.6520310088389502,2.7691415636093906,-0.05245358436390712
-1.1305551537336895,0.19270913060744332,-0.23048845411802005,1.0532356501081495,-0.05245358436390712
-2.662865775736497,0.19270913060744332,-0.6328591376526143,2.691101691304455,-0.05245358436390712
-2.8655107510857114,0.19270913060744332,-0.6860718453603634,2.9077061569902205,-0.05245358436390712
-1.1418290881131923,0.19270913060744332,-0.23344888565015648,1.0652862056585173,-0.05245358436390712
-2.5464943809629115,0.19270913060744332,-0.6023010791319994,2.5667138857711485,-0.05245358436390712
-2.6213639767327983,0.19270913060744332,-0.6219611467405582,2.6467409812365013,-0.05245358436390712
-1.045260127393539,0.19270913060744332,-0.20809076427773868,0.9620649533059049,-0.05245358436390712
-0.11789243583522721,-0.24526616622765507,-0.04933984004731437,0.1551412850446282,-0.05245358436390712
0.20491896619875655,0.19270913060744332,0.12019477339731756,-0.3742345237100852,-0.3147215061834427
-1.123166684787986,0.19270913060744332,-0.2285483100915621,1.045338215861571,-0.05245358436390712
-0.5141943642091875,-0.24526616622765507,-0.257470326798735,0.7403214637879271,-0.05245358436390712
-0.15836419534473054,-0.24526616622765507,-0.07059486406640225,0.23783467507136108,-0.05245358436390712
-0.21675015032873954,-0.24526616622765507,-0.10125809419532933,0.3078075945263089,-0.05245358436390712
-0.0398230646680853,-0.24526616622765507,-0.008339241619587398,0.08986963490409831,-0.05245358436390712
-0.036719239071166254,-0.24526616622765507,-0.0067091694800728565,0.08398353218035544,-0.05245358436390712
-0.038241898881718576,-0.24526616622765507,-0.07136065032625713,0.17505731783559145,-0.05245358436390712
-0.030592493283882922,-0.24526616622765507,-0.0034915152331164256,0.06667981440207198,-0.05245358436390712
0.15467787884776568,-0.24526616622765507,0.09380907800545672,-0.297299150048004,-0.05245358436390712
0.15722255447583003,-0.24526616622765507,0.09514549486132864,-0.30119587040401785,-0.05245358436390712
0.16053917466478257,-0.24526616622765507,0.09688732280834006,-0.3062746963441135,-0.05245358436390712
0.16929685060447375,0.19270913060744332,0.11084073329943875,-0.33615852749256486,-0.3147215061834427
0.16980936295260785,0.19270913060744332,0.11097531433077631,-0.3367063449903026,-0.3147215061834427
0.15736698065612614,-0.24526616622765507,0.09522134483593768,-0.2993972551733721,-0.05245358436390712
0.17164243875483826,0.19270913060744332,0.1114566631858473,-0.33866569485337916,-0.3147215061834427
0.17129742065746423,0.19270913060744332,0.11136606460506428,-0.3382969096885615,-0.3147215061834427
0.20491896619875655,0.19270913060744332,0.12019477339731756,-0.3742345237100852,-0.3147215061834427
0.20491896619875655,0.19270913060744332,0.12019477339731756,-0.3742345237100852,-0.3147215061834427
0.08986362156113288,0.19270913060744332,0.08998229754458272,-0.25125342631757763,-0.3147215061834427
0.09125806970468624,0.19270913060744332,0.09034846680858072,-0.2527439330253821,-0.3147215061834427
0.10562279120649803,0.19270913060744332,0.09412051062689833,-0.26809818901057414,-0.3147215061834427
0.10249422593980606,0.19270913060744332,0.09329897814727872,-0.2647541080296021,-0.3147215061834427
0.09717803865744841,0.19270913060744332,0.09190299623611486,-0.2590717075467075,-0.3147215061834427
0.10088230272615405,-0.24526616622765507,0.06555663046071795,-0.20937876154108834,-0.05245358436390712
0.07327884901706119,-0.24526616622765507,0.05105980406356612,-0.16563858281421995,-0.05245358436390712
0.052016607286594144,-0.24526616622765507,0.03989326561409223,-0.1319466046065816,-0.05245358436390712
0.05372339376103092,-0.24526616622765507,0.04078963849111255,-0.13465109940649916,-0.05245358436390712
-0.09910661276104103,-0.24526616622765507,-0.11930819341921808,0.3237359405477449,-0.05245358436390712
-0.06974820265742421,-0.24526616622765507,-0.09618044757332472,0.32408070162350316,-0.05245358436390712
0.02183930854149519,-0.24526616622765507,0.02404470312429848,-0.07362531097857596,-0.05245358436390712
-0.056927035957527024,0.19270913060744332,0.05143642025693737,-0.09435088341120225,-0.3147215061834427
0.20491896619875655,0.19270913060744332,0.12019477339731756,-0.3742345237100852,-0.3147215061834427
0.20491896619875655,0.19270913060744332,0.12019477339731756,-0.3742345237100852,-0.3147215061834427
0.20491896619875655,0.19270913060744332,0.12019477339731756,-0.3742345237100852,-0.3147215061834427
0.1031640357829154,0.19270913060744332,0.09347486405483565,-0.2654700586862998,-0.3147215061834427
0.1058770414613943,0.19270913060744332,0.09418727440663233,-0.2683699536596476,-0.3147215061834427
0.1076449248905744,0.19270913060744332,0.09465150434382281,-0.2702596202793719,0.2098143374556284
0.10957328185341683,0.19270913060744332,0.0951578731557961,-0.27232081488273235,0.2098143374556284
-0.17973743126931405,-0.24526616622765507,-0.1828269286376473,0.5538242635996045,-0.05245358436390712
-0.43966193001992204,-0.24526616622765507,-0.2183272626450272,0.6183114061957101,-0.05245358436390712
-0.17896481806870224,-0.24526616622765507,-0.18221828526500325,0.5020219261928807,-0.05245358436390712
-0.16119103693615117,-0.24526616622765507,-0.26435371199450497,0.5524964955114616,-0.05245358436390712
-0.12099208243387378,-0.24526616622765507,-0.22213020830485222,0.4507412589351157,-0.05245358436390712
-0.10594998710207948,-0.24526616622765507,-0.206330544467671,0.41266536877992616,-0.05245358436390712
-0.00852799532505813,-0.6832414630627536,-0.047952856541703094,0.0785708347598342,-0.05245358436390712
-0.008928733399398236,-0.6832414630627536,-0.048268546945284214,0.07942081893908999,-0.05245358436390712
-0.0319407495665314,-0.6832414630627536,-0.06639677866616608,0.12823840159615746,-0.05245358436390712
5.711584596908089e-05,-0.24526616622765507,0.012605095987299815,0.01075502845804454,-0.05245358436390712
-0.11842818341375616,0.19270913060744332,0.03528678428575278,-0.02861314103263403,0.2098143374556284
-0.017459238992998668,0.19270913060744332,0.06180030093112144,-0.13653747628656848,0.2098143374556284
0.20491896619875655,0.19270913060744332,0.12019477339731756,-0.3742345237100852,0.2098143374556284
0.1336423059835967,0.19270913060744332,0.10147817763728091,-0.2980478683283514,0.2098143374556284
0.20491896619875655,0.19270913060744332,0.12019477339731756,-0.3742345237100852,0.2098143374556284
0.20491896619875655,0.19270913060744332,0.12019477339731756,-0.3742345237100852,-0.3147215061834427
0.20491896619875655,0.19270913060744332,0.12019477339731756,-0.3742345237100852,-0.3147215061834427
0.20491896619875655,0.19270913060744332,0.12019477339731756,-0.3742345237100852,-0.3147215061834427
0.20491896619875655,0.19270913060744332,0.12019477339731756,-0.3742345237100852,-0.3147215061834427
0.20491896619875655,0.19270913060744332,0.12019477339731756,-0.3742345237100852,-0.3147215061834427
0.20491896619875655,0.19270913060744332,0.12019477339731756,-0.3742345237100852,-0.3147215061834427
0.1540628138820255,0.19270913060744332,0.10684041529538371,-0.3198750722585192,-0.3147215061834427
0.20491896619875655,0.19270913060744332,0.12019477339731756,-0.3742345237100852,-0.3147215061834427
0.20491896619875655,0.19270913060744332,0.12019477339731756,-0.3742345237100852,-0.3147215061834427
0.20491896619875655,0.19270913060744332,0.12019477339731756,-0.3742345237100852,-0.3147215061834427
0.20491896619875655,0.19270913060744332,0.12019477339731756,-0.3742345237100852,-0.3147215061834427
0.20491896619875655,0.19270913060744332,0.12019477339731756,-0.3742345237100852,-0.3147215061834427
0.20491896619875655,0.19270913060744332,0.12019477339731756,-0.3742345237100852,-0.3147215061834427
0.20491896619875655,0.19270913060744332,0.12019477339731756,-0.3742345237100852,-0.3147215061834427
0.20491896619875655,0.19270913060744332,0.12019477339731756,-0.3742345237100852,-0.3147215061834427
0.20491896619875655,0.19270913060744332,0.12019477339731756,-0.3742345237100852,-0.3147215061834427
-0.27185525734900823,0.19270913060744332,-0.005001754947467387,0.1353829773720087,-0.05245358436390712
-0.28888918862740354,0.19270913060744332,-0.009474708716338856,0.15359031548501445,-0.05245358436390712
-0.20865643363457628,0.19270913060744332,0.011593675203190218,0.06783061186655691,-0.05245358436390712
-0.13914364501025497,0.19270913060744332,0.02984709449790597,-0.0064706650950434605,-0.05245358436390712
-0.1363310120129607,0.19270913060744332,0.030585666067796956,-0.00947705035823197,-0.05245358436390712
-0.13184443946765118,0.19270913060744332,0.03176379877526599,-0.01427268690072451,-0.05245358436390712
-0.12671597278769228,0.19270913060744332,0.03311048698186623,-0.019754435377761444,-0.05245358436390712
-0.1071382016808871,0.19270913060744332,0.0382514297053675,-0.040680849381365264,-0.05245358436390712
-0.09928369084783926,0.19270913060744332,0.04031395204734049,-0.049076429480420396,-0.05245358436390712
0.20491896619875655,0.19270913060744332,0.12019477339731756,-0.3742345237100852,-0.3147215061834427
0.02410942398305912,0.19270913060744332,0.07271584970767028,-0.18096965634770396,-0.3147215061834427
0.03262856270135847,0.19270913060744332,0.07495289722270204,-0.19007564817898523,-0.3147215061834427
-0.24017009244724144,-0.24526616622765507,-0.1135578172191706,0.5100307304853324,-0.05245358436390712
-0.22035846459710956,-0.24526616622765507,-0.10315311451004072,0.4706708473651448,-0.05245358436390712
-0.5368819786704241,0.19270913060744332,-0.0745953357017716,0.41866644524654545,-0.05245358436390712
-0.5063599125678474,0.19270913060744332,-0.06658052171808355,0.3860418227589599,-0.05245358436390712
0.20491896619875655,0.19270913060744332,0.12019477339731756,-0.3742345237100852,-0.3147215061834427
0.20491896619875655,0.19270913060744332,0.12019477339731756,-0.3742345237100852,-0.3147215061834427
0.20491896619875655,0.19270913060744332,0.12019477339731756,-0.3742345237100852,-0.3147215061834427
0.20491896619875655,0.19270913060744332,0.12019477339731756,-0.3742345237100852,-0.3147215061834427
0.20491896619875655,0.19270913060744332,0.12019477339731756,-0.3742345237100852,-0.3147215061834427
0.20491896619875655,0.19270913060744332,0.12019477339731756,-0.3742345237100852,-0.3147215061834427
0.20491896619875655,0.19270913060744332,0.12019477339731756,-0.3742345237100852,-0.3147215061834427
0.20491896619875655,0.19270913060744332,0.12019477339731756,-0.3742345237100852,-0.3147215061834427
0.20491896619875655,0.19270913060744332,0.12019477339731756,-0.3742345237100852,-0.3147215061834427
0.20491896619875655,0.19270913060744332,0.12019477339731756,-0.3742345237100852,-0.3147215061834427
0.15782775700564722,0.19270913060744332,0.10782905475031386,-0.3238993688995981,-0.3147215061834427
0.15309871898056976,0.19270913060744332,0.10658725283672768,-0.3188445642943304,-0.3147215061834427
0.1524090171056835,0.19270913060744332,0.10640614346448413,-0.3181073513146611,-0.3147215061834427
0.05589638928274294,-0.24526616622765507,0.04193085578848541,-0.10853721089387108,-0.05245358436390712
0.14643706141441193,0.19270913060744332,0.1048379627973068,-0.311724008873637,-0.3147215061834427
0.14017976372109706,0.19270913060744332,0.10319485394340633,-0.30503566823670986,-0.3147215061834427
0.13681199259328963,0.19270913060744332,0.10231050820356362,-0.30143590335513026,-0.3147215061834427
0.11319814495494578,0.19270913060744332,0.09610972888461376,-0.27619538188809567,-0.3147215061834427
-0.06746045184315051,-0.24526616622765507,-0.02285388924919946,0.11959138956500645,-0.05245358436390712
0.1136966158688844,0.19270913060744332,0.09624062276440781,-0.2767281906872653,-0.3147215061834427
0.1282266585423546,0.19270913060744332,0.10005607840268395,-0.2922591562305991,-0.3147215061834427
0.20491896619875655,0.19270913060744332,0.12019477339731756,-0.3742345237100852,-0.3147215061834427
-0.021859891333826483,0.19270913060744332,0.060644730079525686,-0.13183367868531443,-0.3147215061834427
0.20314757241102757,0.19270913060744332,0.1197296216722412,-0.3723411049157188,-0.3147215061834427
0.16144651876969837,0.19270913060744332,0.10877930832399654,-0.32776741426808365,0.2098143374556284
0.20491896619875655,0.19270913060744332,0.12019477339731756,-0.3742345237100852,0.2098143374556284
0.20491896619875655,0.19270913060744332,0.12019477339731756,-0.3742345237100852,0.2098143374556284
0.20491896619875655,0.19270913060744332,0.12019477339731756,-0.3742345237100852,0.2098143374556284
0.20491896619875655,0.19270913060744332,0.12019477339731756,-0.3742345237100852,0.2098143374556284
0.20491896619875655,0.19270913060744332,0.12019477339731756,-0.3742345237100852,0.2098143374556284
0.20491896619875655,0.19270913060744332,0.12019477339731756,-0.3742345237100852,0.2098143374556284
0.20491896619875655,0.19270913060744332,0.12019477339731756,-0.3742345237100852,0.2098143374556284
0.17332333633497715,0.19270913060744332,0.11189805143869913,-0.34046238347884866,0.2098143374556284
0.17166070097728886,0.19270913060744332,0.1114614586775869,-0.3386852150952669,0.2098143374556284
0.16984764257678356,0.19270913060744332,0.11098536620819846,-0.3367472615613992,0.2098143374556284
0.16853800720316972,0.19270913060744332,0.11064146799794307,-0.33534741007307106,0.2098143374556284
0.1666712486748633,0.19270913060744332,0.11015127436863381,-0.3333520572009293,0.2098143374556284
0.16360509674737045,0.19270913060744332,0.10934613105815172,-0.33007468899171777,0.2098143374556284
0.15906478228427712,0.19270913060744332,0.10815388621709657,-0.32522160844220543,0.2098143374556284
0.1503886177058902,0.19270913060744332,0.10587560515466993,-0.3159477737988115,0.2098143374556284
0.13434270609406043,0.19270913060744332,0.10166209626784332,-0.29879651650692984,0.2098143374556284
0.0986892062227515,0.19270913060744332,0.09229981494731818,-0.2606869740613598,0.2098143374556284
0.09744687361631556,0.19270913060744332,0.09197358982504135,-0.25935906158804367,0.2098143374556284
-0.1224365113967657,0.19270913060744332,0.034234234204068716,-0.024328693616373652,0.2098143374556284
-0.008705825631545396,-0.24526616622765507,0.008002960230422336,-0.021587549871891213,-0.05245358436390712
-0.006683357627607242,-0.24526616622765507,0.00906512324291622,-0.024926054164859924,-0.05245358436390712
0.011367114980563196,-0.24526616622765507,0.018544899597894335,-0.054723434551545214,-0.05245358436390712
0.09670464173314453,0.19270913060744332,0.0917786865555056,-0.258565699994981,0.2098143374556284
0.12851684818239398,-0.24526616622765507,0.08006978567184812,-0.24846208527206054,-0.05245358436390712
0.12984564426308706,-0.24526616622765507,0.08076764494344636,-0.2506495731559265,-0.05245358436390712
0.1632097217208133,0.19270913060744332,0.10924230921067254,-0.32965207798828516,0.2098143374556284
0.16377455512731856,0.19270913060744332,0.10939062927097574,-0.33025582075568766,0.2098143374556284
0.16419897419186927,0.19270913060744332,0.10950207781584399,-0.33070947653740856,0.2098143374556284
0.20491896619875655,0.19270913060744332,0.12019477339731756,-0.3742345237100852,0.2098143374556284
0.20491896619875655,0.19270913060744332,0.12019477339731756,-0.3742345237100852,0.2098143374556284
0.20491896619875655,0.19270913060744332,0.12019477339731756,-0.3742345237100852,0.2098143374556284
0.20491896619875655,0.19270913060744332,0.12019477339731756,-0.3742345237100852,0.2098143374556284
0.20491896619875655,0.19270913060744332,0.12019477339731756,-0.3742345237100852,0.2098143374556284
0.20491896619875655,0.19270913060744332,0.12019477339731756,-0.3742345237100852,0.2098143374556284
-0.34433814362553,0.19270913060744332,-0.02403509458295474,0.21285895143074046,-0.05245358436390712
-0.35576720242090637,0.19270913060744332,-0.02703626036071455,0.22507531736528963,-0.05245358436390712
-0.3713428304621452,0.19270913060744332,-0.031126277104997352,0.2417238949270024,-0.05245358436390712
-1.5251368392587756,0.19270913060744332,-0.334101977534991,1.47499866207163,-0.05245358436390712
-0.45873705121451613,0.19270913060744332,-0.054075196101031224,0.3351383921651867,-0.05245358436390712
-0.04951159854297199,-0.24526616622765507,-0.08023860892841281,0.20035060109872618,-0.05245358436390712
-0.009552657841476025,-0.24526616622765507,0.0075582195228188955,-0.0476191342870783,-0.05245358436390712
0.019691470589383336,-0.24526616622765507,0.02291669811995647,-0.0921545219937626,-0.05245358436390712
-0.0038878585232300523,-0.24526616622765507,0.010533267977145617,-0.05624594457881814,-0.05245358436390712
-0.009795708381002102,-0.24526616622765507,0.007430573847956006,-0.04724898803182993,-0.05245358436390712
-0.021517882115208622,0.19270913060744332,0.06073453855640652,-0.13219924770043887,0.2098143374556284
0.138834126277366,-0.24526616622765507,0.08548823044365861,-0.2731503891516916,-0.05245358436390712
-0.013239119377540987,-0.24526616622765507,0.005622157699855522,0.04084491209685572,-0.05245358436390712
-0.0009438378202497514,-0.24526616622765507,0.01207941352438442,0.017451308064632895,-0.05245358436390712
-0.14621016392904837,0.19270913060744332,0.027991491588981,0.0010826411343652458,0.2098143374556284
-0.2768847653498753,-0.24526616622765507,-0.132839688426554,0.3812445372914944,-0.05245358436390712
-0.15986802180306836,-0.24526616622765507,-0.16717435581025478,0.42594406450809874,-0.05245358436390712
-0.15792228020741253,-0.24526616622765507,-0.16564155424003052,0.4216759668412288,-0.05245358436390712
-0.16170098616534478,-0.24526616622765507,-0.1686183145861453,0.429964958399344,-0.05245358436390712
-0.1673274779994266,-0.24526616622765507,-0.17305070968803832,0.4423067059060153,-0.05245358436390712
-0.1736895849694147,-0.24526616622765507,-0.17806260210751726,0.45626241650357147,-0.05245358436390712
-0.2234882835632833,-0.24526616622765507,-0.3297884491757145,0.661403069288686,-0.05245358436390712
-0.21710659102139163,-0.24526616622765507,-0.21226532213955446,0.5312496265944121,-0.05245358436390712
-0.20039112727134595,-0.24526616622765507,-0.3055280454913885,0.613045165925045,-0.05245358436390712
-0.21559365434681987,-0.24526616622765507,-0.3214962209330397,0.6500763046372364,-0.05245358436390712
-0.18436241223740735,-0.24526616622765507,-0.2886920725971791,0.5740015953254062,-0.05245358436390712
-0.03717931892097524,-0.24526616622765507,-0.07052357913656136,0.13224009517809193,-0.05245358436390712
0.0062578299026749004,-0.24526616622765507,0.015861597009446636,-0.012665288110486254,-0.05245358436390712
-0.08626159791100235,0.19270913060744332,0.04373343394664203,-0.06299556800252375,-0.05245358436390712
0.07753106333925135,0.19270913060744332,0.0867438811228635,-0.23807132210016063,-0.3147215061834427
0.20491896619875655,0.19270913060744332,0.12019477339731756,-0.3742345237100852,-0.3147215061834427
0.20491896619875655,0.19270913060744332,0.12019477339731756,-0.3742345237100852,-0.3147215061834427
0.20491896619875655,0.19270913060744332,0.12019477339731756,-0.3742345237100852,-0.3147215061834427
0.20491896619875655,0.19270913060744332,0.12019477339731756,-0.3742345237100852,-0.3147215061834427
0.20491896619875655,0.19270913060744332,0.12019477339731756,-0.3742345237100852,-0.3147215061834427
0.20491896619875655,0.19270913060744332,0.12019477339731756,-0.3742345237100852,-0.3147215061834427
0.20491896619875655,0.19270913060744332,0.12019477339731756,-0.3742345237100852,-0.3147215061834427
0.20491896619875655,0.19270913060744332,0.12019477339731756,-0.3742345237100852,-0.3147215061834427
0.20491896619875655,0.19270913060744332,0.12019477339731756,-0.3742345237100852,-0.3147215061834427
0.20491896619875655,0.19270913060744332,0.12019477339731756,-0.3742345237100852,-0.3147215061834427
0.1963889202949661,0.19270913060744332,0.11795486175564042,-0.3651168733361661,-0.3147215061834427
0.19592007847877915,0.19270913060744332,0.11783174820454975,-0.3646157346777251,-0.3147215061834427
0.14129885766847824,-0.24526616622765507,0.08678266205606205,-0.2481275949750543,-0.05245358436390712
0.13802753782079916,-0.24526616622765507,0.08506462501543842,-0.2416431704073736,-0.05245358436390712
0.1331354352831304,-0.24526616622765507,0.08249538270420227,-0.23194610612740263,-0.05245358436390712
0.12519475350570453,-0.24526616622765507,0.078325082624526,-0.21620625304081145,-0.05245358436390712
0.11595808078402435,-0.24526616622765507,0.07347415192778509,-0.19789738003589546,-0.05245358436390712
0.10837474514887623,-0.24526616622765507,0.06949152347220658,-0.1828657670615069,-0.05245358436390712
0.09370441350339967,-0.24526616622765507,0.06178693500677626,-0.15378648936317282,-0.05245358436390712
0.05946040616942494,-0.24526616622765507,0.04380261193274379,-0.08590847131947264,-0.05245358436390712
0.05054242385600231,-0.24526616622765507,0.0391190515792808,-0.06823128103090166,-0.05245358436390712
-0.0581992066116283,-0.24526616622765507,-0.017990053522056314,0.027037591816487315,-0.05245358436390712
-0.031881296351108576,-0.24526616622765507,-0.004168370909315107,-0.01309889787908399,-0.05245358436390712
-0.12200691037435718,-0.24526616622765507,-0.05150068643044723,0.15011499193638334,-0.05245358436390712
-0.21320485535431816,-0.24526616622765507,-0.20919164238143925,0.4453248055372773,-0.05245358436390712
-0.10927729159661528,-0.24526616622765507,-0.12732037372323218,0.32155799730883416,-0.05245358436390712
-0.18278943728765462,-0.6832414630627536,-0.38884854028483384,0.70822287179108,-0.05245358436390712
-0.18614239804558444,-0.6832414630627536,-0.3932508236491217,0.7175841215124548,-0.05245358436390712
-0.20765461073671676,-0.6832414630627536,-0.4214953701548386,0.7776449533092551,-0.05245358436390712
-0.2887834599711104,-0.24526616622765507,-0.39837210156439096,1.0624195045896891,-0.3147215061834427
-0.14438327304426118,-0.6832414630627536,-0.24669945482560712,0.5088977949900161,-0.05245358436390712
-0.15807977272230714,-0.6832414630627536,-0.26108575446577653,0.543526527448392,-0.05245358436390712
-0.16862204808426826,-0.6832414630627536,-0.272158972865471,0.5701799558248538,-0.05245358436390712
-0.06158486385204183,-0.24526616622765507,-0.15973105031580842,0.28804335073143633,-0.05245358436390712
-0.12752792429204213,-0.24526616622765507,-0.1416977188525103,0.3402654494406313,-0.05245358436390712
