timestamp,bitcoin_open,bitcoin_close,bitcoin_high,bitcoin_low,bitcoin_total_volume,bitcoin_market_cap,signal,label,bitcoin_log_return_1,primary_signal,momentum_3,momentum_5,momentum_10,sma_5,sma_10,price_vs_sma5,price_vs_sma10,volatility_5,volume_sma_5,volume_ratio,signal_x_momentum3,signal_x_momentum5,meta_confidence,refined_by_meta,strategy_returns,position_change,transaction_cost,strategy_returns_gross,barrier_touched,days_to_barrier,return_at_barrier,volatility
2022-04-11,42249.0,39604.0,42418.0,39444.0,30168665078.21043,752680814425.1921,1,,-0.06526577152437575,1.0,-0.06408923338689854,-0.08321951897034652,-0.14406743030041058,42101.2,43824.0,-0.059314223822598766,-0.09629426798101492,0.030256615773784367,21243512878.79815,1.420135419708288,-0.06408923338689854,-0.08321951897034652,0.5589109759546846,0,-0.001,1,0.001,-0.0,,,,
2022-04-12,39553.0,40206.0,40660.0,39445.0,27804694935.48352,764314681923.3135,0,,0.015086114958820547,1.0,-0.06051967473595665,-0.07604274388142018,-0.12294402512979363,41439.4,43260.4,-0.029763944458655378,-0.07060498747122079,0.0319871283644555,22212424109.034035,1.251763193382169,-0.06051967473595665,-0.07604274388142018,0.765166007835198,1,0.014086114958820548,1,0.001,0.015086114958820547,,,,
2022-04-13,40101.0,41205.0,41444.0,39731.0,25453869985.971855,783560801481.9719,0,,0.0245433699962583,1.0,-0.02531046717918395,-0.02625484450326121,-0.11263055884569828,41217.2,42737.4,-0.00029599293498827617,-0.03585618217299136,0.035363651800864,22462616825.995026,1.1331658365162147,-0.02531046717918395,-0.02625484450326121,0.7651733840023679,1,0.0,0,0.0,0.0,,,,
2022-04-14,41232.0,39959.0,41523.0,39708.0,22744792147.00975,759703443634.6515,1,,-0.030705679773150273,1.0,0.008963741036258854,-0.06629124217216564,-0.14293374514724488,40649.8,42071.0,-0.016993933549488638,-0.05020085094245441,0.035509367281186144,24221668193.090717,0.9390266585146992,0.008963741036258854,-0.06629124217216564,0.6285268408423204,0,-0.001,1,0.001,-0.0,,,,
2022-04-15,39994.0,40587.0,40709.0,39877.0,22053774554.17729,771666602547.5923,1,,0.015593889847136319,1.0,0.00947619758245044,-0.03992903607332943,-0.11061685110112851,40312.2,41566.2,0.006816794915683211,-0.02355760209015978,0.037809142170971755,25645159340.17057,0.8599585700226968,0.00947619758245044,-0.03992903607332943,0.6199284818992233,0,0.015593889847136319,0,0.0,0.015593889847136319,,,,
2022-04-16,40592.0,40450.0,40676.0,40086.0,15777789210.238447,770439827829.2395,1,,-0.0033811747848321604,1.0,-0.01832301905108602,0.021361478638521447,-0.0636357323086183,40481.4,41291.3,-0.0007756648732504257,-0.020374752066416035,0.02192660056632424,22766984166.576176,0.6930118233842123,-0.01832301905108602,0.021361478638521447,0.667734299712331,0,-0.0033811747848321604,0,0.0,-0.0033811747848321604,,,,
2022-04-17,40443.0,39739.0,40593.0,39659.0,16627779441.567648,755627152747.4514,1,,-0.017733570260598193,1.0,-0.005505643284366424,-0.011615181813659614,-0.08677467539928763,40388.0,40913.7,-0.01606912944438943,-0.028711654042533397,0.022784488118007956,20531601067.792995,0.8098627762474355,-0.005505643284366424,-0.011615181813659614,0.6562505619015563,0,-0.017733570260598193,0,0.0,-0.017733570260598193,,,,
2022-04-18,39717.0,40834.0,40950.0,38780.0,30617039399.980103,776463403746.4385,0,,0.027181994470105407,1.0,0.0060856924631038645,-0.009003761679407862,-0.03502221381983173,40313.8,40765.5,0.012903769924938802,0.0016803424464313377,0.02360332890699309,21564234950.594646,1.4198064281031133,0.0060856924631038645,-0.009003761679407862,0.8863528179307404,1,0.026181994470105406,1,0.001,0.027181994470105407,,,,
2022-04-19,40833.0,41498.0,41653.0,40646.0,22717772925.289574,789141783336.2104,1,,0.016130165590251436,1.0,0.02590852904820773,0.03851447733927271,-0.030329937377325034,40621.6,40635.7,0.021574728715757274,0.021220257064600956,0.017981693792107352,21558831106.250614,1.053757173258941,0.02590852904820773,0.03851447733927271,0.6779692491937057,0,-0.001,1,0.001,0.0,,,,
2022-04-20,41468.0,41397.0,42142.0,40959.0,24937668255.073463,787437397453.9304,0,,-0.0024368188667323347,1.0,0.04172223760034233,0.019957129130016904,-0.02076877587226489,40783.6,40547.9,0.015040359360134925,0.020940665237903833,0.01779390735583412,22135609846.429848,1.1265860045457725,0.04172223760034233,0.019957129130016904,0.8735199393767168,1,-0.0034368188667323347,1,0.001,-0.0024368188667323347,,,,
2022-04-21,41384.0,40529.0,42859.0,39975.0,32131220615.550182,770787243369.5001,0,,-0.021190647183363318,1.0,-0.00746926580790519,0.0019530284301607637,0.02335622664377346,40799.4,40640.4,-0.006627548444339881,-0.002741114752807583,0.021074890254170933,25406296127.492195,1.2646951942271087,-0.00746926580790519,0.0019530284301607637,0.8838562770674185,1,-0.0,0,0.0,-0.0,,,,
2022-04-22,40432.0,39757.0,40776.0,39265.0,46022063018.95215,756144456297.8489,0,,-0.01923184102878764,1.0,-0.041953829100197626,0.00045295553486490725,-0.011167487439685653,40803.0,40595.5,-0.025635369948288078,-0.020654998706753247,0.021399241611670592,31285152842.969093,1.4710512443379342,-0.041953829100197626,0.00045295553486490725,0.7651104981099011,1,-0.0,0,0.0,-0.0,,,,
2022-04-23,39757.0,39562.0,39966.0,39347.0,15010797471.968071,752414150959.3553,1,0.0,-0.004916864631491924,1.0,-0.04432688359059833,-0.031150511828378358,-0.03987380172309185,40548.6,40431.2,-0.02433129627163455,-0.02149824887710472,0.015029244783380214,28163904457.366688,0.5329799884348696,-0.04432688359059833,-0.031150511828378358,0.660060333566761,0,-0.001,1,0.001,-0.0,time,5.0,-0.0059,0.0185
2022-04-24,39499.0,39643.0,39872.0,39299.0,16778683767.597218,752446283899.8965,0,,0.00204532613440231,1.0,-0.021860889733277378,-0.04470094944334668,-0.007908105808453691,40177.6,40399.6,-0.013305921707618129,-0.018727908197110787,0.010321114449836485,26976086625.828217,0.6219836109042032,-0.021860889733277378,-0.04470094944334668,0.7389017318022055,1,0.00104532613440231,1,0.001,0.00204532613440231,,,,
2022-04-25,39469.0,40111.0,40332.0,37715.0,32883645913.964718,770112436973.4149,0,,0.011736223181435839,1.0,0.008904092361093685,-0.03106505302316598,-0.011727893167763126,39920.4,40352.0,0.00477450125750245,-0.005972442505947639,0.013937791170340424,28565282157.60647,1.1511752529707935,0.008904092361093685,-0.03106505302316598,0.7531543194675618,1,0.0,0,0.0,0.0,,,,
2022-04-26,40458.0,38179.0,40607.0,37472.0,31053018153.386673,725434540422.046,1,0.0,-0.04936498467854532,1.0,-0.034957787776148774,-0.057983172543117245,-0.05614338689740417,39450.4,40124.9,-0.03222781011092413,-0.0484960710182456,0.023299387048533175,28349641665.173767,1.0953584006507524,-0.034957787776148774,-0.057983172543117245,0.6663230827078332,0,-0.001,1,0.001,-0.0,time,5.0,-0.0008,0.023
2022-04-27,38134.0,38595.0,39390.0,36902.0,28170490245.865635,746473028158.29,0,,0.010837108170640302,1.0,-0.02643594077138456,-0.029227557411273475,-0.028787840660308484,39218.0,40010.5,-0.015885562751797644,-0.03537821321903001,0.024728044739244167,24779327110.556465,1.136854528784378,-0.02643594077138456,-0.029227557411273475,0.7166735008872979,1,0.009837108170640301,1,0.001,0.010837108170640302,,,,
2022-04-28,39224.0,39328.0,40184.0,37265.0,31484572271.03238,756090806420.8264,1,0.0,0.01881399898180703,1.0,-0.01952082969758917,-0.005914766695313656,-0.03688103051378755,39171.2,39859.9,0.004002940936198129,-0.013344238194275437,0.027106555085138907,28074082070.369324,1.12148180631924,-0.01952082969758917,-0.005914766695313656,0.6072745128319191,0,-0.001,1,0.001,0.0,lower,5.0,-0.0546,0.0223
2022-04-29,39742.0,38292.0,39847.0,37743.0,27758348826.409065,735829877665.6912,1,1.0,-0.0266957362995176,1.0,0.0029597422666911566,-0.034079156471508165,-0.07725673526435006,38901.0,39539.3,-0.015655124546926857,-0.03154582908650383,0.029229037263261058,30270015082.131695,0.9170246116855998,0.0029597422666911566,-0.034079156471508165,0.6720978280391219,0,-0.0266957362995176,0,0.0,-0.0266957362995176,time,5.0,0.0293,0.0225
2022-04-30,38651.0,38279.0,38756.0,37628.0,20955789685.355682,719611115951.2947,0,,-0.00033955414255800907,1.0,-0.008187589065941192,-0.045673256712622456,-0.0753194675942701,38534.6,39227.5,-0.0066329999532886985,-0.024179465935886824,0.027790197457791082,27884443836.40989,0.7515225983454197,-0.008187589065941192,-0.045673256712622456,0.8047793954947474,1,-0.001339554142558009,1,0.001,-0.00033955414255800907,,,,
2022-05-01,37821.0,38148.0,38582.0,37070.0,24857664487.014507,733294957352.5364,0,,-0.0034281112248827892,1.0,-0.030004068348250645,-0.0008119646926321167,-0.05874805694687757,38528.4,38989.4,-0.009873236365901539,-0.021580224368674572,0.01721315889197004,26645373103.135456,0.9329073528375332,-0.030004068348250645,-0.0008119646926321167,0.8614012061415315,1,-0.0,0,0.0,-0.0,,,,
2022-05-02,38538.0,38034.0,39037.0,37693.0,29825308569.42226,733787526677.6703,0,,-0.0029928351865816287,1.0,-0.006737699780632989,-0.014535561601243696,-0.043338280051311684,38416.2,38817.1,-0.009948927796085916,-0.02017409852874119,0.01609054165053205,26976336767.84678,1.105610032455229,-0.006737699780632989,-0.014535561601243696,0.7721517292526066,1,-0.0,0,0.0,-0.0,,,,
2022-05-03,38562.0,37240.0,38600.0,36933.0,23070122642.32804,718542028695.8999,1,1.0,-0.02109704412121798,1.0,-0.02714281982287936,-0.05309194467046374,-0.05869268489965118,37998.6,38584.9,-0.019963893406599098,-0.034855604135296536,0.011916091190347823,25293446842.10591,0.9120988051309515,-0.02714281982287936,-0.05309194467046374,0.5253062312062072,0,-0.001,1,0.001,-0.0,upper,1.0,0.0571,0.0187
2022-05-04,37758.0,39429.0,39875.0,37024.0,31748901527.20592,755764276888.7715,0,,0.057118133759114564,1.0,0.03357974205725078,0.02969288624255717,-0.005398178745301796,38226.0,38563.5,0.03147072673049767,0.022443502275467653,0.030486208771573233,26091557382.26528,1.216826617976664,0.03357974205725078,0.02969288624255717,0.8121875453544123,1,0.056118133759114563,1,0.001,0.057118133759114564,,,,
2022-05-05,39699.0,35933.0,39798.0,35654.0,37402043365.58407,696020943881.887,0,,-0.09284549284206794,1.0,-0.055240048377767303,-0.06128686747302703,-0.10416095335444142,37756.8,38145.7,-0.04830388168488864,-0.058006538089483195,0.05272460280324465,29380808118.310963,1.2730093472913715,-0.055240048377767303,-0.06128686747302703,0.8719201636055065,1,-0.0,0,0.0,-0.0,,,,
2022-05-06,36612.0,35915.0,36612.0,35362.0,32223287014.454002,687093350325.4445,0,,-0.0005010577991478987,1.0,-0.035580021482277124,-0.05853517877739334,-0.059299614971581205,37310.2,37919.3,-0.03739459986813254,-0.052856988393773174,0.05285161678968492,30853932623.79886,1.044381842903193,-0.035580021482277124,-0.05853517877739334,0.8116493220511585,1,-0.0,0,0.0,-0.0,,,,
2022-05-07,36076.0,35371.0,36128.0,34693.0,19130720394.98043,678702448510.6605,0,,-0.015262760161680098,1.0,-0.1029191711684293,-0.07001630120418578,-0.08353413654618469,36777.6,37596.9,-0.038246106325589446,-0.05920434929475571,0.0526788966739368,28715014988.910492,0.6662270732705019,-0.1029191711684293,-0.07001630120418578,0.8595112260775652,1,-0.0,0,0.0,-0.0,,,,
2022-05-08,35558.0,33889.0,35558.0,33616.0,30810576501.52256,648514321641.9902,0,,-0.04280179741074289,1.0,-0.056883644560710156,-0.08998388829215898,-0.13829841334418225,36107.4,37053.0,-0.06143892941613083,-0.085391196394354,0.054252033733569384,30263105760.749397,1.0180903686852663,-0.056883644560710156,-0.08998388829215898,0.8664418834261846,1,-0.0,0,0.0,-0.0,,,,
2022-05-09,34070.0,31193.0,34181.0,30404.0,58369928594.32748,576197842487.6378,0,,-0.08289676728550403,1.0,-0.13147709870527635,-0.2088817875168023,-0.1853912044291236,34460.2,36343.1,-0.09481082524187312,-0.1417077794684548,0.03867020144941773,35587311174.173706,1.640189344697879,-0.13147709870527635,-0.2088817875168023,0.8628823711571239,1,-0.0,0,0.0,-0.0,,,,
2022-05-10,31169.0,30704.0,32375.0,29897.0,54071363210.08785,590644412746.6844,1,0.0,-0.015800771403493726,1.0,-0.13194424811286087,-0.14552083043441966,-0.1978891820580475,33414.4,35585.6,-0.08111472897912286,-0.1371790836742952,0.031191307200279243,38921175143.07446,1.3892530996641599,-0.13194424811286087,-0.14552083043441966,0.6553963581277875,0,-0.001,1,0.001,-0.0,lower,1.0,-0.0838,0.0376
2022-05-11,31027.0,28237.0,31949.0,27805.0,65985702701.50493,549294001873.1765,1,1.0,-0.0837597645779702,1.0,-0.1667797810498982,-0.21378254211332315,-0.2598039215686274,31878.8,34594.5,-0.11423892994717488,-0.18377198687652663,0.03237476528694641,45673658280.48466,1.4447212066150426,-0.1667797810498982,-0.21378254211332315,0.6776000677948829,0,-0.0837597645779702,0,0.0,-0.0837597645779702,upper,4.0,0.0972,0.0409
2022-05-12,29132.0,28972.0,29955.0,26379.0,61338080283.57989,555266177876.6213,1,1.0,0.025696671645705625,1.0,-0.07120187221492003,-0.18091091572191909,-0.2382605037597939,30599.0,33688.3,-0.053171672276871806,-0.1399981595984363,0.04509150677851108,54115130258.204544,1.1334737621606343,-0.07120187221492003,-0.18091091572191909,0.7281357459836842,1,0.025696671645705625,0,0.0,0.025696671645705625,time,5.0,0.0334,0.0419
2022-05-13,29126.0,29585.0,30879.0,28677.0,71541696924.39926,558053182541.2809,0,,0.020937629795577818,1.0,-0.03644476289734233,-0.12700286228569746,-0.20555853920515577,29738.2,32922.8,-0.00515162316481832,-0.10138262845201507,0.05210267174172634,62261354342.779884,1.1490546211141899,-0.03644476289734233,-0.12700286228569746,0.7252207364455334,1,0.019937629795577817,1,0.001,0.020937629795577818,,,,
2022-05-14,29363.0,29921.0,30077.0,28253.0,25759546763.688618,573777699744.01,1,1.0,0.011293098878994238,1.0,0.05963806353366152,-0.040778379764690786,-0.24114230642420553,29483.8,31972.0,0.014828482081685523,-0.06414988114600273,0.043802954647355424,55739277976.652115,0.46214353143359144,0.05963806353366152,-0.040778379764690786,0.6248252097297342,0,-0.001,1,0.001,0.0,time,5.0,0.0073,0.0405
2022-05-15,30186.0,31121.0,31172.0,28619.0,22948123704.172672,596346266888.6597,0,,0.039322257462356215,1.0,0.07417506558056064,0.013581292339760243,-0.1339158990343139,29567.2,31490.8,0.05255147595984733,-0.011743112274060996,0.048092202722949166,49514630075.46907,0.4634614793485413,0.07417506558056064,0.013581292339760243,0.8391109953346618,1,0.038322257462356214,1,0.001,0.039322257462356215,,,,
2022-05-16,31319.0,29686.0,31319.0,28817.0,28418179221.125336,569801943005.2971,0,,-0.047207278267434725,1.0,0.0034138921750888063,0.05131564967949842,-0.17343728247250456,29857.0,30867.9,-0.0057273001306226146,-0.038288966855536066,0.0333043879914339,42001125379.39316,0.6766051853236302,0.0034138921750888063,0.05131564967949842,0.81326705940108,1,-0.0,0,0.0,-0.0,,,,
2022-05-17,29924.0,29956.0,30684.0,29245.0,24964703223.57502,581272773175.8237,1,1.0,0.009054084184547404,1.0,0.0011697470004343735,0.03396382714344881,-0.1530915156484125,30053.8,30326.4,-0.0032541641988700354,-0.012213780732299284,0.03217316445190458,34726449967.39218,0.7188959207467693,0.0011697470004343735,0.03396382714344881,0.7835218963964685,1,-0.001,1,0.001,0.0,time,5.0,0.0074,0.0398
2022-05-18,30502.0,28744.0,30535.0,28392.0,26219431165.241817,547927169401.20306,1,1.0,-0.04130058857590306,1.0,-0.0763792937244947,-0.028426567517322976,-0.15181917436336279,29885.6,29811.9,-0.038198998848943955,-0.03582126600451507,0.03690516938339061,25661996815.56069,1.021722173597306,-0.0763792937244947,-0.028426567517322976,0.8089413745070931,1,-0.04130058857590306,0,0.0,-0.04130058857590306,time,5.0,0.0312,0.039
2022-05-19,28772.0,30139.0,30472.0,28018.0,29190056577.430664,578678245847.8763,0,,0.04739096433638129,1.0,0.015259718385771004,0.007285852745563259,-0.03378963228929566,29929.2,29706.5,0.007009876642208868,0.014559103226566616,0.04411554248830132,26348098778.309105,1.1078619684491688,0.015259718385771004,0.007285852745563259,0.7332667610998621,1,0.04639096433638129,1,0.001,0.04739096433638129,,,,
2022-05-20,30289.0,29153.0,30498.0,28307.0,25980877919.56809,557201657280.7389,1,1.0,-0.03326219069460829,1.0,-0.026805982107090398,-0.06323704251148743,-0.05051459093277744,29535.6,29551.4,-0.012953859071764162,-0.01348159478061961,0.04034578387244554,26954649621.388184,0.9638737021071341,-0.026805982107090398,-0.06323704251148743,0.7847498713109686,1,-0.001,1,0.001,-0.0,time,5.0,0.0066,0.0401
2022-05-21,29257.0,29302.0,29587.0,28606.0,13561006428.368963,561696351558.8424,0,,0.00509794962613069,1.0,0.019412747008071163,-0.012935390419726467,0.03771647129652589,29458.8,29657.9,-0.005322687957418526,-0.012000175332710694,0.03588048977968108,23983215062.836906,0.5654373858066413,0.019412747008071163,-0.012935390419726467,0.7856160464126085,1,0.00409794962613069,1,0.001,0.00509794962613069,,,,
2022-05-22,29492.0,30178.0,30342.0,28762.0,17199930154.801018,578090387085.146,0,,0.029457409012338332,1.0,0.0012940044460665323,0.007410869274936616,0.041626397901421974,29503.2,29778.5,0.022872095230347833,0.01341571939486541,0.0386036331976973,22430260449.08211,0.7668181202730917,0.0012940044460665323,0.007410869274936616,0.77417809206408,1,0.0,0,0.0,0.0,,,,
2022-05-24,29396.0,29655.0,29785.0,28716.0,23486436836.56051,564885248021.9939,0,,-0.017482436800769722,1.0,0.017219497135800843,0.03169357083217372,0.002366063883724845,29685.4,29785.5,-0.0010240724396505252,-0.004381326484363179,0.03324710102161726,21883661583.345848,1.073240725602996,0.017219497135800843,0.03169357083217372,0.8155279167087319,1,-0.0,0,0.0,-0.0,,,,
2022-05-25,29647.0,29585.0,30173.0,29399.0,23108764916.206596,563577022957.9133,1,1.0,-0.002363269162032516,1.0,0.009658043819534612,-0.018381499054381356,-0.011229571204171007,29574.6,29751.9,0.0003516531077343288,-0.005609725765413298,0.023640608734301436,20667403251.101036,1.1181261929930892,0.009658043819534612,-0.018381499054381356,0.845596083401906,1,-0.001,1,0.001,-0.0,upper,5.0,0.0703,0.0347
2022-05-26,29573.0,29347.0,29864.0,28412.0,31972044691.709656,559066076343.6685,1,1.0,-0.00807714972959198,1.0,-0.02753661607793756,0.006654546701883257,-0.05700330966228595,29613.4,29574.5,-0.008995927519298785,-0.007692437741973701,0.017888040364187036,21865636605.52935,1.4622050694661508,-0.02753661607793756,0.006654546701883257,0.7835948712619752,1,-0.00807714972959198,0,0.0,-0.00807714972959198,upper,4.0,0.0784,0.033
2022-05-27,29349.0,28647.0,29353.0,28327.0,31756305901.005535,545752899521.8662,1,1.0,-0.02414160076289022,1.0,-0.033990895295902934,-0.022353422974541015,-0.03499966314087444,29482.4,29470.6,-0.028335549344693844,-0.02794649582974218,0.02085191091035519,25504696500.056664,1.245116008376535,-0.033990895295902934,-0.022353422974541015,0.6300189290274988,0,-0.02414160076289022,0,0.0,-0.02414160076289022,upper,3.0,0.1026,0.0319
2022-05-28,28646.0,29088.0,29132.0,28606.0,15406515372.711676,554938694217.2793,1,1.0,0.015276992358893262,1.0,-0.016799053574446554,-0.0361190271058387,-0.028975831219121395,29264.4,29383.8,-0.006027801697625845,-0.010066771486329174,0.015120863804816398,25146013543.638794,0.6126822188326179,-0.016799053574446554,-0.0361190271058387,0.7270663333028767,1,0.015276992358893262,0,0.0,0.015276992358893262,upper,2.0,0.0873,0.0311
2022-05-29,29082.0,29493.0,29520.0,28907.0,14496111397.934435,561771345708.952,1,1.0,0.013827229057828582,1.0,0.0049749548505810814,-0.005462822458270122,0.026057612023378862,29232.0,29458.7,0.008928571428571397,0.0011643419431270896,0.016318632212479443,23347948455.913578,0.6208730255382611,0.0049749548505810814,-0.005462822458270122,0.7424417173841392,1,0.013827229057828582,0,0.0,0.013827229057828582,upper,1.0,0.0735,0.0301
2022-05-30,29497.0,31741.0,31879.0,29354.0,34891305294.623,604926607440.7722,0,,0.07345627353520033,-1.0,0.10800432855098263,0.0728747676187258,0.053153721092272566,29663.2,29618.9,0.07004638744302705,0.07164682010473045,0.03804467117814773,25704456531.59686,1.3574029566325718,-0.10800432855098263,-0.0728747676187258,0.7535810755383852,1,0.07245627353520033,1,0.001,0.07345627353520033,,,,
2022-05-31,31737.0,31866.0,32227.0,31319.0,29770567353.488136,607393396318.7885,0,,0.003930390080219918,-1.0,0.09550330033003296,0.08583500868913352,0.09306074846499501,30167.0,29890.2,0.056319819670500815,0.06610193307505474,0.036601540579701185,25264161063.952557,1.17837149937923,-0.09550330033003296,-0.08583500868913352,0.8603829160530191,1,0.0,0,0.0,0.0,,,,
2022-06-01,31814.0,29833.0,31982.0,29441.0,35553330791.53566,569001624438.0176,-1,1.0,-0.06592444730239518,-1.0,0.011528159224222678,0.041400495688902916,0.01812162992287214,30404.2,29943.3,-0.01878687812867963,-0.0036836287249567556,0.049771956504639614,26023566042.058582,1.3661974970715132,-0.011528159224222678,-0.041400495688902916,0.6620254459171986,0,-0.001,1,0.001,-0.0,time,5.0,0.0503,0.0395
2022-06-02,29822.0,30481.0,30624.0,29667.0,24232399986.261147,580863150152.0535,1,1.0,0.021488375313289954,-1.0,-0.0396962918622602,0.04788916391639164,0.010040426800980828,30682.8,29973.6,-0.006576974721994033,0.01692823017588818,0.050050480731320214,27788742964.768475,0.8720221716032214,0.0396962918622602,-0.04788916391639164,0.7176281442945147,1,-0.022488375313289954,1,0.001,-0.021488375313289954,time,5.0,0.0254,0.0382
2022-06-03,30447.0,29714.0,30636.0,29400.0,21997859590.66833,566275595800.1772,1,1.0,-0.025485223464050726,-1.0,-0.06753279357308728,0.00749330349574473,0.001989546450851476,30727.0,29979.5,-0.03296774823445181,-0.008856051635284135,0.05236187742604832,29289092603.315254,0.7510597849036258,0.06753279357308728,-0.00749330349574473,0.7763040320998645,1,-0.025485223464050726,0,0.0,-0.025485223464050726,time,5.0,0.0172,0.0371
2022-06-04,29704.0,29872.0,29941.0,29518.0,12911383481.843807,568340135127.331,-1,1.0,0.005303271584205521,-1.0,0.0013072771762812074,-0.0588828329290193,0.009700861923271908,30353.2,30008.2,-0.01585335318846126,-0.004538759405762427,0.033714047326188164,24893108240.75942,0.518673014111713,-0.0013072771762812074,0.0588828329290193,0.6649919388677624,0,0.004303271584205521,1,0.001,0.005303271584205521,time,5.0,0.0076,0.0354
2022-06-05,29858.0,29918.0,30134.0,29610.0,13395229055.412352,570209935092.4275,0,,0.0015387191529024728,-1.0,-0.018470522620648966,-0.06113098600389133,0.0194568439704228,29963.6,30065.3,-0.0015218465070951925,-0.004899335779120717,0.03345383233390899,21618040581.14426,0.6196319691940985,0.018470522620648966,0.06113098600389133,0.8207634504171964,1,-0.002538719152902473,1,0.001,-0.0015387191529024728,,,,
2022-06-06,29919.0,31373.0,31680.0,29919.0,27644798123.298183,597966736176.5532,0,,0.047487344447958414,-1.0,0.0558322676179579,0.051620688499312894,0.09515830627988975,30271.6,30337.9,0.03638393741989199,0.03411903922156778,0.0271983292870242,20036334047.496765,1.3797333413270767,-0.0558322676179579,-0.051620688499312894,0.8160767891914641,1,0.0,0,0.0,0.0,,,,
2022-06-07,31343.0,31265.0,31523.0,29315.0,36111325508.04181,597205650752.5386,0,,-0.0034483893809662985,-1.0,0.046632297803963496,0.025720940914012003,0.07484185918591857,30428.4,30555.6,0.027494051609680437,0.02321669350299138,0.02690859469472582,22412119151.852898,1.6112410104270012,-0.046632297803963496,-0.025720940914012003,0.9045722318918196,1,-0.0,0,0.0,-0.0,,,,
2022-06-08,31233.0,30229.0,31263.0,29975.0,27080284928.564884,576238781341.3682,0,,-0.033697532497171,-1.0,0.010395079885018976,0.017331897422090625,0.024955074085376117,30531.4,30629.2,-0.00990455727546069,-0.013065963198516495,0.029300719465432862,23428604219.432205,1.1558642023626782,-0.010395079885018976,-0.017331897422090625,0.9527231073622826,1,-0.0,0,0.0,-0.0,,,,
2022-06-09,30234.0,30101.0,30610.0,29981.0,18871591862.340336,573819802894.6453,0,,-0.004243334727756188,-1.0,-0.040544417174003144,0.007666041778253918,-0.0516681894080212,30577.2,30465.2,-0.015573695433198642,-0.011954623636148853,0.02948640527224813,24620645895.531513,0.7664945892327466,0.040544417174003144,-0.007666041778253918,0.7330778173424483,1,-0.0,0,0.0,-0.0,,,,
2022-06-10,30097.0,29101.0,30266.0,28943.0,25663085729.428833,554622874799.0432,0,,-0.03378585594615656,-1.0,-0.06921477690708455,-0.02730797513202754,-0.08676959769032822,30413.8,30188.7,-0.04316461606244526,-0.036030037729349096,0.03341991669364207,27074217230.33481,0.9478791394447076,0.06921477690708455,0.02730797513202754,0.78515357946214,1,-0.0,0,0.0,-0.0,,,,
2022-06-11,29100.0,28374.0,29406.0,28314.0,22518366769.839092,540789214973.6274,0,,-0.025299304958383804,-1.0,-0.061364914486089495,-0.0955917508685813,-0.04890557436395937,29814.0,30042.8,-0.0482994566311129,-0.055547419015537836,0.014955763587907843,26048930959.64299,0.864464142683102,0.061364914486089495,0.0955917508685813,0.8625415768615772,1,-0.0,0,0.0,-0.0,,,,
2022-06-12,28432.0,26767.0,28552.0,26767.0,29834061115.62461,514202090511.0678,0,,-0.05830344738260464,1.0,-0.11076043985249662,-0.14386694386694387,-0.12184639611561299,28914.4,29671.4,-0.07426749301386171,-0.09788550590804612,0.018826718371208796,24793478081.159554,1.2033027805927468,-0.11076043985249662,-0.14386694386694387,0.7500585000649269,1,-0.0,0,0.0,-0.0,,,,
2022-06-13,26628.0,22526.0,26795.0,22113.0,64852526179.382835,429492202561.014,0,,-0.17249958788168432,1.0,-0.22593725301536027,-0.2548215289953356,-0.24190617217473243,27373.8,28952.6,-0.17709634760245196,-0.2219697022029109,0.06052699006645126,32347926331.323143,2.004843386717647,-0.22593725301536027,-0.2548215289953356,0.7171257656046175,1,-0.0,0,0.0,-0.0,,,,
2022-06-14,22501.0,22245.0,23014.0,21047.0,47639470967.891426,423044474596.5387,0,,-0.012552933367499661,1.0,-0.21600761260308732,-0.26098800704295544,-0.25532271023031605,25802.6,28189.9,-0.1378775782285505,-0.21088758739832358,0.058871604968857905,38101502152.433365,1.2503305191826648,-0.21600761260308732,-0.26098800704295544,0.8236612185065794,1,-0.0,0,0.0,-0.0,,,,
2022-06-15,22223.0,22529.0,22665.0,20193.0,52027211446.51121,429887916884.8431,0,,0.012686103937000644,1.0,-0.15832928606119478,-0.22583416377444077,-0.2469750651781536,24488.2,27451.0,-0.080005880383205,-0.17930130049907111,0.06662653716073315,43374327295.84984,1.1994932184571148,-0.15832928606119478,-0.22583416377444077,0.796722092340649,1,0.0,0,0.0,0.0,,,,
2022-06-16,22584.0,20409.0,22836.0,20283.0,27449277945.59262,389181727345.57733,1,1.0,-0.09882738816397241,1.0,-0.09398028944330994,-0.28071473884542186,-0.3494724763331527,22895.2,26354.6,-0.1085904469059017,-0.2256000849946499,0.06782845383558564,44360509531.000534,0.6187773367754081,-0.09398028944330994,-0.28071473884542186,0.7020086728849617,1,-0.001,1,0.001,-0.0,time,5.0,0.0142,0.0563
2022-06-17,20378.0,20473.0,21238.0,20300.0,24232922585.240158,391441740414.39136,0,,0.003130964839408074,1.0,-0.07965835019105416,-0.2351402846788957,-0.34517831440908364,21636.4,25275.4,-0.053770497864709554,-0.19000292774792882,0.07395190418425784,43240281824.923645,0.560424714236537,-0.07965835019105416,-0.2351402846788957,0.7412434974483408,1,0.002130964839408074,1,0.001,0.003130964839408074,,,,
2022-06-18,20470.0,19047.42,20748.0,17677.43,38920632524.1614,362303884192.0101,1,1.0,-0.07217528554048436,1.0,-0.15453770695547964,-0.15442510876320703,-0.36989579542823126,20940.684,24157.242,-0.09041080033488891,-0.2115234015538695,0.04715013869036859,38053903093.879364,1.0227763608937512,-0.15453770695547964,-0.15442510876320703,0.6662430023062001,0,-0.001,1,0.001,-0.0,time,5.0,0.1023,0.0536
2022-06-19,19032.4,20516.0,20710.0,18043.27,32488136325.883087,390555374756.5322,1,1.0,0.07427341019706481,1.0,0.005242785045813214,-0.07772533153517647,-0.3184279592040131,20594.884,23198.742,-0.0038302716344504883,-0.11564170160606113,0.06859398624531339,35023636165.47769,0.9276060364602059,0.005242785045813214,-0.07772533153517647,0.7421536373158938,1,0.07427341019706481,0,0.0,0.07427341019706481,time,5.0,0.0358,0.06
2022-06-20,20553.0,20637.0,20903.0,19723.65,28346447996.779846,392793374515.9921,1,1.0,0.005880511684964813,1.0,0.008010550481121426,-0.08398064716587506,-0.2908491117143741,20216.484,22352.341999999997,0.020800649608507582,-0.07674104127433257,0.06798631453892451,30287483475.53142,0.935912949640742,0.008010550481121426,-0.08398064716587506,0.8843183740682594,1,0.005880511684964813,0,0.0,0.005880511684964813,time,5.0,0.0422,0.0576
2022-06-21,20620.0,20701.0,21660.0,20416.0,25340643362.789,395059669321.2376,1,1.0,0.003096427071229776,1.0,0.08681385720480783,0.014307413396050794,-0.27042362726439695,20274.884,21585.041999999998,0.021016938987172606,-0.040956232561419004,0.051890796804322445,29865756558.970695,0.8484848964985453,0.08681385720480783,0.014307413396050794,0.8367022472844183,1,0.003096427071229776,0,0.0,0.003096427071229776,time,5.0,0.0169,0.0551
2022-06-22,20698.0,19983.57,20844.0,19821.82,24955466738.110855,381616262301.266,1,1.0,-0.03527157234526434,1.0,-0.02595193994930789,-0.02390612025594685,-0.2534251130122913,20176.998,20906.699,-0.009586559903509873,-0.04415469893166779,0.05470963279943215,30010265389.544838,0.8315643468719539,-0.02595193994930789,-0.02390612025594685,0.6605608738340697,0,-0.03527157234526434,0,0.0,-0.03527157234526434,time,5.0,0.0377,0.0528
2022-06-23,19976.54,21100.0,21124.0,19976.54,23655104386.978516,402495826231.42053,0,,0.0543626045440685,1.0,0.02243543150651739,0.10776157610847048,-0.06330462576578177,20587.514000000003,20764.099,0.024893049253056798,0.016177008210180643,0.0447440964500052,26957159762.108257,0.8775072966043254,0.02243543150651739,0.10776157610847048,0.8096359746567332,1,0.0533626045440685,1,0.001,0.0543626045440685,,,,
2022-06-24,21099.0,21263.0,21452.0,20772.0,21955656695.748722,407086114490.3726,0,,0.007695432542543651,1.0,0.02714844693493057,0.036410606356014785,-0.04414475162957965,20736.914,20665.898999999998,0.025369541485295244,0.02889305710823442,0.03216569603653254,24850663836.081387,0.8835038307455867,0.02714844693493057,0.036410606356014785,0.8525882288768887,1,0.0,0,0.0,0.0,,,,
2022-06-25,21275.0,21526.0,21526.0,20972.0,16152442749.306295,410110791491.05475,0,,0.012293033817542145,1.0,0.07718490740143036,0.04307796675873421,-0.044520395934129375,20914.714,20565.599,0.029227557211635835,0.04669939348715313,0.032210894582542705,22411862786.586678,0.7207095145600037,0.07718490740143036,0.04307796675873421,0.959464282749805,1,0.0,0,0.0,0.0,,,,
2022-06-26,21506.0,21053.0,21782.0,21035.0,15392697878.417652,401645800330.4072,0,,-0.02221843905368818,1.0,-0.002227488151658741,0.017004009468141623,0.031554706257043375,20985.114,20629.999,0.0032349597910212857,0.020504169680279682,0.0351532994075708,20422273689.712406,0.7537210651609095,-0.002227488151658741,0.017004009468141623,0.9224749738532796,1,-0.0,0,0.0,-0.0,,,,
2022-06-27,21055.0,20751.0,21481.0,20698.0,17719011287.9831,395914576106.05786,0,,-0.01444862950186096,1.0,-0.024079386728119268,0.0384030481040174,0.013578859961901113,21138.6,20657.799,-0.018336124435866075,0.004511661673153089,0.03044716364463293,18974982599.686855,0.9338090928355064,-0.024079386728119268,0.0384030481040174,0.789330146684505,1,-0.0,0,0.0,-0.0,,,,
2022-06-28,20759.0,20283.0,21195.0,20250.0,18161209601.432373,386606940573.39575,1,0.0,-0.022811341509906793,1.0,-0.05774412338567314,-0.03872037914691939,0.06486862787716152,20975.2,20781.357,-0.03300087722643885,-0.02398096524687965,0.016652167206298384,17876203642.57763,1.015943315737124,-0.05774412338567314,-0.03872037914691939,0.6559607941471602,0,-0.001,1,0.001,-0.0,time,5.0,-0.0491,0.0436
2022-06-29,20271.0,20109.0,20392.0,19954.04,20744333507.35517,384067866465.5609,1,1.0,-0.008615620732720222,1.0,-0.04483921531373203,-0.054272680242675064,-0.01983817508286212,20744.4,20740.657,-0.030629953143981092,-0.030455014033547667,0.014292005930619061,17633939004.89892,1.1763868243840556,-0.04483921531373203,-0.054272680242675064,0.7920360550650877,1,-0.008615620732720222,0,0.0,-0.008615620732720222,time,5.0,0.0073,0.0415
2022-06-30,20122.0,19608.4,20146.0,18782.75,22816515394.911003,365984224323.45276,1,1.0,-0.025209430189391313,1.0,-0.0550624066310057,-0.08908296943231431,-0.04984251586955457,20360.879999999997,20637.797000000002,-0.03695714527073468,-0.04987920949120683,0.006802116427856378,18966753534.01986,1.2029742124283942,-0.0550624066310057,-0.08908296943231431,0.6914345372507111,0,-0.025209430189391313,0,0.0,-0.025209430189391313,time,5.0,0.0292,0.0397
2022-07-01,19627.97,19407.45,20537.0,19100.51,28756781114.699898,370916529918.7163,1,1.0,-0.01030103288374559,1.0,-0.043166691317852335,-0.07816225716049963,-0.062487319453166434,20031.769999999997,20508.442000000003,-0.031166492027414283,-0.053684819158861585,0.007295142931537315,21639570181.276314,1.328897980588439,-0.043166691317852335,-0.07816225716049963,0.889717553688142,1,-0.01030103288374559,0,0.0,-0.01030103288374559,time,5.0,0.058,0.0378
2022-07-02,19314.61,19268.23,19381.38,19059.83,15601715000.679424,367706689137.568,1,1.0,-0.007199387383882534,1.0,-0.04181063205529867,-0.07145535154932292,-0.03579640674814366,19735.216000000004,20436.908000000003,-0.023662573543659415,-0.057184677838741704,0.008359625439404115,21216110923.815575,0.7353711081499927,-0.04181063205529867,-0.07145535154932292,0.8767327721466593,1,-0.007199387383882534,0,0.0,-0.007199387383882534,upper,5.0,0.1171,0.036
2022-07-03,19261.55,19310.23,19548.78,19006.55,13976969844.332441,368549364135.05225,1,1.0,0.0021773817095586193,1.0,-0.015206238142836837,-0.04795986786964457,-0.08482322274881515,19540.662000000004,20257.931,-0.011792435691278191,-0.046781727117147454,0.009745869357273933,20379262972.395588,0.6858427541400652,-0.015206238142836837,-0.04795986786964457,0.862100082180236,1,0.0021773817095586193,0,0.0,0.0021773817095586193,upper,4.0,0.1149,0.0344
2022-07-04,19317.45,20257.0,20281.0,19103.53,18634860046.37241,386425176262.77844,1,1.0,0.0478654055351999,1.0,0.043774426830933466,0.007359888607091358,-0.04731223251657812,19570.262,20157.331,0.03509089454193304,0.004944553423268383,0.02814708054719923,19957368280.199036,0.9337333352144045,0.043774426830933466,0.007359888607091358,0.5004340358035223,0,0.0478654055351999,0,0.0,0.0478654055351999,upper,4.0,0.0761,0.0371
2022-07-05,20250.0,20189.0,20630.0,19359.81,23623270105.54542,385301783065.72974,1,1.0,-0.003362511203582525,1.0,0.04778695292717594,0.029609759082841913,-0.06211093561274739,19686.382,20023.631,0.025531253025568468,0.008258691942535146,0.024449879979347326,20118719222.32592,1.17419353809215,0.04778695292717594,0.029609759082841913,0.7240753550418204,1,-0.003362511203582525,0,0.0,-0.003362511203582525,upper,3.0,0.0795,0.0353
2022-07-06,20188.0,20567.0,20612.0,19798.69,21755499642.28282,392479833070.6018,0,,0.01854994793923578,1.0,0.06508311915497633,0.05974767421789062,-0.023084596019569692,19918.292,19975.031,0.03256845516673823,0.029635448375524565,0.023001105025375994,18718462927.842503,1.1622481891888101,0.06508311915497633,0.05974767421789062,0.8064059057085133,1,0.01754994793923578,1,0.001,0.01854994793923578,,,,
2022-07-07,20568.0,21661.0,21791.0,20297.0,21927087503.433758,414055638573.8548,0,,0.05182555899151853,1.0,0.0693093745371971,0.12418213816214574,0.04385330827430001,20396.846,20066.031,0.06197791560518717,0.07948602292102525,0.02612950007186835,19983537428.39337,1.0972575592286737,0.0693093745371971,0.12418213816214574,0.9067649132082122,1,0.0,0,0.0,0.0,,,,
2022-07-08,21641.0,21859.0,22289.0,21251.0,46645398900.96298,417690286504.50726,0,,0.009099327489024237,1.0,0.08271831195205315,0.13199065987303116,0.07770053739584881,20906.6,20223.631,0.045554992203419076,0.08086426220889797,0.02483259183731026,26517223239.71948,1.759060459659819,0.08271831195205315,0.13199065987303116,0.9560014727540501,1,0.0,0,0.0,0.0,,,,
2022-07-09,21767.0,21590.0,21889.0,21382.0,26211587451.783283,412459838738.2113,0,,-0.012382491521149298,1.0,0.049739874556328,0.06580441328923325,0.07364861504798847,21173.2,20371.731,0.019685262501653034,0.05980193828398783,0.02535232221158374,28032568720.801655,0.9350405135128731,0.049739874556328,0.06580441328923325,0.9471649484536082,1,-0.0,0,0.0,-0.0,,,,
2022-07-10,21600.0,20860.0,21600.0,20710.0,25037950754.003357,398249545888.6735,0,,-0.03439679495408958,1.0,-0.036978902174414796,0.03323592055079505,0.06382978723404253,21307.4,20496.890999999996,-0.020997399964331698,0.01771532082597327,0.032840739579455255,28315504850.493244,0.8842487847631368,-0.036978902174414796,0.03323592055079505,0.9643470790378006,1,-0.0,0,0.0,-0.0,,,,
2022-07-11,20867.0,19998.47,20867.0,19988.71,21319467248.801025,382000290322.39886,1,1.0,-0.04217767894490961,1.0,-0.08511505558351251,-0.02764282588612821,0.030453253776256073,21193.694,20555.993,-0.05639526549736906,-0.027122163351583017,0.038037849004170246,28228298371.796883,0.7552515907264702,-0.08511505558351251,-0.02764282588612821,0.7758937537503967,1,-0.001,1,0.001,-0.0,time,5.0,0.058,0.0342
2022-07-12,19961.63,19350.74,20051.0,19350.74,22074971578.2899,370191767290.5106,1,1.0,-0.032925108989109914,1.0,-0.10371746178786467,-0.10665527907298822,0.004282178487593491,20731.642,20564.244,-0.06660842397336386,-0.05901038715549167,0.02051584647523848,28257875186.76811,0.7811971506133135,-0.10371746178786467,-0.10665527907298822,0.7421176255392703,1,-0.032925108989109914,0,0.0,-0.032925108989109914,upper,3.0,0.072,0.0336
2022-07-13,19367.81,20225.0,20356.0,19044.67,28560004360.902916,385462566548.9708,1,1.0,0.044188801305948405,1.0,-0.030441035474592537,-0.07475181847294021,0.047372299553138486,20404.841999999997,20655.721,-0.00881369235792151,-0.020852382736966768,0.03527324706981832,24640796278.756096,1.159053629509763,-0.030441035474592537,-0.07475181847294021,0.7248479739525427,1,0.044188801305948405,0,0.0,0.044188801305948405,upper,5.0,0.1019,0.0356
2022-07-14,20271.0,20575.0,20752.0,19707.7,28732413536.669937,393104346702.71136,1,1.0,0.01715728361857813,1.0,0.028828705395962828,-0.047012505789717496,0.015698277138766814,20201.841999999997,20687.521,0.018471483936959965,-0.0054390760497596835,0.03818838250531418,25144961495.73343,1.1426708106729542,0.028828705395962828,-0.047012505789717496,0.6885195032791603,0,0.01715728361857813,0,0.0,0.01715728361857813,upper,4.0,0.0848,0.0344
2022-07-15,20595.0,20795.0,21148.0,20392.0,46542248374.33238,397285233065.65533,1,1.0,0.010635826631741594,1.0,0.07463590539689946,-0.0031160115052732973,0.03001634553469712,20188.841999999997,20748.121000000003,0.03002440655090588,0.0022594335168952817,0.03608925985048135,29445821019.799232,1.5806062375723058,0.07463590539689946,-0.0031160115052732973,0.743892493185022,1,0.010635826631741594,0,0.0,0.010635826631741594,upper,3.0,0.0741,0.0329
2022-07-16,20844.0,21193.0,21475.0,20523.0,42051101694.797554,404705642580.89075,1,1.0,0.018958365279561965,1.0,0.04786155747836829,0.05973106942681117,0.03043710798852528,20427.748,20810.721,0.03746139809439586,0.018369329923744626,0.028071759586896252,33592147908.998543,1.2518134240392844,0.04786155747836829,0.05973106942681117,0.7206305394443827,1,0.018958365279561965,0,0.0,0.018958365279561965,upper,3.0,0.0977,0.0318
2022-07-17,21176.0,20824.0,21576.0,20815.0,29615794461.49923,397660610560.5498,1,1.0,-0.01756477078217274,1.0,0.012102065613608826,0.07613455609449549,-0.038640875305849254,20722.4,20727.021,0.0049029069991892715,0.004678868227132149,0.022373597104741606,35100312485.6404,0.843747316312785,0.012102065613608826,0.07613455609449549,0.7395560749325878,1,-0.01756477078217274,0,0.0,-0.01756477078217274,upper,1.0,0.0727,0.0308
2022-07-18,20803.0,22395.0,22459.0,20803.0,58636734705.48306,425756736660.6174,1,1.0,0.07273155196699921,-1.0,0.07694157249338773,0.10729295426452401,0.024520792350976706,21156.4,20780.621000000003,0.05854493203002398,0.07768675440450012,0.03377386591832773,41115658554.556435,1.4261412018410913,-0.07694157249338773,-0.10729295426452401,0.7600283911508114,1,0.07273155196699921,0,0.0,0.07273155196699921,time,5.0,0.0049,0.0366
2022-07-19,22441.0,23367.0,23655.0,21746.0,57338223361.51413,445889013251.1064,0,,0.042487050946657695,-1.0,0.1025810409097343,0.1356986634264885,0.0823066234367762,21714.8,20958.321000000004,0.07608635584946666,0.11492709745212881,0.035046247060982735,46836820519.52527,1.2242125474253969,-0.1025810409097343,-0.1356986634264885,0.9131632971839158,1,0.041487050946657694,1,0.001,0.042487050946657695,,,,
2022-07-20,23359.0,23313.0,24189.0,22993.0,40775718993.79776,446130012149.91077,0,,-0.002313625710706295,-1.0,0.11952554744525545,0.12108679971146907,0.11759348034515815,22218.4,21203.621000000003,0.049265473661469716,0.0994820177176341,0.036921913747807754,45683514643.41835,0.8925696569555062,-0.11952554744525545,-0.12108679971146907,0.8819035346097203,1,-0.0,0,0.0,-0.0,,,,
2022-07-21,23217.0,23155.0,23366.0,22465.0,63224249257.511284,442379611364.02734,0,,-0.00680040496249961,-1.0,0.03393614646126375,0.09257773793233626,0.15783857465096074,22610.8,21519.274,0.02406814442655736,0.07601213684067587,0.039446701212197885,49918144155.96109,1.2665584894337707,-0.03393614646126375,-0.09257773793233626,0.9315169366715759,1,-0.0,0,0.0,-0.0,,,,
2022-07-22,23142.0,22697.0,23668.0,22620.0,40304373301.41499,433485926857.3929,0,,-0.019977982769382643,-1.0,-0.028672914794368176,0.08994429504417978,0.17292672011509636,22985.4,21853.9,-0.012547095112549811,0.03857892641588001,0.03999565457004348,52055859923.944244,0.7742523773558124,0.028672914794368176,-0.08994429504417978,0.8952022301498523,1,-0.0,0,0.0,-0.0,,,,
2022-07-23,22700.0,22506.0,22976.0,22048.0,42519262113.1533,429803379587.55133,1,1.0,-0.008450816835527288,-1.0,-0.03461587955218115,0.004956463496316177,0.11278121137206432,23007.6,22082.0,-0.021801491681009644,0.019201159315279437,0.024441862525410724,48832365405.47829,0.8707188717993835,0.03461587955218115,-0.004956463496316177,0.7512438705782112,1,-0.001,1,0.001,-0.0,time,5.0,0.0568,0.0316
2022-07-24,22484.0,22614.0,22967.0,22334.0,33108916659.05373,433819662321.5266,0,,0.004787243185248051,-1.0,-0.023364284171885075,-0.032224932597252565,0.09910085054678008,22857.0,22285.9,-0.01063131644572779,0.014722313211492422,0.009018116969762714,43986504064.98621,0.7527062530393004,0.023364284171885075,0.032224932597252565,0.7634742159482175,1,0.0037872431852480513,1,0.001,0.004787243185248051,,,,
2022-07-25,22606.0,21330.0,22628.0,21330.0,42667548128.932236,407480099599.8142,1,1.0,-0.05845465102979416,-1.0,-0.06022822399436045,-0.08505983785870541,0.025727338302476532,22460.4,22339.4,-0.05032857829780424,-0.045184740861437755,0.023678671768730727,44364869892.01311,0.9617417617314722,0.06022822399436045,0.08505983785870541,0.8631664703631383,1,-0.001,1,0.001,-0.0,upper,2.0,0.0714,0.0342
2022-07-26,21319.0,21236.0,21321.0,20772.0,53995620035.18145,405692421501.52716,-1,1.0,-0.004416677761834127,-1.0,-0.056429396605349735,-0.08287626862448716,0.0020289718303212467,22076.6,22343.7,-0.03807651540545187,-0.04957549555355656,0.02396626728049274,42519144047.54714,1.26991314723553,0.056429396605349735,0.08287626862448716,0.6852727731394712,0,-0.005416677761834127,1,0.001,-0.004416677761834127,upper,1.0,0.0758,0.0325
2022-07-27,21223.0,22909.0,23001.0,21071.0,54498281944.45157,437193517021.8447,1,1.0,0.07583199172978582,-1.0,0.01304501636154587,0.009340441468035365,0.10012485593545906,22119.0,22552.2,0.03571590035715899,0.01582107288867607,0.04874559336875259,45357925776.15446,1.2015161851405114,-0.01304501636154587,-0.009340441468035365,0.706731545206217,1,-0.07683199172978582,1,0.001,-0.07583199172978582,time,5.0,0.0184,0.0389
2022-07-28,22946.0,23822.0,24161.0,22749.0,55609627980.6571,454806622614.75885,0,,0.03907967700749818,-1.0,0.11683075480543836,0.05847329600995299,0.06371958026345159,22382.2,22694.9,0.064327903423256,0.049663140176867904,0.05071029724610189,47975998949.65521,1.1591134983768117,-0.11683075480543836,-0.05847329600995299,0.7354294192191937,1,0.03807967700749818,1,0.001,0.03907967700749818,,,,
2022-07-29,23849.0,23848.0,24163.0,23466.0,41089335195.63975,459609388579.5554,0,,0.0010908329170612376,-1.0,0.12299868148427207,0.0545679667462633,0.02058458509864347,22629.0,22743.0,0.05386892925007736,0.048586378226267435,0.0508769581127718,49572082656.97242,0.828880551175722,-0.12299868148427207,-0.0545679667462633,0.9239567992145311,1,0.0,0,0.0,0.0,,,,
2022-07-30,23858.0,23653.0,24605.0,23619.0,62102072346.807785,451726702392.36206,0,,-0.008210399588304083,-1.0,0.03247631935047357,0.10890764181903423,0.014584137605627712,23093.6,22777.0,0.024223161395364956,0.03845984984853135,0.03737097530110534,53458987500.54753,1.1616769274983318,-0.03247631935047357,-0.10890764181903423,0.9291114383897888,1,-0.0,0,0.0,-0.0,,,,
2022-07-31,23644.0,23380.0,24082.0,23289.0,31786729326.443203,447051019373.1847,0,,-0.01160900074354386,-1.0,-0.018554277558559318,0.10096063288754942,0.009717123731375565,23522.4,22799.5,-0.006053804033602117,0.02546108467290953,0.03871612426581351,49017209358.79988,0.6484810078388652,0.018554277558559318,-0.10096063288754942,0.9287073847890276,1,-0.0,0,0.0,-0.0,,,,
2022-08-01,23345.0,23334.0,23467.0,22898.0,44489771146.510735,445958949620.3002,0,,-0.0019694316422571388,-1.0,-0.021553170077155293,0.01855166091928928,0.028065383090276175,23607.4,22863.2,-0.01158111439633347,0.020592043108576208,0.020731897825995313,47015507199.211716,0.9462786598898304,0.021553170077155293,-0.01855166091928928,0.7548380581841299,1,-0.0,0,0.0,-0.0,,,,
2022-08-02,23304.0,23054.0,23422.0,22729.0,35151096516.75639,440954684720.7478,-1,1.0,-0.012072234222844458,-1.0,-0.025324483152242894,-0.03223910670808494,0.024349062472229566,23453.8,22918.0,-0.01704627821504401,0.00593420019198887,0.005844868922260073,42923800906.43158,0.8189185434295837,0.025324483152242894,0.03223910670808494,0.6205885537765474,0,-0.001,1,0.001,-0.0,time,5.0,0.0062,0.031
2022-08-03,23053.0,22860.0,23631.0,22774.0,41334593234.075066,437035641450.2815,1,1.0,-0.008450631812156268,-1.0,-0.022241231822070162,-0.04142905065414293,0.010878217033695847,23256.2,22942.6,-0.01703631719713461,-0.0036002894179386624,0.004007931931709505,42972852514.11864,0.9618768784430746,0.022241231822070162,0.04142905065414293,0.9202048290830168,1,0.007450631812156268,1,0.001,0.008450631812156268,time,5.0,0.0413,0.0297
2022-08-04,22853.0,22678.0,23212.0,22515.0,23624874220.429745,432420621055.8012,1,1.0,-0.007993366817016529,-1.0,-0.028113482471929352,-0.04122098676700625,0.06319737458977959,23061.2,23077.4,-0.01661665481414676,-0.0173069756558365,0.004012354091897685,35277412888.84303,0.6696884007585895,0.028113482471929352,0.04122098676700625,0.8896145001679457,1,-0.007993366817016529,0,0.0,-0.007993366817016529,time,5.0,0.0229,0.0284
2022-08-05,22671.0,23225.0,23433.0,22658.0,27040190909.828075,443821669890.4801,1,1.0,0.023833993150254088,-1.0,0.0074173679187994335,-0.006629597946963162,0.09366170653607075,23030.2,23276.3,0.008458458893105592,-0.0022039585329283184,0.014629622597449727,34328105205.520008,0.7876983232235019,-0.0074173679187994335,0.006629597946963162,0.961800441826215,1,0.023833993150254088,0,0.0,0.023833993150254088,time,5.0,0.0307,0.0279
2022-08-06,23271.0,22985.0,23322.0,22985.0,14439694271.14074,439414782173.18774,-1,1.0,-0.010387455441710868,-1.0,0.005468066491688628,-0.014956715522413622,0.0033174734820375917,22960.4,23283.9,0.0010714099057507198,-0.012837196517765603,0.015200267225894008,28318089830.446003,0.5099106033492414,-0.005468066491688628,0.014956715522413622,0.662414344397739,0,-0.011387455441710867,1,0.001,-0.010387455441710868,time,5.0,0.0411,0.0268
2022-08-07,22981.0,23198.0,23341.0,22927.0,14324042469.270954,442979379284.1196,-1,1.0,0.009224238801493269,-1.0,0.022929711614780857,0.0062462045631994645,-0.026194274200319057,22989.2,23221.5,0.00908252570772361,-0.001011993195960681,0.014997759758609187,24152679020.948917,0.5930622626519791,-0.022929711614780857,-0.0062462045631994645,0.6668542191691158,0,-0.009224238801493269,0,0.0,-0.009224238801493269,time,5.0,0.051,0.0256
2022-08-08,23205.0,23824.0,24214.0,23202.0,27756736787.028625,455450642522.25543,1,1.0,0.02662740788196876,-1.0,0.025791173304628545,0.042169728783902016,-0.0010063737001005935,23182.0,23219.1,0.027693900439996533,0.02605182802089656,0.01740641690491413,21437107731.53963,1.2947985863872464,-0.025791173304628545,-0.042169728783902016,0.775202168529619,1,-0.02762740788196876,1,0.001,-0.02662740788196876,time,5.0,0.0253,0.0255
2022-08-09,23849.0,23204.0,23935.0,22961.0,29738069337.77638,443382534834.6949,-1,1.0,-0.026368798337835255,-1.0,0.00952795301283449,0.023194285210335952,-0.018982792880395727,23287.2,23174.2,-0.0035727781785702684,0.0012859127823181549,0.022718734134505664,22659746755.008953,1.3123743022945638,-0.00952795301283449,-0.023194285210335952,0.6578372944352325,0,-0.027368798337835256,1,0.001,-0.026368798337835255,time,5.0,0.0467,0.0259
2022-08-10,23119.0,23949.0,24206.0,22782.0,32215976525.650154,457270455537.3291,1,1.0,0.03160189172795371,-1.0,0.032373480472454474,0.03117330462863288,0.024337040205303584,23432.0,23231.1,0.02206384431546593,0.03090254012939564,0.02461775018123698,23694903878.17337,1.3596162572039803,-0.032373480472454474,-0.03117330462863288,0.8092002805343123,1,-0.03260189172795371,1,0.001,-0.03160189172795371,time,5.0,0.0096,0.0263
2022-08-11,23956.0,23949.0,24931.0,23896.0,33892871243.716595,458070674127.7904,0,,0.0,-1.0,0.00524680993955684,0.04194039591037635,0.026356389817433712,23624.8,23292.6,0.013722867495174595,0.028180623889132228,0.023257892574645136,27585539272.688538,1.2286463175027622,-0.00524680993955684,-0.04194039591037635,0.9494298656669791,1,-0.001,1,0.001,0.0,,,,
2022-08-12,23951.0,24411.0,24434.0,23674.0,25195193357.103275,466765701334.6809,0,,0.019107281050858294,-1.0,0.05201689363902773,0.052288990430209514,0.05886180272403929,23867.4,23428.3,0.022775836496643942,0.04194499814327113,0.02377048270489313,29759769450.255005,0.8466192387416961,-0.05201689363902773,-0.052288990430209514,0.8727057004323842,1,0.0,0,0.0,0.0,,,,
2022-08-13,24402.0,24434.0,24883.0,24383.0,22240559959.522095,467078368768.6749,0,,0.0009417545992382664,-1.0,0.02025136748924794,0.025604432505036856,0.06885389326334201,23989.4,23585.7,0.018533185490258175,0.035966708641252954,0.02203755794902333,28656534084.7537,0.7761078117034002,-0.02025136748924794,-0.025604432505036856,0.9545782064072719,1,0.0,0,0.0,0.0,,,,
2022-08-14,24439.0,24313.0,24988.0,24239.0,21287616855.704494,464896345363.0234,0,,-0.004964418261971876,-1.0,0.015198964466157205,0.04779348388208926,0.07209630478878215,24211.2,23749.2,0.004204665609304659,0.02373974702305759,0.01564661305979045,26966443588.339325,0.7894113580816998,-0.015198964466157205,-0.04779348388208926,0.9175831829039561,1,-0.0,0,0.0,-0.0,,,,
2022-08-15,24366.0,24179.0,25093.0,23848.0,33404812507.80541,462437221425.1544,0,,-0.005526698881422332,-1.0,-0.009503912170742645,0.009603741283561007,0.0410764262648009,24257.2,23844.6,-0.003223785102979715,0.014024139637486055,0.010109904173420066,27204210784.770374,1.2279280135009942,0.009503912170742645,-0.009603741283561007,0.7679031689590384,1,-0.0,0,0.0,-0.0,,,,
2022-08-16,24146.0,23913.0,24239.0,23724.0,24971300201.368164,456791042838.03827,0,,-0.011062243724578058,-1.0,-0.021322746991896513,-0.00150319428786172,0.04037415705895153,24250.0,23937.4,-0.013896907216494836,-0.0010193254071035884,0.011711688157840863,25419896576.300686,0.9823525491700562,0.021322746991896513,0.00150319428786172,0.8589019470948959,1,-0.0,0,0.0,-0.0,,,,
2022-08-17,23898.0,23359.0,24439.0,23277.0,29567403252.00121,447015816173.3428,0,,-0.023439895289345602,-1.0,-0.03923826759346849,-0.04309532587767806,0.006940253470126834,24039.6,23953.5,-0.028311619161716428,-0.024818919990815536,0.00910737781089067,26294338555.280273,1.1244779247760792,0.03923826759346849,0.04309532587767806,0.7852647119940388,1,-0.0,0,0.0,-0.0,,,,
2022-08-18,23373.0,23248.0,23591.0,23134.0,20228208349.156567,444845955425.38696,0,,-0.004763241996623151,-1.0,-0.03850448736506884,-0.048538921175411365,-0.02417730020147746,23802.4,23895.9,-0.02329176889725415,-0.027113437870094903,0.007865676002522892,25891868233.20717,0.7812571949989003,0.03850448736506884,0.048538921175411365,0.7462970853069033,1,-0.0,0,0.0,-0.0,,,,
2022-08-19,23246.0,20946.0,23246.0,20925.0,35142410593.122185,400810425580.64777,1,1.0,-0.10427140947697312,1.0,-0.12407477104503828,-0.1384855838440341,-0.09731080848129636,23129.0,23670.1,-0.09438367417527782,-0.11508612130916218,0.03999960597773429,28662826980.690704,1.2260622658329057,-0.12407477104503828,-0.1384855838440341,0.814371255518723,1,-0.001,1,0.001,-0.0,time,5.0,0.0212,0.0365
2022-08-20,20849.0,21175.0,21354.0,20849.0,23809679190.922188,404924875533.8922,1,1.0,0.01087354318716417,1.0,-0.09349715313155527,-0.12424004301253155,-0.11582947095912144,22528.2,23392.7,-0.060066938326186814,-0.09480307959320644,0.042949173815001386,26743800317.314064,0.8902878015996735,-0.09349715313155527,-0.12424004301253155,0.5715118450160129,0,0.01087354318716417,0,0.0,0.01087354318716417,time,5.0,0.0207,0.0353
2022-08-21,21157.0,21616.0,21665.0,21127.0,20476237108.351532,413578924865.8514,0,,0.020612540679724945,1.0,-0.07019958706125262,-0.09605653828461502,-0.09741534093281556,22068.8,23159.4,-0.02051765388240412,-0.06664248642020087,0.04771156692554362,25844787698.710735,0.7922772416262869,-0.07019958706125262,-0.09605653828461502,0.8808782535402692,1,0.019612540679724944,1,0.001,0.020612540679724945,,,,
2022-08-22,21546.0,21388.0,21553.0,20961.0,28856912427.175735,408409110509.79584,0,,-0.010603764131357885,1.0,0.021101881027403735,-0.08437861209812059,-0.12383761419032402,21674.6,22857.1,-0.013222850710047584,-0.06427324551233526,0.047772121489469445,25702689533.745644,1.1227195655648736,0.021101881027403735,-0.08437861209812059,0.906943623251986,1,-0.0,0,0.0,-0.0,,,,
2022-08-23,21404.0,21562.0,21618.0,20955.0,29331102121.793316,412338357271.39594,0,,0.008102489030441003,1.0,0.018276269185360183,-0.07252236751548524,-0.11754113121060816,21337.4,22569.9,0.010526118458668687,-0.044656821696152926,0.048899587523268305,27523268288.27299,1.065683835748918,0.018276269185360183,-0.07252236751548524,0.8568535741474662,1,0.0,0,0.0,0.0,,,,
2022-08-24,21553.0,21395.0,21800.0,21211.0,26855905243.361156,409503007623.01685,0,,-0.007775256248145978,1.0,-0.010223908216136168,0.021436073713358095,-0.1200180973141941,21427.2,22278.1,-0.0015027628434887141,-0.03963982565838198,0.013203851321830861,25865967218.32078,1.038271834827781,-0.010223908216136168,0.021436073713358095,0.8211256792671747,1,-0.0,0,0.0,-0.0,,,,
2022-08-25,21393.0,21618.0,21768.0,21375.0,26767966536.315014,413843488595.5175,0,,0.01036905112523105,1.0,0.010753693659996344,0.020920897284533613,-0.10591835890648915,21515.8,22022.0,0.004749997676126494,-0.018345291072563774,0.013141837681117447,26457624687.39935,1.011729769870969,0.010753693659996344,0.020920897284533613,0.7605838466005664,1,0.0,0,0.0,0.0,,,,
2022-08-26,21599.0,20271.0,21817.0,20245.0,34910727805.04114,387215087166.7839,0,,-0.064335007755864,1.0,-0.059873852147296125,-0.062222427831236105,-0.15230209509471837,21246.8,21657.8,-0.04592691605324095,-0.0640323578572154,0.029405005339632615,29344522826.737267,1.1896846307970026,-0.059873852147296125,-0.062222427831236105,0.7588810801745565,1,-0.0,0,0.0,-0.0,,,,
2022-08-27,20267.0,20070.0,20354.0,19882.2,24463219414.743473,383790676113.79205,1,1.0,-0.009965130429900448,1.0,-0.06193035756017762,-0.06162334019076121,-0.14080226037073507,20983.2,21328.9,-0.0435205307102825,-0.05902320325942745,0.0294163630092221,28465784224.250816,0.859390320042634,-0.06193035756017762,-0.06162334019076121,0.63371200895519,0,-0.001,1,0.001,-0.0,time,5.0,0.0042,0.0316
2022-08-28,20054.0,19659.25,20150.0,19659.25,19781826309.451183,376180531070.6233,1,1.0,-0.020678197341823495,1.0,-0.09060736423350912,-0.08824552453390222,-0.154368117687543,20602.65,20970.025,-0.04579022601461469,-0.06250707855617732,0.027146688893955828,26555929061.78239,0.7449118523938194,-0.09060736423350912,-0.08824552453390222,0.6133671709664749,0,-0.020678197341823495,0,0.0,-0.020678197341823495,time,5.0,0.0143,0.0302
2022-08-29,19652.46,20309.0,20385.0,19617.3,28706315246.140064,389119405471.2333,0,,0.03251617208454928,1.0,0.001874599181096226,-0.05075952325309652,-0.03041153442184663,20385.45,20906.325,-0.00375022381159118,-0.028571496903449067,0.035763538934866855,26926011062.338173,1.0661183782358328,0.001874599181096226,-0.05075952325309652,0.7278057883765874,1,0.03151617208454928,1,0.001,0.03251617208454928,,,,
2022-08-30,20322.0,19805.35,20526.0,19590.92,30308993725.456158,379555151404.602,1,1.0,-0.025112034328272578,1.0,-0.0131863477827604,-0.08384910722546035,-0.06468240850059037,20022.920000000002,20769.359999999997,-0.010866047509554222,-0.04641500749180516,0.03420874270292942,27634216500.166405,1.096792222253656,-0.0131863477827604,-0.08384910722546035,0.6873156188947217,0,-0.001,1,0.001,-0.0,time,5.0,0.0088,0.0305
2022-08-31,19810.93,20024.0,20426.0,19810.93,27825786159.855602,383348414528.78253,0,,0.010979450906773127,1.0,0.018553607080636247,-0.012184894677124913,-0.07364914877868245,19973.52,20610.159999999996,0.00252734620637729,-0.028440342044894207,0.024092545913081714,26217228171.129295,1.061354998256363,0.018553607080636247,-0.012184894677124913,0.7831518568321514,1,0.009979450906773126,1,0.001,0.010979450906773127,,,,
2022-09-01,20021.0,20154.0,20188.0,19614.8,25616737335.88055,385027707310.6654,0,,0.006471225728737506,1.0,-0.007632084297602093,0.004185351270552973,-0.05769590424537119,19990.32,20486.76,0.008187962974079532,-0.016242685519818556,0.02389861746643101,26447931755.356712,0.9685724227072005,-0.007632084297602093,0.004185351270552973,0.7986386874484448,1,0.0,0,0.0,0.0,,,,
2022-09-02,20141.0,19941.45,20428.0,19771.18,24078042298.340073,381788074511.76855,0,,-0.010602299813891786,1.0,0.006871880577722811,0.014354565916807616,-0.0751576848158797,20046.760000000002,20324.704999999998,-0.005253217976371349,-0.018856608250894524,0.02200096296218618,27307174953.13449,0.881747831464208,0.006871880577722811,0.014354565916807616,0.7710830518587305,1,-0.0,0,0.0,-0.0,,,,
2022-09-03,19963.43,19814.56,20038.0,19673.17,20048153187.39969,379422449024.2574,0,,-0.0063834590484135,1.0,-0.010459448661605975,-0.02434585651681509,-0.07386959569992979,19947.871999999996,20166.661,-0.006683018619730197,-0.017459558624999927,0.014264018650625189,25575542541.386414,0.7838798787927064,-0.010459448661605975,-0.02434585651681509,0.8228888683541481,1,-0.0,0,0.0,-0.0,,,,
2022-09-04,19826.54,19980.01,20021.0,19649.22,21537524477.36904,382421043401.0045,0,,0.00831525272487725,1.0,-0.00863302570209401,0.008818829255731409,-0.07576972892959577,19982.804,20002.862,-0.00013982021742298123,-0.0011424365173344775,0.00960940123184307,23821248691.76899,0.9041307933118952,-0.00863302570209401,0.008818829255731409,0.8771632798191116,1,0.0,0,0.0,0.0,,,,
2022-09-05,19991.92,19785.73,19991.92,19657.12,23522961655.00036,378685143698.17633,0,,-0.009771302925191457,1.0,-0.007808860438935028,-0.011899220934878163,-0.023939124858171845,19935.15,19954.335,-0.007495303521669161,-0.00844954241772522,0.009087474650229185,22960683790.797943,1.0244887246967689,-0.007808860438935028,-0.011899220934878163,0.8083525287983626,1,-0.0,0,0.0,-0.0,,,,
2022-09-06,19774.58,18859.5,20089.0,18821.25,39940310406.47586,361210437263.86273,1,1.0,-0.047944205076382605,1.0,-0.04819990956145381,-0.06423042572194104,-0.060313901345291465,19676.25,19833.284999999996,-0.04150943396226414,-0.04909852301320716,0.020371187415468655,25825398404.917004,1.5465515683534028,-0.04819990956145381,-0.06423042572194104,0.6913106158958067,0,-0.001,1,0.001,-0.0,upper,3.0,0.1245,0.026
2022-09-07,18845.69,19280.63,19479.03,18644.13,30517907004.082462,369340091982.8708,1,1.0,0.022084199277878604,1.0,-0.0350039864844911,-0.0331380115287504,-0.019259127382784125,19544.086000000003,19795.423,-0.013480088043001937,-0.026005657974573104,0.025919186481306533,27113371346.065483,1.1255666665189914,-0.0350039864844911,-0.0331380115287504,0.6774996749028607,0,0.022084199277878604,0,0.0,0.022084199277878604,upper,2.0,0.1024,0.0265
2022-09-08,19356.29,19322.78,19386.38,19058.51,28936941008.358917,369723445425.44885,1,1.0,0.0021837457753196067,1.0,-0.023398176362459222,-0.024819122907599356,-0.04856073661923288,19445.73,19696.801,-0.006322724834706639,-0.018988921094344247,0.026206258375027054,28891128910.25733,1.001585680443429,-0.023398176362459222,-0.024819122907599356,0.6347365965632681,0,0.0021837457753196067,0,0.0,0.0021837457753196067,upper,1.0,0.1002,0.0253
2022-09-09,19315.37,21360.0,21566.0,19315.23,42487059054.97593,408976281844.7646,0,,0.1002353033195873,1.0,0.13258569951483334,0.06906853399973278,0.07849646686375156,19721.728,19852.265999999996,0.08306939432487859,0.07594770289698949,0.05662882507693341,33081035825.778706,1.2843327905067439,0.13258569951483334,0.06906853399973278,0.7241213685036814,1,0.0992353033195873,1,0.001,0.1002353033195873,,,,
2022-09-10,21373.0,21707.0,21753.0,21182.0,35941349745.24438,415974687298.0947,0,,0.01611477508163107,1.0,0.12584495423645392,0.0971038217947986,0.08404914103076311,20105.982,20020.566,0.07962893829309103,0.08423508106613964,0.05499822608055824,35564713443.82751,1.0105901683142124,0.12584495423645392,0.0971038217947986,0.9319464899361806,1,0.0,0,0.0,0.0,,,,
2022-09-11,21715.0,21740.0,21785.0,21414.0,31266252145.35619,416073628622.09485,0,,0.00151909251943822,1.0,0.1250969063457743,0.15273469604178258,0.07869405577056665,20682.082000000002,20179.165999999997,0.05115142663103245,0.07734878636708786,0.04336334582565599,33829901791.60357,0.924219418015465,0.1250969063457743,0.15273469604178258,0.9869293078055965,1,0.0,0,0.0,0.0,,,,
2022-09-12,21742.0,22340.0,22448.0,21578.0,44006486689.44507,427473787888.3761,0,,0.02722491194799125,-1.0,0.04588014981273414,0.1586758316507293,0.12027961858340297,21293.956,20419.021,0.04912398616771818,0.09407791881892869,0.043207990588452885,36527617728.6761,1.2047455986952487,-0.04588014981273414,-0.1586758316507293,0.9972385861561119,1,0.0,0,0.0,0.0,,,,
2022-09-13,22339.0,20185.0,22654.0,20071.0,46489890914.82466,386529657258.8565,0,,-0.10143903933615048,-1.0,-0.07011563090247386,0.04462194363336969,0.018695343222357552,21466.4,20456.065,-0.05969328811538033,-0.013251082258489033,0.07221233027761469,40038207709.969246,1.1611381621173065,0.07011563090247386,-0.04462194363336969,0.9589107198643282,1,-0.0,0,0.0,-0.0,,,,
2022-09-14,20178.0,20256.0,20418.0,19801.17,35789015870.392235,387486232249.80023,0,,0.0035112916568615453,-1.0,-0.06826126954921807,-0.051685393258426915,0.013813306399746539,21245.6,20483.663999999997,-0.046579056369318805,-0.01111441781118827,0.049731129121578774,38698599073.052505,0.9248142498086879,0.06826126954921807,0.051685393258426915,0.7641503112572308,1,0.0,0,0.0,0.0,,,,
2022-09-15,20239.0,19702.17,20338.0,19620.13,33715957206.68328,377719382182.44714,0,,-0.027722263999876335,-1.0,-0.11807654431512993,-0.09235868613811216,-0.004223245743270598,20844.634,20475.307999999997,-0.05480854209289543,-0.03775952967349738,0.04787183521509107,38253520565.34029,0.8813818103119042,0.11807654431512993,0.09235868613811216,0.8572241468792511,1,-0.0,0,0.0,-0.0,,,,
2022-09-16,19706.12,19764.41,19879.28,19414.75,30187737709.58007,377988702161.6817,0,,0.0031540635949485196,-1.0,-0.02083675997027501,-0.09087350505979763,0.04798165380842545,20449.515999999996,20565.799000000003,-0.033502308807699666,-0.03896707344071593,0.048046187241395345,38037817678.18507,0.793624333682343,0.02083675997027501,0.09087350505979763,0.8459886756136789,1,0.0,0,0.0,0.0,,,,
2022-09-17,19763.99,20132.0,20189.0,19763.99,23394494073.784782,385486747327.04944,0,,0.01842774335727571,-1.0,-0.006121642969984187,-0.09883616830796782,0.04415675213932313,20007.915999999997,20650.936,0.006201745349190935,-0.02512893362315405,0.04604191764136206,33915419155.053,0.6897893246381794,0.006121642969984187,0.09883616830796782,0.9120232208370416,1,0.0,0,0.0,0.0,,,,
2022-09-18,20130.0,19437.16,20130.0,19361.11,28689764413.699097,372598380208.27094,0,,-0.03512389108906156,-1.0,-0.013450802627324676,-0.0370492940302205,0.005919438093276552,19858.347999999998,20662.374000000003,-0.021209619249294986,-0.05929686491978137,0.022579970249200096,30355393854.827892,0.9451290452993453,0.013450802627324676,0.0370492940302205,0.8181076724928068,1,-0.0,0,0.0,-0.0,,,,
2022-09-19,19440.93,19570.39,19612.26,18421.2,39507938864.87854,374524246937.4287,-1,0.0,0.006831011846295266,-1.0,-0.009816635052602107,-0.03384725513428122,-0.0837832397003746,19721.226,20483.413,-0.007648408876811175,-0.044573772935203815,0.023025150750959202,31099178453.72515,1.2703852908418602,0.009816635052602107,0.03384725513428122,0.6824685474100853,0,-0.001,1,0.001,0.0,time,5.0,-0.0327,0.0373
2022-09-20,19546.41,18869.93,19601.4,18830.92,33890591849.676514,361980678159.1343,0,,-0.03644805988971381,-1.0,-0.06268974766540825,-0.042241032332986594,-0.1306983922237066,19554.778,20199.706,-0.035022028887262135,-0.06583145319045725,0.02513700809395858,31134105382.323803,1.0885359137031023,0.06268974766540825,0.042241032332986594,0.7740494526314681,1,0.03544805988971381,1,0.001,0.03644805988971381,,,,
2022-09-21,18874.85,18539.64,19721.93,18262.09,41059997264.96848,355194467885.9514,-1,1.0,-0.017658507308174146,-1.0,-0.046175470078962166,-0.06196845744446711,-0.14721067157313705,19309.824,19879.670000000002,-0.039885604343157244,-0.06740705454366203,0.024463646018552502,33308557293.40148,1.2327161727026401,0.046175470078962166,0.06196845744446711,0.6193892119234973,0,-0.001,1,0.001,-0.0,time,3.0,0.0214,0.0351
2022-09-22,18527.8,19464.32,19464.32,18422.41,37660914389.8923,372075639498.16974,0,,0.04867190348091941,-1.0,-0.005419922648450037,-0.03316511027220348,-0.12872336615935542,19176.287999999997,19592.102000000003,0.01502021663421016,-0.006522117943240757,0.035777279495530105,36161841356.62299,1.0414545547746217,0.005419922648450037,0.03316511027220348,0.7274842327545815,1,-0.04967190348091941,1,0.001,-0.04867190348091941,,,,
2022-09-23,19447.84,19291.9,19475.03,18641.21,35506139423.901344,370913140447.51636,1,0.0,-0.008897727256836987,-1.0,0.022362033139497584,-0.007473314002662823,-0.0442457270250185,19147.236,19502.792,0.007555346369575222,-0.01081342609817093,0.032382848056143256,37525116358.66344,0.9461966509186861,-0.022362033139497584,0.007473314002662823,0.7732140975172805,1,-0.001,1,0.001,-0.0,time,1.0,-0.0184,0.0357
2022-09-24,19309.22,18939.97,19316.53,18874.73,24644354421.61794,363168779956.3335,1,,-0.0184108148901775,-1.0,0.02159319166930973,-0.032212950278456276,-0.06496988546603466,19021.152000000002,19371.189000000002,-0.004267985451144152,-0.02226084315216792,0.03278713018189423,34552399470.01132,0.713245817935372,-0.02159319166930973,0.032212950278456276,0.8065586553024957,1,-0.0184108148901775,0,0.0,-0.0184108148901775,,,,
