timestamp,bitcoin_open,bitcoin_close,bitcoin_high,bitcoin_low,bitcoin_total_volume,bitcoin_market_cap,bitcoin_log_return_1,hilo_high_ma,hilo_low_ma,signal,enter_long,enter_short,strategy_returns,position_change,transaction_cost,strategy_returns_gross,label,barrier_touched,days_to_barrier,return_at_barrier,volatility
2022-01-04,46538.0,45938.0,47575.0,45725.0,24895990583.663242,876242689666.1957,-0.012826095868908363,48146.0,46379.0,-1,False,True,-0.001,1,0.001,-0.0,,,,,
2022-01-05,45873.0,43647.0,47081.0,42467.0,31837641246.01787,827723202715.1049,-0.05115810986620147,48119.200000000004,46454.6,-1,False,False,0.05115810986620147,0,0.0,0.05115810986620147,,,,,
2022-01-06,43526.0,43216.0,43929.0,42604.0,26366602396.811768,819522879407.0583,-0.009923754351101606,48008.96000000001,46325.880000000005,-1,False,False,0.009923754351101606,0,0.0,0.009923754351101606,,,,,
2022-01-07,43201.0,41527.0,43201.0,40685.0,79685254648.07628,787735561341.1113,-0.03986697895396469,47922.168000000005,46205.704000000005,-1,False,False,0.03986697895396469,0,0.0,0.03986697895396469,,,,,
2022-01-08,41532.0,41757.0,42702.0,40617.0,23337017232.770664,792892599975.9554,0.005523283817078168,47753.934400000006,45457.963200000006,-1,False,False,-0.005523283817078168,0,0.0,-0.005523283817078168,,,,,
2022-01-09,41670.0,41862.0,42894.0,41421.0,18016718173.608612,791648558214.5575,0.0025113922717813755,46988.94752000001,44887.170560000006,-1,False,False,-0.0025113922717813755,0,0.0,-0.0025113922717813755,,,,,
2022-01-10,41888.0,41870.0,42415.0,39692.0,27984634062.049942,792407724467.5966,0.00019108584589743027,46231.35801600001,44046.736448,-1,False,False,-0.00019108584589743027,0,0.0,-0.00019108584589743027,,,,,
2022-01-11,41891.0,42777.0,43223.0,41383.0,22813557397.82151,809621515508.4065,0.021430994937039823,45525.48641280001,43360.7891584,-1,False,False,-0.021430994937039823,0,0.0,-0.021430994937039823,,,,,
2022-01-12,42811.0,43982.0,44288.0,42544.0,28250302540.221024,832460077955.3481,0.027779884340564314,44999.18913024001,42972.83132672001,-1,False,False,-0.027779884340564314,0,0.0,-0.027779884340564314,,,,,
2022-01-13,43946.0,42608.0,44391.0,42388.0,43905745871.292786,806510860231.8285,-0.031738430237079666,44482.35130419201,42316.66506137601,-1,False,False,0.031738430237079666,0,0.0,0.031738430237079666,,,,,
2022-01-14,42563.0,43121.0,43495.0,41794.0,20238314434.86153,816129314317.4397,0.011968088354875632,44230.48104335361,42129.93204910081,-1,False,False,-0.011968088354875632,0,0.0,-0.011968088354875632,0.0,time,5.0,-0.0323,0.0256
2022-01-15,43192.0,43227.0,43803.0,42586.0,14651008624.734596,816800318526.6782,0.002455182592454678,44241.984834682895,42212.74563928065,-1,False,False,-0.002455182592454678,0,0.0,-0.002455182592454678,0.0,lower,5.0,-0.06,0.0237
2022-01-16,43173.0,43120.0,43570.0,42739.0,14452346388.550371,816325578941.135,-0.0024783734181649942,44271.787867746316,42247.79651142452,-1,False,False,0.0024783734181649942,0,0.0,0.0024783734181649942,0.0,lower,4.0,-0.0576,0.0219
2022-01-17,43138.0,42298.0,43184.0,41641.0,17694929625.845875,800822650383.9624,-0.01924712299018358,44116.43029419705,42157.03720913962,-1,False,False,0.01924712299018358,0,0.0,0.01924712299018358,0.0,lower,4.0,-0.1472,0.0213
2022-01-18,42311.0,42395.0,42621.0,41339.0,18897950050.285973,803962100417.9756,0.002290627145408093,44053.74423535765,42242.8297673117,-1,False,False,-0.002290627145408093,0,0.0,-0.002290627145408093,0.0,lower,2.0,-0.0406,0.02
2022-01-19,42401.0,41750.0,42653.0,41244.0,19626113309.554142,790507925308.7825,-0.015330979459101893,43956.99538828612,42342.06381384936,-1,False,False,0.015330979459101893,0,0.0,0.015330979459101893,0.0,lower,2.0,-0.1341,0.0191
2022-01-20,41752.0,40708.0,43508.0,40708.0,20930163211.171124,774235809673.4731,-0.025274817967179373,43802.3963106289,42201.85105107949,-1,False,False,0.025274817967179373,0,0.0,0.025274817967179373,0.0,lower,1.0,-0.1089,0.0192
2022-01-21,40667.0,36509.0,41179.0,35762.0,38296960033.31628,692855029162.9379,-0.10886582779347702,43566.117048503125,42029.28084086359,-1,False,False,0.10886582779347702,0,0.0,0.10886582779347702,1.0,time,5.0,0.0098,0.0383
2022-01-22,36385.0,35180.0,36801.0,34020.0,35517336417.257744,666220701468.4846,-0.03708106622679605,43383.4936388025,41872.22467269088,-1,False,False,0.03708106622679605,0,0.0,0.03708106622679605,1.0,time,5.0,0.0579,0.0365
2022-01-23,35219.0,36306.0,36706.0,34805.0,22865032968.608204,687575973800.0704,0.03150527755882725,43408.39491104201,41639.379738152704,-1,False,False,-0.03150527755882725,0,0.0,-0.03150527755882725,1.0,time,5.0,0.0417,0.0384
2022-01-24,36265.0,36774.0,37476.0,33065.0,36385158448.60688,696465421899.37,0.012808056863410392,42962.51592883361,40463.90379052216,-1,False,False,-0.012808056863410392,0,0.0,-0.012808056863410392,1.0,time,5.0,0.0389,0.0373
2022-01-25,36675.0,36989.0,37542.0,35707.0,46168918584.85349,700571452648.8236,0.00582949741367499,41730.21274306689,39175.12303241773,-1,False,False,-0.00582949741367499,0,0.0,-0.00582949741367499,1.0,time,5.0,0.0265,0.0357
2022-01-26,36955.0,36870.0,39216.0,36355.0,26756873749.744743,700165819656.2855,-0.0032223588992716396,40725.37019445351,38301.098425934186,-1,False,False,0.0032223588992716396,0,0.0,0.0032223588992716396,1.0,time,5.0,0.0447,0.0338
2022-01-27,36886.0,37277.0,37277.0,35580.0,22057410457.280827,702311456032.8538,0.01097830223027956,40075.49615556281,37253.87874074735,-1,False,False,-0.01097830223027956,0,0.0,-0.01097830223027956,1.0,time,5.0,0.041,0.0326
2022-01-28,37367.0,37853.0,38022.0,36244.0,19214103304.052933,717026944842.8334,0.015333722503979153,39568.79692445025,36944.50299259788,-1,False,False,-0.015333722503979153,0,0.0,-0.015333722503979153,0.0,time,5.0,-0.0228,0.0316
2022-01-29,37782.0,38232.0,38782.0,37422.0,14178650231.62196,722829009646.1814,0.009962624295545223,39498.23753956021,36826.602394078305,-1,False,False,-0.009962624295545223,0,0.0,-0.009962624295545223,0.0,time,5.0,-0.03,0.0303
2022-01-30,38254.0,37983.0,38386.0,37504.0,11807185113.633108,719570142321.8397,-0.006534170069631306,39053.990031648165,36577.28191526265,-1,False,False,0.006534170069631306,0,0.0,0.006534170069631306,1.0,upper,5.0,0.0927,0.0287
2022-01-31,37995.0,38556.0,38715.0,36832.0,17731563487.283978,727905398095.9747,0.014973038715495796,38847.59202531853,36510.62553221012,-1,False,False,-0.014973038715495796,0,0.0,-0.014973038715495796,1.0,upper,4.0,0.0778,0.0278
2022-02-01,38430.0,38836.0,39138.0,38196.0,17109120250.158987,736102274236.6057,0.00723592158617684,38834.47362025483,36692.9004257681,1,True,False,-0.00823592158617684,1,0.001,-0.00723592158617684,1.0,upper,3.0,0.0705,0.0265
2022-02-02,38801.0,37001.0,38900.0,36849.0,16709908527.231106,700645616423.8325,-0.048402712201870486,38744.77889620387,36855.120340614485,1,False,False,-0.048402712201870486,0,0.0,-0.048402712201870486,1.0,upper,2.0,0.1189,0.0291
2022-02-03,37052.0,37101.0,37180.0,36415.0,16136299994.837618,703003347951.7092,0.0026989841220017353,38738.823116963096,36850.49627249159,1,False,False,0.0026989841220017353,0,0.0,0.0026989841220017353,1.0,upper,1.0,0.1162,0.0277
2022-02-04,37282.0,41674.0,41674.0,37128.0,25347215343.882504,777355085535.6107,0.11623350971997881,38818.65849357048,37119.59701799328,1,False,False,0.11623350971997881,0,0.0,0.11623350971997881,1.0,time,5.0,0.063,0.0456
2022-02-05,41617.0,41494.0,41957.0,41191.0,16752051696.248552,786295053042.2418,-0.004328594677060671,38834.92679485639,37065.47761439462,1,False,False,-0.004328594677060671,0,0.0,-0.004328594677060671,1.0,time,5.0,0.0502,0.0435
2022-02-06,41518.0,42476.0,42526.0,41387.0,13206494654.908047,804942041477.0581,0.02339037207065127,38503.94143588511,36935.3820915157,1,False,False,0.02339037207065127,0,0.0,0.02339037207065127,0.0,time,5.0,-0.0007,0.0416
2022-02-07,42413.0,43911.0,44476.0,41788.0,24171856714.475758,833392518214.8341,0.033225647628320386,39137.9531487081,36973.90567321256,1,False,False,0.033225647628320386,0,0.0,0.033225647628320386,0.0,time,5.0,-0.0384,0.0402
2022-02-08,43978.0,44184.0,45302.0,42901.0,29024977264.932137,837406846076.2306,0.006197874428966801,39701.762518966476,37817.32453857005,1,False,False,0.006197874428966801,0,0.0,0.006197874428966801,0.0,time,5.0,-0.0448,0.0382
2022-02-09,44166.0,44384.0,44758.0,43309.0,19780565063.098923,841339973338.8694,0.004516311533534641,40266.61001517318,38531.25963085604,1,False,False,0.004516311533534641,0,0.0,0.004516311533534641,0.0,time,5.0,-0.0402,0.0363
2022-02-10,44390.0,43628.0,45694.0,43341.0,27877618433.98099,826942197610.3904,-0.017179898065924654,41108.48801213855,39182.60770468483,1,False,False,-0.017179898065924654,0,0.0,-0.017179898065924654,1.0,time,5.0,0.0215,0.0354
2022-02-11,43477.0,42445.0,43926.0,42158.0,23279080009.72499,803706779791.898,-0.02749002587656531,41947.19040971084,39926.28616374786,1,False,False,-0.02749002587656531,0,0.0,-0.02749002587656531,1.0,time,5.0,0.0374,0.0353
2022-02-12,42437.0,42255.0,43039.0,41914.0,15479727288.782782,799547462142.6093,-0.004486430193485452,42509.352327768676,40602.828930998294,1,False,False,-0.004486430193485452,0,0.0,-0.004486430193485452,0.0,time,5.0,-0.0409,0.0336
2022-02-13,42268.0,42248.0,42751.0,41992.0,12146423251.39967,802059713029.3901,-0.00016567459181362007,43146.28186221494,41150.46314479864,1,False,False,-0.00016567459181362007,0,0.0,-0.00016567459181362007,0.0,time,5.0,-0.0529,0.0319
2022-02-14,42172.0,42635.0,42857.0,41715.0,18090873762.822777,808280617642.0496,0.009118496789380818,43302.225489771954,41351.97051583891,1,False,False,0.009118496789380818,0,0.0,0.009118496789380818,0.0,lower,4.0,-0.062,0.0304
2022-02-15,42626.0,44574.0,44707.0,42527.0,19801081788.555756,848321283143.9929,0.04447521720371131,43249.580391817566,41464.37641267113,1,False,False,0.04447521720371131,0,0.0,0.04447521720371131,0.0,lower,2.0,-0.0943,0.0315
2022-02-16,44527.0,44063.0,44527.0,43515.0,16847003857.433496,836256083783.791,-0.011530301371888846,43149.864313454054,41569.90113013691,1,False,False,-0.011530301371888846,0,0.0,-0.011530301371888846,0.0,lower,1.0,-0.0828,0.0305
2022-02-17,43954.0,40563.0,44194.0,40329.0,22270664615.4777,770096677778.6456,-0.08276410698110466,43091.291450763245,41598.92090410953,-1,False,True,-0.08376410698110466,1,0.001,-0.08276410698110466,0.0,lower,4.0,-0.0903,0.0394
2022-02-18,40558.0,40073.0,40994.0,39791.0,20130002755.177864,759881874201.3011,-0.012153530219933288,43414.4331606106,41784.53672328762,-1,False,False,0.012153530219933288,0,0.0,0.012153530219933288,0.0,lower,3.0,-0.0782,0.0375
2022-02-19,40056.0,40193.0,40442.0,39763.0,11735183838.17719,761447243939.9269,0.0029900602846683042,43636.94652848848,42130.6293786301,-1,False,False,-0.0029900602846683042,0,0.0,-0.0029900602846683042,0.0,lower,2.0,-0.0812,0.0357
2022-02-20,40188.0,38514.0,40188.0,38195.0,15998424231.017673,730381814665.4404,-0.04267103955176942,43748.357222790786,41770.303502904084,-1,False,False,0.04267103955176942,0,0.0,0.04267103955176942,1.0,time,5.0,0.0206,0.036
2022-02-21,38512.0,37060.0,39468.0,36957.0,25174914104.16337,703004241590.1829,-0.038483590700482385,43197.48577823263,41374.44280232327,-1,False,False,0.038483590700482385,0,0.0,0.038483590700482385,1.0,time,5.0,0.0533,0.0355
2022-02-22,37162.0,38337.0,38344.0,36546.0,22212181617.200245,727094284067.6588,0.033877266437462174,42646.388622586106,41052.15424185862,-1,False,False,-0.033877266437462174,0,0.0,-0.033877266437462174,0.0,time,5.0,-0.014,0.0363
2022-02-23,38302.0,37372.0,39232.0,37256.0,18507851467.85067,708829287814.1068,-0.025493726363966726,42154.710898068886,40480.72339348689,-1,False,False,0.025493726363966726,0,0.0,0.025493726363966726,1.0,upper,5.0,0.1455,0.035
2022-02-24,37318.0,38363.0,38905.0,34557.0,40839699480.89129,727657714638.0917,0.02617169249162984,41617.36871845511,39775.97871478952,-1,False,False,-0.02617169249162984,0,0.0,-0.02617169249162984,1.0,upper,4.0,0.1193,0.0348
2022-02-25,38361.0,39316.0,39610.0,38107.0,22579249141.515377,745763194704.1796,0.02453810728204375,40962.69497476409,39129.98297183162,-1,False,False,-0.02453810728204375,0,0.0,-0.02453810728204375,1.0,upper,3.0,0.0948,0.0343
2022-02-26,39256.0,39090.0,39877.0,38826.0,14568201294.74542,741083625917.93,-0.00576488089951952,40616.55597981127,38755.186377465296,-1,False,False,0.00576488089951952,0,0.0,0.00576488089951952,1.0,upper,2.0,0.1006,0.0326
2022-02-27,39179.0,37804.0,39851.0,37421.0,19424397945.619602,717619764688.0872,-0.03345176267205373,40274.24478384902,37915.54910197224,-1,False,False,0.03345176267205373,0,0.0,0.03345176267205373,1.0,upper,1.0,0.134,0.0324
2022-02-28,37788.0,43225.0,44199.0,37588.0,30634280854.538326,819019441071.749,0.13400411443654453,40141.39582707921,37953.83928157779,1,True,False,-0.13500411443654453,1,0.001,-0.13400411443654453,0.0,time,5.0,-0.0911,0.0521
2022-03-01,43286.0,44460.0,44755.0,42992.0,27880763034.093914,841254375272.0455,0.028170876966696224,40088.51666166337,38128.27142526224,1,False,False,0.028170876966696224,0,0.0,0.028170876966696224,0.0,lower,3.0,-0.1259,0.0499
2022-03-02,44417.0,43981.0,44969.0,43471.0,25615956856.40275,834437956671.6672,-0.010832186059927232,40041.0133293307,37986.817140209794,1,False,False,-0.010832186059927232,0,0.0,-0.010832186059927232,0.0,lower,2.0,-0.1151,0.0479
2022-03-03,43975.0,42492.0,44090.0,41979.0,22366184128.900482,807454920681.7217,-0.034441899558356276,40872.61066346456,37907.053712167835,1,False,False,-0.034441899558356276,0,0.0,-0.034441899558356276,0.0,lower,3.0,-0.1001,0.0473
2022-03-04,42488.0,39200.0,42488.0,38760.0,25121267305.979286,743810477766.2219,-0.08063907612135016,41649.08853077165,38924.04296973427,1,False,False,-0.08063907612135016,0,0.0,-0.08063907612135016,1.0,time,5.0,0.0687,0.0517
2022-03-05,39206.0,39463.0,39624.0,38828.0,14818212144.749968,748197160856.1006,0.00668677726399887,42313.07082461732,39833.434375787416,-1,False,True,0.00568677726399887,1,0.001,0.00668677726399887,1.0,time,5.0,0.0001,0.0493
2022-03-06,39466.0,38443.0,39668.0,38254.0,16995562040.606796,729501899968.2964,-0.026186899299100952,42668.45665969386,40262.54750062994,-1,False,False,0.026186899299100952,0,0.0,0.026186899299100952,1.0,time,5.0,0.0086,0.0474
2022-03-07,38470.0,38076.0,39455.0,37275.0,24596395439.058964,723198804467.6718,-0.009592462372255991,42632.36532775509,39962.038000503955,-1,False,False,0.009592462372255991,0,0.0,0.009592462372255991,1.0,upper,2.0,0.0978,0.0451
2022-03-08,38032.0,38733.0,39335.0,37991.0,22556397749.428085,735453953725.9198,0.017107787471632517,42030.69226220407,39735.23040040317,-1,False,False,-0.017107787471632517,0,0.0,-0.017107787471632517,0.0,time,5.0,-0.023,0.0434
2022-03-09,38736.0,41986.0,42501.0,38736.0,29211702119.448605,796849504897.2562,0.08064427952143943,41558.15380976326,39438.98432032254,1,True,False,-0.08164427952143943,1,0.001,-0.08064427952143943,0.0,lower,4.0,-0.1036,0.0485
2022-03-10,41913.0,39468.0,42004.0,38909.0,27653455219.04128,749384110700.1091,-0.06184601238721048,41137.52304781061,39006.187456258034,1,False,False,-0.06184601238721048,0,0.0,-0.06184601238721048,0.0,time,5.0,-0.0035,0.0503
2022-03-11,39437.0,38775.0,40183.0,38347.0,23624165274.522385,738267961692.6816,-0.017714507932317755,40777.01843824849,38803.14996500643,-1,False,True,-0.018714507932317756,1,0.001,-0.017714507932317755,1.0,time,5.0,0.0598,0.048
2022-03-12,38751.0,38904.0,39345.0,38751.0,12440826653.84724,738456528057.6692,0.003321364038882238,41121.814750598794,38789.71997200514,-1,False,False,-0.003321364038882238,0,0.0,-0.003321364038882238,1.0,time,5.0,0.0525,0.0457
2022-03-13,38814.0,37853.0,39238.0,37768.0,14461647575.513742,718551088031.3688,-0.027386836121172885,41298.25180047904,38813.575977604116,-1,False,False,0.027386836121172885,0,0.0,0.027386836121172885,1.0,upper,5.0,0.1001,0.0441
2022-03-14,37867.0,39669.0,39715.0,37709.0,21250969229.221596,751354026218.9767,0.046859789262483666,41075.201440383236,38720.26078208329,-1,False,False,-0.046859789262483666,0,0.0,-0.046859789262483666,1.0,time,5.0,0.0619,0.0448
2022-03-15,39699.0,39332.0,39781.0,38321.0,20768829817.938637,747642430663.595,-0.008531589324885729,40729.16115230659,38726.408625666634,-1,False,False,0.008531589324885729,0,0.0,0.008531589324885729,1.0,time,5.0,0.0484,0.0427
2022-03-16,39309.0,41166.0,41551.0,39029.0,34974203468.766266,779761001844.4108,0.045574236018899025,40430.92892184527,38534.72690053331,1,True,False,-0.046574236018899026,1,0.001,-0.045574236018899025,0.0,time,5.0,-0.0025,0.0429
2022-03-17,41129.0,41002.0,41374.0,40681.0,18861644942.593346,778474325709.8895,-0.0039918269344253535,40287.743137476216,38369.58152042665,1,False,False,-0.0039918269344253535,0,0.0,-0.0039918269344253535,1.0,time,5.0,0.0336,0.0409
2022-03-18,40943.0,41837.0,42337.0,40311.0,30316128166.48974,794378970588.3145,0.020160269462751415,40186.39450998098,38359.86521634132,1,False,False,0.020160269462751415,0,0.0,0.020160269462751415,1.0,time,5.0,0.0228,0.0393
2022-03-19,41828.0,42202.0,42323.0,41612.0,16580741571.959858,800887993391.0255,0.008686497818730085,40459.31560798478,38493.69217307306,1,False,False,0.008686497818730085,0,0.0,0.008686497818730085,1.0,time,5.0,0.0403,0.0374
2022-03-20,42223.0,41283.0,42271.0,41021.0,16856192301.960054,784054464871.6631,-0.02201682033261068,40642.25248638783,38931.15373845845,1,False,False,-0.02201682033261068,0,0.0,-0.02201682033261068,1.0,time,5.0,0.0713,0.0365
2022-03-21,41249.0,41062.0,41481.0,40615.0,21335882483.315796,779205413378.8728,-0.005367673340681736,40981.20198911026,39207.122990766766,1,False,False,-0.005367673340681736,0,0.0,-0.005367673340681736,1.0,upper,4.0,0.0766,0.0348
2022-03-22,41009.0,42402.0,43080.0,40937.0,28688623151.357098,803937099701.4115,0.03211241132619967,41249.56159128821,39688.098392613414,1,False,False,0.03211241132619967,0,0.0,0.03211241132619967,1.0,upper,5.0,0.0969,0.0343
2022-03-23,42370.0,42802.0,42802.0,41868.0,21851891598.642384,810894331277.664,0.009389299531177066,41453.84927303057,39954.67871409073,1,False,False,0.009389299531177066,0,0.0,0.009389299531177066,1.0,upper,4.0,0.0875,0.0327
2022-03-24,42845.0,43936.0,44133.0,42726.0,26212783703.864426,834251096724.507,0.026149199117611228,41459.27941842446,40086.742971272586,1,False,False,0.026149199117611228,0,0.0,0.026149199117611228,1.0,upper,4.0,0.0673,0.0317
2022-03-25,43939.0,44332.0,44999.0,43721.0,26147756108.07925,842031938721.7855,0.008972734327846114,41783.42353473957,40256.79437701807,1,False,False,0.008972734327846114,0,0.0,0.008972734327846114,1.0,upper,4.0,0.0682,0.0302
2022-03-26,44298.0,44511.0,44737.0,44157.0,13676534294.229202,845235093872.7649,0.004029585723359656,41987.13882779166,40579.03550161446,1,False,False,0.004029585723359656,0,0.0,0.004029585723359656,1.0,upper,3.0,0.0641,0.0287
2022-03-27,44483.0,46715.0,46715.0,44413.0,22545392529.67392,887283025181.1342,0.04832896260815268,42416.31106223333,41008.428401291574,1,False,False,0.04832896260815268,0,0.0,0.04832896260815268,0.0,time,5.0,-0.0096,0.03
2022-03-28,46723.0,46995.0,48079.0,46660.0,30051327357.066643,892747620147.7012,0.005975900827345874,42932.84884978667,41550.942721033265,1,False,False,0.005975900827345874,0,0.0,0.005975900827345874,0.0,time,5.0,-0.0248,0.0286
2022-03-29,47061.0,47459.0,47967.0,47061.0,26128040680.825665,901430001888.9999,0.00982496733831658,43293.67907982934,42072.15417682661,1,False,False,0.00982496733831658,0,0.0,0.00982496733831658,0.0,time,5.0,-0.0218,0.0272
2022-03-30,47451.0,47063.0,47651.0,46751.0,24497248306.346912,895356010540.8462,-0.008379050736918347,43977.94326386347,42540.32334146129,1,False,False,-0.008379050736918347,0,0.0,-0.008379050736918347,0.0,time,5.0,-0.0094,0.0265
2022-03-31,47031.0,45528.0,47468.0,45363.0,27736469645.537262,865010142444.9791,-0.033159608372840155,44798.15461109078,43364.25867316903,1,False,False,-0.033159608372840155,0,0.0,-0.033159608372840155,1.0,time,5.0,0.0023,0.0282
2022-04-01,45528.0,46270.0,46658.0,44347.0,32948605532.135277,879144224206.3806,0.016166281618085507,45431.92368887262,44103.60693853523,1,False,False,0.016166281618085507,0,0.0,0.016166281618085507,0.0,lower,5.0,-0.0687,0.027
2022-04-02,46229.0,45842.0,47026.0,45804.0,24803837259.76474,871050305858.7916,-0.009293101446733646,45875.7389510981,44633.08555082819,1,False,False,-0.009293101446733646,0,0.0,-0.009293101446733646,0.0,lower,4.0,-0.0594,0.0261
2022-04-03,45847.0,46435.0,47322.0,45667.0,21510196790.30345,882346640419.069,0.01285278375579706,46194.19116087849,44779.06844066255,1,False,False,0.01285278375579706,0,0.0,0.01285278375579706,0.0,lower,3.0,-0.0722,0.0249
2022-04-04,46361.0,46623.0,46819.0,45277.0,28019309650.72574,885584977681.2438,0.004040496373612807,46286.95292870279,44692.65475253004,1,False,False,0.004040496373612807,0,0.0,0.004040496373612807,0.0,lower,2.0,-0.0763,0.0237
2022-04-05,46610.0,45635.0,47077.0,45635.0,25474063861.60569,867247321783.443,-0.021419015632743926,46434.76234296223,44914.92380202404,1,False,False,-0.021419015632743926,0,0.0,-0.021419015632743926,0.0,lower,1.0,-0.0549,0.0239
2022-04-06,45561.0,43199.0,45561.0,43199.0,34113818641.77575,820983263462.4961,-0.054857619134846665,46612.209874369786,45065.339041619234,-1,False,True,-0.055857619134846666,1,0.001,-0.054857619134846665,0.0,lower,5.0,-0.0869,0.0286
2022-04-07,43237.0,43515.0,43869.0,42867.0,22960138784.304127,827032889944.6309,0.007288359407483065,46653.56789949583,45107.67123329539,-1,False,False,-0.007288359407483065,0,0.0,-0.007288359407483065,0.0,lower,4.0,-0.0942,0.0273
2022-04-08,43488.0,42316.0,43916.0,42212.0,24202906401.166885,804272478980.6077,-0.027940441116948905,46738.254319596665,45213.13698663632,-1,False,False,0.027940441116948905,0,0.0,0.027940441116948905,0.0,lower,3.0,-0.0662,0.0272
2022-04-09,42307.0,42796.0,42807.0,42259.0,13949535311.5313,812734148492.5116,0.01127937515183209,46502.803455677335,44810.30958930906,-1,False,False,-0.01127937515183209,0,0.0,-0.01127937515183209,0.0,lower,2.0,-0.0775,0.0263
2022-04-10,42807.0,42275.0,43420.0,42041.0,14936318818.778025,803574629064.9272,-0.012248745491716142,45976.04276454187,44421.647671447245,-1,False,False,0.012248745491716142,0,0.0,0.012248745491716142,0.0,lower,1.0,-0.0653,0.0251
2022-04-11,42249.0,39604.0,42418.0,39444.0,30168665078.21043,752680814425.1921,-0.06526577152437575,45564.034211633494,43979.7181371578,-1,False,False,0.06526577152437575,0,0.0,0.06526577152437575,1.0,time,5.0,0.0211,0.0302
2022-04-12,39553.0,40206.0,40660.0,39445.0,27804694935.48352,764314681923.3135,0.015086114958820547,45012.6273693068,43635.57450972624,-1,False,False,-0.015086114958820547,0,0.0,-0.015086114958820547,0.0,time,5.0,-0.0117,0.0297
2022-04-13,40101.0,41205.0,41444.0,39731.0,25453869985.971855,783560801481.9719,0.0245433699962583,44694.10189544544,43316.659607780995,-1,False,False,-0.0245433699962583,0,0.0,-0.0245433699962583,0.0,time,5.0,-0.009,0.0298
2022-04-14,41232.0,39959.0,41523.0,39708.0,22744792147.00975,759703443634.6515,-0.030705679773150273,44238.881516356356,42542.1276862248,-1,False,False,0.030705679773150273,0,0.0,0.030705679773150273,1.0,time,5.0,0.0378,0.0295
2022-04-15,39994.0,40587.0,40709.0,39877.0,22053774554.17729,771666602547.5923,0.015593889847136319,43523.10521308509,41922.70214897984,-1,False,False,-0.015593889847136319,0,0.0,-0.015593889847136319,1.0,time,5.0,0.0198,0.0288
2022-04-16,40592.0,40450.0,40676.0,40086.0,15777789210.238447,770439827829.2395,-0.0033811747848321604,43107.284170468076,41484.36171918388,-1,False,False,0.0033811747848321604,0,0.0,0.0033811747848321604,1.0,time,5.0,0.002,0.0274
2022-04-17,40443.0,39739.0,40593.0,39659.0,16627779441.567648,755627152747.4514,-0.017733570260598193,42790.427336374465,41129.0893753471,-1,False,False,0.017733570260598193,0,0.0,0.017733570260598193,1.0,time,5.0,0.0005,0.0264
2022-04-18,39717.0,40834.0,40950.0,38780.0,30617039399.980103,776463403746.4385,0.027181994470105407,42374.14186909957,40878.671500277684,-1,False,False,-0.027181994470105407,0,0.0,-0.027181994470105407,0.0,time,5.0,-0.0316,0.027
2022-04-19,40833.0,41498.0,41653.0,40646.0,22717772925.289574,789141783336.2104,0.016130165590251436,42034.51349527966,40720.13720022215,-1,False,False,-0.016130165590251436,0,0.0,-0.016130165590251436,0.0,time,5.0,-0.0457,0.0263
2022-04-20,41468.0,41397.0,42142.0,40959.0,24937668255.073463,787437397453.9304,-0.0024368188667323347,41746.21079622373,40507.90976017772,-1,False,False,0.0024368188667323347,0,0.0,0.0024368188667323347,0.0,time,5.0,-0.0316,0.025
2022-04-21,41384.0,40529.0,42859.0,39975.0,32131220615.550182,770787243369.5001,-0.021190647183363318,41586.968636978985,40162.327808142174,-1,False,False,0.021190647183363318,0,0.0,0.021190647183363318,0.0,lower,5.0,-0.0597,0.0246
2022-04-22,40432.0,39757.0,40776.0,39265.0,46022063018.95215,756144456297.8489,-0.01923184102878764,41600.17490958319,40259.06224651374,-1,False,False,0.01923184102878764,0,0.0,0.01923184102878764,0.0,time,5.0,-0.0297,0.0239
2022-04-23,39757.0,39562.0,39966.0,39347.0,15010797471.968071,752414150959.3553,-0.004916864631491924,41708.539927666556,40399.049797210995,-1,False,False,0.004916864631491924,0,0.0,0.004916864631491924,0.0,time,5.0,-0.0059,0.0227
2022-04-24,39499.0,39643.0,39872.0,39299.0,16778683767.597218,752446283899.8965,0.00204532613440231,41938.631942133245,40314.2398377688,-1,False,False,-0.00204532613440231,0,0.0,-0.00204532613440231,0.0,time,5.0,-0.0347,0.0217
2022-04-25,39469.0,40111.0,40332.0,37715.0,32883645913.964718,770112436973.4149,0.011736223181435839,41706.1055537066,40104.39187021504,-1,False,False,-0.011736223181435839,0,0.0,-0.011736223181435839,0.0,lower,1.0,-0.0494,0.0212
2022-04-26,40458.0,38179.0,40607.0,37472.0,31053018153.386673,725434540422.046,-0.04936498467854532,41358.08444296528,39952.913496172034,-1,False,False,0.04936498467854532,0,0.0,0.04936498467854532,0.0,time,5.0,-0.0008,0.0246
2022-04-27,38134.0,38595.0,39390.0,36902.0,28170490245.865635,746473028158.29,0.010837108170640302,41060.86755437223,39822.13079693763,-1,False,False,-0.010837108170640302,0,0.0,-0.010837108170640302,0.0,time,5.0,-0.0146,0.024
2022-04-28,39224.0,39328.0,40184.0,37265.0,31484572271.03238,756090806420.8264,0.01881399898180703,40915.09404349778,39400.7046375501,-1,False,False,-0.01881399898180703,0,0.0,-0.01881399898180703,0.0,lower,5.0,-0.0546,0.0239
2022-04-29,39742.0,38292.0,39847.0,37743.0,27758348826.409065,735829877665.6912,-0.0266957362995176,40853.47523479823,39014.96371004009,-1,False,False,0.0266957362995176,0,0.0,0.0266957362995176,1.0,time,5.0,0.0293,0.0239
2022-04-30,38651.0,38279.0,38756.0,37628.0,20955789685.355682,719611115951.2947,-0.00033955414255800907,40560.78018783859,38592.370968032075,-1,False,False,0.00033955414255800907,0,0.0,0.00033955414255800907,0.0,lower,5.0,-0.0632,0.0228
2022-05-01,37821.0,38148.0,38582.0,37070.0,24857664487.014507,733294957352.5364,-0.0034281112248827892,40485.42415027087,38326.89677442566,-1,False,False,0.0034281112248827892,0,0.0,0.0034281112248827892,0.0,lower,4.0,-0.0598,0.0217
2022-05-02,38538.0,38034.0,39037.0,37693.0,29825308569.42226,733787526677.6703,-0.0029928351865816287,40357.7393202167,38210.117419540526,-1,False,False,0.0029928351865816287,0,0.0,0.0029928351865816287,0.0,lower,3.0,-0.0568,0.0206
2022-05-03,38562.0,37240.0,38600.0,36933.0,23070122642.32804,718542028695.8999,-0.02109704412121798,40037.39145617336,38093.69393563242,-1,False,False,0.02109704412121798,0,0.0,0.02109704412121798,1.0,upper,1.0,0.0571,0.0202
2022-05-04,37758.0,39429.0,39875.0,37024.0,31748901527.20592,755764276888.7715,0.057118133759114564,39746.31316493869,37888.95514850594,-1,False,False,-0.057118133759114564,0,0.0,-0.057118133759114564,0.0,lower,1.0,-0.0928,0.0271
2022-05-05,39699.0,35933.0,39798.0,35654.0,37402043365.58407,696020943881.887,-0.09284549284206794,39604.450531950955,37849.76411880476,-1,False,False,0.09284549284206794,0,0.0,0.09284549284206794,0.0,lower,4.0,-0.1415,0.038
2022-05-06,36612.0,35915.0,36612.0,35362.0,32223287014.454002,687093350325.4445,-0.0005010577991478987,39403.56042556077,37666.41129504381,-1,False,False,0.0005010577991478987,0,0.0,0.0005010577991478987,0.0,lower,3.0,-0.141,0.0362
2022-05-07,36076.0,35371.0,36128.0,34693.0,19130720394.98043,678702448510.6605,-0.015262760161680098,39497.84834044862,37537.92903603505,-1,False,False,0.015262760161680098,0,0.0,0.015262760161680098,0.0,lower,2.0,-0.1257,0.0345
2022-05-08,35558.0,33889.0,35558.0,33616.0,30810576501.52256,648514321641.9902,-0.04280179741074289,39557.87867235889,37161.14322882804,-1,False,False,0.04280179741074289,0,0.0,0.04280179741074289,0.0,lower,1.0,-0.0829,0.0344
2022-05-09,34070.0,31193.0,34181.0,30404.0,58369928594.32748,576197842487.6378,-0.08289676728550403,38968.702937887116,36801.314583062434,-1,False,False,0.08289676728550403,0,0.0,0.08289676728550403,0.0,lower,2.0,-0.0996,0.0391
2022-05-10,31169.0,30704.0,32375.0,29897.0,54071363210.08785,590644412746.6844,-0.015800771403493726,38400.562350309694,36379.65166644995,-1,False,False,0.015800771403493726,0,0.0,0.015800771403493726,0.0,lower,1.0,-0.0838,0.0372
2022-05-11,31027.0,28237.0,31949.0,27805.0,65985702701.50493,549294001873.1765,-0.0837597645779702,37832.04988024776,35826.92133315996,-1,False,False,0.0837597645779702,0,0.0,0.0837597645779702,1.0,upper,4.0,0.0972,0.0405
2022-05-12,29132.0,28972.0,29955.0,26379.0,61338080283.57989,555266177876.6213,0.025696671645705625,37101.83990419821,34742.33706652797,-1,False,False,-0.025696671645705625,0,0.0,-0.025696671645705625,1.0,time,5.0,0.0334,0.0414
2022-05-13,29126.0,29585.0,30879.0,28677.0,71541696924.39926,558053182541.2809,0.020937629795577818,36156.47192335857,33773.26965322238,-1,False,False,-0.020937629795577818,0,0.0,-0.020937629795577818,0.0,time,5.0,-0.0288,0.0412
2022-05-14,29363.0,29921.0,30077.0,28253.0,25759546763.688618,573777699744.01,0.011293098878994238,35314.97753868686,32579.615722577902,-1,False,False,-0.011293098878994238,0,0.0,-0.011293098878994238,1.0,time,5.0,0.0073,0.0401
2022-05-15,30186.0,31121.0,31172.0,28619.0,22948123704.172672,596346266888.6597,0.039322257462356215,34242.98203094949,31339.492578062323,-1,False,False,-0.039322257462356215,0,0.0,-0.039322257462356215,0.0,time,5.0,-0.0653,0.0413
2022-05-16,31319.0,29686.0,31319.0,28817.0,28418179221.125336,569801943005.2971,-0.047207278267434725,33570.18562475959,30806.99406244986,-1,False,False,0.047207278267434725,0,0.0,0.047207278267434725,0.0,time,5.0,-0.013,0.041
2022-05-17,29924.0,29956.0,30684.0,29245.0,24964703223.57502,581272773175.8237,0.009054084184547404,32871.54849980768,30296.19524995989,-1,False,False,-0.009054084184547404,0,0.0,-0.009054084184547404,1.0,time,5.0,0.0074,0.0395
2022-05-18,30502.0,28744.0,30535.0,28392.0,26219431165.241817,547927169401.20306,-0.04130058857590306,32531.638799846147,29960.756199967913,-1,False,False,0.04130058857590306,0,0.0,0.04130058857590306,1.0,time,5.0,0.0312,0.0387
2022-05-19,28772.0,30139.0,30472.0,28018.0,29190056577.430664,578678245847.8763,0.04739096433638129,32289.11103987692,29732.004959974332,-1,False,False,-0.04739096433638129,0,0.0,-0.04739096433638129,0.0,time,5.0,-0.0186,0.0411
2022-05-20,30289.0,29153.0,30498.0,28307.0,25980877919.56809,557201657280.7389,-0.03326219069460829,31968.088831901536,29634.603967979467,-1,False,False,0.03326219069460829,0,0.0,0.03326219069460829,1.0,time,5.0,0.0066,0.0399
2022-05-21,29257.0,29302.0,29587.0,28606.0,13561006428.368963,561696351558.8424,0.00509794962613069,31681.47106552123,29386.083174383577,-1,False,False,-0.00509794962613069,0,0.0,-0.00509794962613069,0.0,time,5.0,-0.0226,0.0382
2022-05-22,29492.0,30178.0,30342.0,28762.0,17199930154.801018,578090387085.146,0.029457409012338332,31439.576852416987,29112.466539506862,-1,False,False,-0.029457409012338332,0,0.0,-0.029457409012338332,0.0,time,5.0,-0.0368,0.0381
2022-05-24,29396.0,29655.0,29785.0,28716.0,23486436836.56051,564885248021.9939,-0.017482436800769722,31251.26148193359,28951.373231605492,-1,False,False,0.017482436800769722,0,0.0,0.017482436800769722,0.0,time,5.0,-0.0055,0.0364
2022-05-25,29647.0,29585.0,30173.0,29399.0,23108764916.206596,563577022957.9133,-0.002363269162032516,30918.409185546876,28882.298585284396,-1,False,False,0.002363269162032516,0,0.0,0.002363269162032516,1.0,upper,5.0,0.0703,0.0346
2022-05-26,29573.0,29347.0,29864.0,28412.0,31972044691.709656,559066076343.6685,-0.00807714972959198,30803.1273484375,28858.23886822752,-1,False,False,0.00807714972959198,0,0.0,0.00807714972959198,1.0,upper,4.0,0.0784,0.033
2022-05-27,29349.0,28647.0,29353.0,28327.0,31756305901.005535,545752899521.8662,-0.02414160076289022,30599.50187875,28829.79109458202,-1,False,False,0.02414160076289022,0,0.0,0.02414160076289022,1.0,upper,3.0,0.1026,0.0318
2022-05-28,28646.0,29088.0,29132.0,28606.0,15406515372.711676,554938694217.2793,0.015276992358893262,30514.201503000004,28943.632875665615,-1,False,False,-0.015276992358893262,0,0.0,-0.015276992358893262,1.0,upper,2.0,0.0873,0.031
2022-05-29,29082.0,29493.0,29520.0,28907.0,14496111397.934435,561771345708.952,0.013827229057828582,30384.161202400006,28837.306300532495,-1,False,False,-0.013827229057828582,0,0.0,-0.013827229057828582,1.0,upper,1.0,0.0735,0.0301
2022-05-30,29497.0,31741.0,31879.0,29354.0,34891305294.623,604926607440.7722,0.07345627353520033,30177.928961920006,28735.245040425998,1,True,False,-0.07445627353520033,1,0.001,-0.07345627353520033,0.0,time,5.0,-0.0607,0.0368
2022-05-31,31737.0,31866.0,32227.0,31319.0,29770567353.488136,607393396318.7885,0.003930390080219918,29968.743169536006,28709.3960323408,1,False,False,0.003930390080219918,0,0.0,0.003930390080219918,0.0,time,5.0,-0.0631,0.035
2022-06-01,31814.0,29833.0,31982.0,29441.0,35553330791.53566,569001624438.0176,-0.06592444730239518,29878.994535628808,28748.916825872642,1,False,False,-0.06592444730239518,0,0.0,-0.06592444730239518,1.0,time,5.0,0.0503,0.0394
2022-06-02,29822.0,30481.0,30624.0,29667.0,24232399986.261147,580863150152.0535,0.021488375313289954,30278.99562850305,28869.933460698114,1,False,False,0.021488375313289954,0,0.0,0.021488375313289954,1.0,time,5.0,0.0254,0.0382
2022-06-03,30447.0,29714.0,30636.0,29400.0,21997859590.66833,566275595800.1772,-0.025485223464050726,30668.59650280244,29359.746768558492,1,False,False,-0.025485223464050726,0,0.0,-0.025485223464050726,1.0,time,5.0,0.0172,0.0371
2022-06-04,29704.0,29872.0,29941.0,29518.0,12911383481.843807,568340135127.331,0.005303271584205521,30931.277202241956,29375.997414846795,1,False,False,0.005303271584205521,0,0.0,0.005303271584205521,1.0,time,5.0,0.0076,0.0354
2022-06-05,29858.0,29918.0,30134.0,29610.0,13395229055.412352,570209935092.4275,0.0015387191529024728,30869.821761793566,29434.19793187744,1,False,False,0.0015387191529024728,0,0.0,0.0015387191529024728,0.0,time,5.0,-0.0277,0.0337
2022-06-06,29919.0,31373.0,31680.0,29919.0,27644798123.298183,597966736176.5532,0.047487344447958414,30823.057409434856,29427.358345501954,1,False,False,0.047487344447958414,0,0.0,0.047487344447958414,0.0,lower,4.0,-0.0752,0.0353
2022-06-07,31343.0,31265.0,31523.0,29315.0,36111325508.04181,597205650752.5386,-0.0034483893809662985,30646.64592754789,29445.486676401564,1,False,False,-0.0034483893809662985,0,0.0,-0.0034483893809662985,0.0,lower,3.0,-0.0717,0.0336
2022-06-08,31233.0,30229.0,31263.0,29975.0,27080284928.564884,576238781341.3682,-0.033697532497171,30544.116742038314,29478.389341121252,1,False,False,-0.033697532497171,0,0.0,-0.033697532497171,0.0,lower,4.0,-0.1216,0.0338
2022-06-09,30234.0,30101.0,30610.0,29981.0,18871591862.340336,573819802894.6453,-0.004243334727756188,30771.29339363065,29566.511472897004,1,False,False,-0.004243334727756188,0,0.0,-0.004243334727756188,0.0,lower,3.0,-0.1174,0.0321
2022-06-10,30097.0,29101.0,30266.0,28943.0,25663085729.428833,554622874799.0432,-0.03378585594615656,30921.63471490452,29516.209178317604,-1,False,True,-0.03478585594615656,1,0.001,-0.03378585594615656,0.0,lower,2.0,-0.0836,0.0321
2022-06-11,29100.0,28374.0,29406.0,28314.0,22518366769.839092,540789214973.6274,-0.025299304958383804,30989.90777192362,29607.967342654083,-1,False,False,0.025299304958383804,0,0.0,0.025299304958383804,0.0,lower,2.0,-0.2308,0.0311
2022-06-12,28432.0,26767.0,28552.0,26767.0,29834061115.62461,514202090511.0678,-0.05830344738260464,30913.926217538898,29682.573874123267,-1,False,False,0.05830344738260464,0,0.0,0.05830344738260464,0.0,lower,1.0,-0.1725,0.0335
2022-06-13,26628.0,22526.0,26795.0,22113.0,64852526179.382835,429492202561.014,-0.17249958788168432,30784.34097403112,29534.659099298617,-1,False,False,0.17249958788168432,0,0.0,0.17249958788168432,0.0,lower,5.0,-0.1677,0.058
2022-06-14,22501.0,22245.0,23014.0,21047.0,47639470967.891426,423044474596.5387,-0.012552933367499661,30508.6727792249,29290.527279438895,-1,False,False,0.012552933367499661,0,0.0,0.012552933367499661,0.0,lower,4.0,-0.1552,0.0554
2022-06-15,22223.0,22529.0,22665.0,20193.0,52027211446.51121,429887916884.8431,0.012686103937000644,30117.338223379924,28785.82182355112,-1,False,False,-0.012686103937000644,0,0.0,-0.012686103937000644,0.0,lower,3.0,-0.1679,0.0539
2022-06-16,22584.0,20409.0,22836.0,20283.0,27449277945.59262,389181727345.57733,-0.09882738816397241,29452.87057870394,27451.257458840897,-1,False,False,0.09882738816397241,0,0.0,0.09882738816397241,1.0,time,5.0,0.0142,0.0563
2022-06-17,20378.0,20473.0,21238.0,20300.0,24232922585.240158,391441740414.39136,0.003130964839408074,28165.096462963153,26170.40596707272,-1,False,False,-0.003130964839408074,0,0.0,-0.003130964839408074,0.0,time,5.0,-0.0242,0.0544
2022-06-18,20470.0,19047.42,20748.0,17677.43,38920632524.1614,362303884192.0101,-0.07217528554048436,27065.077170370525,24974.924773658175,-1,False,False,0.07217528554048436,0,0.0,0.07217528554048436,1.0,time,5.0,0.1023,0.0536
2022-06-19,19032.4,20516.0,20710.0,18043.27,32488136325.883087,390555374756.5322,0.07427341019706481,26219.26173629642,24036.53981892654,-1,False,False,-0.07427341019706481,0,0.0,-0.07427341019706481,1.0,time,5.0,0.0358,0.0599
2022-06-20,20553.0,20637.0,20903.0,19723.65,28346447996.779846,392793374515.9921,0.005880511684964813,25223.009389037135,23289.23185514123,-1,False,False,-0.005880511684964813,0,0.0,-0.005880511684964813,1.0,time,5.0,0.0422,0.0576
2022-06-21,20620.0,20701.0,21660.0,20416.0,25340643362.789,395059669321.2376,0.003096427071229776,24328.00751122971,22166.871484112988,-1,False,False,-0.003096427071229776,0,0.0,-0.003096427071229776,1.0,time,5.0,0.0169,0.0551
2022-06-22,20698.0,19983.57,20844.0,19821.82,24955466738.110855,381616262301.266,-0.03527157234526434,23604.40600898377,21342.15118729039,-1,False,False,0.03527157234526434,0,0.0,0.03527157234526434,1.0,time,5.0,0.0377,0.0527
2022-06-23,19976.54,21100.0,21124.0,19976.54,23655104386.978516,402495826231.42053,0.0543626045440685,23064.124807187018,21018.450949832313,-1,False,False,-0.0543626045440685,0,0.0,-0.0543626045440685,0.0,time,5.0,-0.0395,0.0547
2022-06-24,21099.0,21263.0,21452.0,20772.0,21955656695.748722,407086114490.3726,0.007695432542543651,22783.299845749614,20897.96075986585,-1,False,False,-0.007695432542543651,0,0.0,-0.007695432542543651,0.0,time,5.0,-0.0558,0.0523
2022-06-25,21275.0,21526.0,21526.0,20972.0,16152442749.306295,410110791491.05475,0.012293033817542145,22395.439876599692,20682.73260789268,-1,False,False,-0.012293033817542145,0,0.0,-0.012293033817542145,0.0,time,5.0,-0.0933,0.0502
2022-06-26,21506.0,21053.0,21782.0,21035.0,15392697878.417652,401645800330.4072,-0.02221843905368818,22141.151901279754,20541.494086314146,-1,False,False,0.02221843905368818,0,0.0,0.02221843905368818,0.0,time,5.0,-0.0814,0.0479
2022-06-27,21055.0,20751.0,21481.0,20698.0,17719011287.9831,395914576106.05786,-0.01444862950186096,22003.321521023805,20587.59526905132,-1,False,False,0.01444862950186096,0,0.0,0.01444862950186096,0.0,time,5.0,-0.0741,0.0456
2022-06-28,20759.0,20283.0,21195.0,20250.0,18161209601.432373,386606940573.39575,-0.022811341509906793,21907.857216819044,20664.476215241055,-1,False,False,0.022811341509906793,0,0.0,0.022811341509906793,0.0,time,5.0,-0.0491,0.0436
2022-06-29,20271.0,20109.0,20392.0,19954.04,20744333507.35517,384067866465.5609,-0.008615620732720222,21882.685773455236,20738.580972192845,-1,False,False,0.008615620732720222,0,0.0,0.008615620732720222,1.0,time,5.0,0.0073,0.0415
2022-06-30,20122.0,19608.4,20146.0,18782.75,22816515394.911003,365984224323.45276,-0.025209430189391313,21802.34861876419,20730.464777754278,-1,False,False,0.025209430189391313,0,0.0,0.025209430189391313,1.0,time,5.0,0.0292,0.0397
2022-07-01,19627.97,19407.45,20537.0,19100.51,28756781114.699898,370916529918.7163,-0.01030103288374559,21680.878895011352,20634.371822203422,-1,False,False,0.01030103288374559,0,0.0,0.01030103288374559,1.0,time,5.0,0.058,0.0378
2022-07-02,19314.61,19268.23,19381.38,19059.83,15601715000.679424,367706689137.568,-0.007199387383882534,21423.103116009082,20498.30545776274,-1,False,False,0.007199387383882534,0,0.0,0.007199387383882534,1.0,upper,5.0,0.1171,0.036
2022-07-03,19261.55,19310.23,19548.78,19006.55,13976969844.332441,368549364135.05225,0.0021773817095586193,21167.682492807267,20155.194366210195,-1,False,False,-0.0021773817095586193,0,0.0,-0.0021773817095586193,1.0,upper,4.0,0.1149,0.0344
2022-07-04,19317.45,20257.0,20281.0,19103.53,18634860046.37241,386425176262.77844,0.0478654055351999,21041.545994245815,19944.257492968158,-1,False,False,-0.0478654055351999,0,0.0,-0.0478654055351999,1.0,upper,4.0,0.0761,0.0371
2022-07-05,20250.0,20189.0,20630.0,19359.81,23623270105.54542,385301783065.72974,-0.003362511203582525,20709.51279539665,19767.371994374527,-1,False,False,0.003362511203582525,0,0.0,0.003362511203582525,1.0,upper,3.0,0.0795,0.0353
2022-07-06,20188.0,20567.0,20612.0,19798.69,21755499642.28282,392479833070.6018,0.01854994793923578,20477.36623631732,19615.20759549962,1,True,False,-0.01954994793923578,1,0.001,-0.01854994793923578,0.0,time,5.0,-0.028,0.0342
2022-07-07,20568.0,21661.0,21791.0,20297.0,21927087503.433758,414055638573.8548,0.05182555899151853,20438.092989053857,19512.872076399697,1,False,False,0.05182555899151853,0,0.0,0.05182555899151853,0.0,lower,4.0,-0.0799,0.0364
2022-07-08,21641.0,21859.0,22289.0,21251.0,46645398900.96298,417690286504.50726,0.009099327489024237,20476.474391243086,19482.25966111976,1,False,False,0.009099327489024237,0,0.0,0.009099327489024237,0.0,lower,3.0,-0.089,0.0347
2022-07-09,21767.0,21590.0,21889.0,21382.0,26211587451.783283,412459838738.2113,-0.012382491521149298,20503.57951299447,19545.545728895806,1,False,False,-0.012382491521149298,0,0.0,-0.012382491521149298,0.0,lower,2.0,-0.0766,0.0333
2022-07-10,21600.0,20860.0,21600.0,20710.0,25037950754.003357,398249545888.6735,-0.03439679495408958,20761.063610395577,19695.836583116645,1,False,False,-0.03439679495408958,0,0.0,-0.03439679495408958,0.0,lower,2.0,-0.0751,0.0336
2022-07-11,20867.0,19998.47,20867.0,19988.71,21319467248.801025,382000290322.39886,-0.04217767894490961,21066.650888316464,20006.869266493315,-1,False,True,-0.04317767894490961,1,0.001,-0.04217767894490961,1.0,time,5.0,0.058,0.0342
2022-07-12,19961.63,19350.74,20051.0,19350.74,22074971578.2899,370191767290.5106,-0.032925108989109914,21231.120710653173,20281.895413194652,-1,False,False,0.032925108989109914,0,0.0,0.032925108989109914,1.0,upper,3.0,0.072,0.0336
2022-07-13,19367.81,20225.0,20356.0,19044.67,28560004360.902916,385462566548.9708,0.044188801305948405,21304.896568522538,20367.51633055572,-1,False,False,-0.044188801305948405,0,0.0,-0.044188801305948405,1.0,upper,5.0,0.1019,0.0356
2022-07-14,20271.0,20575.0,20752.0,19707.7,28732413536.669937,393104346702.71136,0.01715728361857813,21217.31725481803,20291.75506444458,-1,False,False,-0.01715728361857813,0,0.0,-0.01715728361857813,1.0,upper,4.0,0.0848,0.0344
2022-07-15,20595.0,20795.0,21148.0,20392.0,46542248374.33238,397285233065.65533,0.010635826631741594,20984.053803854425,20103.552051555667,-1,False,False,-0.010635826631741594,0,0.0,-0.010635826631741594,1.0,upper,3.0,0.0741,0.0329
2022-07-16,20844.0,21193.0,21475.0,20523.0,42051101694.797554,404705642580.89075,0.018958365279561965,20858.443043083542,19891.775641244534,1,True,False,-0.019958365279561966,1,0.001,-0.018958365279561965,1.0,upper,3.0,0.0977,0.0318
2022-07-17,21176.0,20824.0,21576.0,20815.0,29615794461.49923,397660610560.5498,-0.01756477078217274,20837.154434466836,19854.96051299563,1,False,False,-0.01756477078217274,0,0.0,-0.01756477078217274,1.0,upper,1.0,0.0727,0.0308
2022-07-18,20803.0,22395.0,22459.0,20803.0,58636734705.48306,425756736660.6174,0.07273155196699921,20899.32354757347,19962.368410396502,1,False,False,0.07273155196699921,0,0.0,0.07273155196699921,1.0,time,5.0,0.0049,0.0366
2022-07-19,22441.0,23367.0,23655.0,21746.0,57338223361.51413,445889013251.1064,0.042487050946657695,21014.458838058777,20074.494728317204,1,False,False,0.042487050946657695,0,0.0,0.042487050946657695,0.0,time,5.0,-0.0328,0.0364
2022-07-20,23359.0,23313.0,24189.0,22993.0,40775718993.79776,446130012149.91077,-0.002313625710706295,21126.767070447022,20222.595782653763,1,False,False,-0.002313625710706295,0,0.0,-0.002313625710706295,0.0,lower,5.0,-0.0889,0.0348
2022-07-21,23217.0,23155.0,23366.0,22465.0,63224249257.511284,442379611364.02734,-0.00680040496249961,21393.21365635762,20338.67662612301,1,False,False,-0.00680040496249961,0,0.0,-0.00680040496249961,0.0,lower,4.0,-0.0821,0.0335
2022-07-22,23142.0,22697.0,23668.0,22620.0,40304373301.41499,433485926857.3929,-0.019977982769382643,21845.570925086096,20620.14130089841,1,False,False,-0.019977982769382643,0,0.0,-0.019977982769382643,0.0,lower,4.0,-0.0665,0.0329
2022-07-23,22700.0,22506.0,22976.0,22048.0,42519262113.1533,429803379587.55133,-0.008450816835527288,22314.25674006888,21094.71304071873,1,False,False,-0.008450816835527288,0,0.0,-0.008450816835527288,1.0,time,5.0,0.0568,0.0316
2022-07-24,22484.0,22614.0,22967.0,22334.0,33108916659.05373,433819662321.5266,0.004787243185248051,22524.605392055102,21368.770432574984,1,False,False,0.004787243185248051,0,0.0,0.004787243185248051,0.0,lower,2.0,-0.0629,0.03
2022-07-25,22606.0,21330.0,22628.0,21330.0,42667548128.932236,407480099599.8142,-0.05845465102979416,22753.284313644082,21619.016346059987,-1,False,True,-0.05945465102979416,1,0.001,-0.05845465102979416,1.0,upper,2.0,0.0714,0.0342
2022-07-26,21319.0,21236.0,21321.0,20772.0,53995620035.18145,405692421501.52716,-0.004416677761834127,22797.827450915265,21704.81307684799,-1,False,False,0.004416677761834127,0,0.0,0.004416677761834127,1.0,upper,1.0,0.0758,0.0325
2022-07-27,21223.0,22909.0,23001.0,21071.0,54498281944.45157,437193517021.8447,0.07583199172978582,22831.661960732214,21830.65046147839,1,True,False,-0.07683199172978582,1,0.001,-0.07583199172978582,1.0,time,5.0,0.0184,0.0389
2022-07-28,22946.0,23822.0,24161.0,22749.0,55609627980.6571,454806622614.75885,0.03907967700749818,22790.929568585772,21730.520369182716,1,False,False,0.03907967700749818,0,0.0,0.03907967700749818,0.0,time,5.0,-0.0328,0.0384
2022-07-29,23849.0,23848.0,24163.0,23466.0,41089335195.63975,459609388579.5554,0.0010908329170612376,22496.943654868617,21538.816295346172,1,False,False,0.0010908329170612376,0,0.0,0.0010908329170612376,0.0,time,5.0,-0.0423,0.0365
2022-07-30,23858.0,23653.0,24605.0,23619.0,62102072346.807785,451726702392.36206,-0.008210399588304083,22597.754923894896,21445.25303627694,1,False,False,-0.008210399588304083,0,0.0,-0.008210399588304083,0.0,time,5.0,-0.0421,0.0351
2022-07-31,23644.0,23380.0,24082.0,23289.0,31786729326.443203,447051019373.1847,-0.01160900074354386,22910.403939115917,21706.00242902155,1,False,False,-0.01160900074354386,0,0.0,-0.01160900074354386,0.0,time,5.0,-0.0067,0.0338
2022-08-01,23345.0,23334.0,23467.0,22898.0,44489771146.510735,445958949620.3002,-0.0019694316422571388,23160.923151292736,22058.00194321724,1,False,False,-0.0019694316422571388,0,0.0,-0.0019694316422571388,0.0,time,5.0,-0.0151,0.0322
2022-08-02,23304.0,23054.0,23422.0,22729.0,35151096516.75639,440954684720.7478,-0.012072234222844458,23449.73852103419,22370.201554573796,1,False,False,-0.012072234222844458,0,0.0,-0.012072234222844458,1.0,time,5.0,0.0062,0.031
2022-08-03,23053.0,22860.0,23631.0,22774.0,41334593234.075066,437035641450.2815,-0.008450631812156268,23576.19081682735,22553.96124365904,1,False,False,-0.008450631812156268,0,0.0,-0.008450631812156268,1.0,time,5.0,0.0413,0.0297
2022-08-04,22853.0,22678.0,23212.0,22515.0,23624874220.429745,432420621055.8012,-0.007993366817016529,23554.352653461883,22622.76899492723,1,False,False,-0.007993366817016529,0,0.0,-0.007993366817016529,1.0,time,5.0,0.0229,0.0284
2022-08-05,22671.0,23225.0,23433.0,22658.0,27040190909.828075,443821669890.4801,0.023833993150254088,23527.882122769508,22644.015195941785,1,False,False,0.023833993150254088,0,0.0,0.023833993150254088,1.0,time,5.0,0.0307,0.0279
2022-08-06,23271.0,22985.0,23322.0,22985.0,14439694271.14074,439414782173.18774,-0.010387455441710868,23548.505698215606,22670.01215675343,1,False,False,-0.010387455441710868,0,0.0,-0.010387455441710868,1.0,time,5.0,0.0411,0.0268
2022-08-07,22981.0,23198.0,23341.0,22927.0,14324042469.270954,442979379284.1196,0.009224238801493269,23481.204558572485,22639.009725402746,1,False,False,0.009224238801493269,0,0.0,0.009224238801493269,1.0,time,5.0,0.051,0.0256
2022-08-08,23205.0,23824.0,24214.0,23202.0,27756736787.028625,455450642522.25543,0.02662740788196876,23471.56364685799,22642.807780322197,1,False,False,0.02662740788196876,0,0.0,0.02662740788196876,1.0,time,5.0,0.0253,0.0255
2022-08-09,23849.0,23204.0,23935.0,22961.0,29738069337.77638,443382534834.6949,-0.026368798337835255,23441.650917486393,22711.246224257757,1,False,False,-0.026368798337835255,0,0.0,-0.026368798337835255,1.0,time,5.0,0.0467,0.0259
2022-08-10,23119.0,23949.0,24206.0,22782.0,32215976525.650154,457270455537.3291,0.03160189172795371,23421.520733989117,22754.396979406207,1,False,False,0.03160189172795371,0,0.0,0.03160189172795371,1.0,time,5.0,0.0096,0.0263
2022-08-11,23956.0,23949.0,24931.0,23896.0,33892871243.716595,458070674127.7904,0.0,23580.016587191294,22843.917583524966,1,False,False,0.0,0,0.0,0.0,0.0,time,5.0,-0.0015,0.025
2022-08-12,23951.0,24411.0,24434.0,23674.0,25195193357.103275,466765701334.6809,0.019107281050858294,23651.013269753035,22867.334066819974,1,False,False,0.019107281050858294,0,0.0,0.019107281050858294,0.0,time,5.0,-0.0441,0.0242
2022-08-13,24402.0,24434.0,24883.0,24383.0,22240559959.522095,467078368768.6749,0.0009417545992382664,23762.01061580243,22850.267253455982,1,False,False,0.0009417545992382664,0,0.0,0.0009417545992382664,0.0,lower,5.0,-0.0498,0.0231
2022-08-14,24439.0,24313.0,24988.0,24239.0,21287616855.704494,464896345363.0234,-0.004964418261971876,23995.808492641943,23059.413802764786,1,False,False,-0.004964418261971876,0,0.0,-0.004964418261971876,0.0,lower,4.0,-0.0448,0.0222
2022-08-15,24366.0,24179.0,25093.0,23848.0,33404812507.80541,462437221425.1544,-0.005526698881422332,24083.446794113555,23182.33104221183,1,False,False,-0.005526698881422332,0,0.0,-0.005526698881422332,0.0,lower,4.0,-0.1435,0.0213
2022-08-16,24146.0,23913.0,24239.0,23724.0,24971300201.368164,456791042838.03827,-0.011062243724578058,24243.357435290847,23422.464833769467,1,False,False,-0.011062243724578058,0,0.0,-0.011062243724578058,0.0,lower,3.0,-0.1325,0.0207
2022-08-17,23898.0,23359.0,24439.0,23277.0,29567403252.00121,447015816173.3428,-0.023439895289345602,24392.28594823268,23585.771867015574,-1,False,True,-0.024439895289345603,1,0.001,-0.023439895289345602,0.0,lower,2.0,-0.109,0.0211
2022-08-18,23373.0,23248.0,23591.0,23134.0,20228208349.156567,444845955425.38696,-0.004763241996623151,24532.428758586146,23638.21749361246,-1,False,False,0.004763241996623151,0,0.0,0.004763241996623151,0.0,lower,1.0,-0.1043,0.0201
2022-08-19,23246.0,20946.0,23246.0,20925.0,35142410593.122185,400810425580.64777,-0.10427140947697312,24473.743006868917,23655.37399488997,-1,False,False,0.10427140947697312,0,0.0,0.10427140947697312,1.0,time,5.0,0.0212,0.0365
2022-08-20,20849.0,21175.0,21354.0,20849.0,23809679190.922188,404924875533.8922,0.01087354318716417,24466.794405495137,23579.699195911977,-1,False,False,-0.01087354318716417,0,0.0,-0.01087354318716417,1.0,time,5.0,0.0207,0.0353
2022-08-21,21157.0,21616.0,21665.0,21127.0,20476237108.351532,413578924865.8514,0.020612540679724945,24291.63552439611,23490.559356729584,-1,False,False,-0.020612540679724945,0,0.0,-0.020612540679724945,0.0,time,5.0,-0.0642,0.0348
2022-08-22,21546.0,21388.0,21553.0,20961.0,28856912427.175735,408409110509.79584,-0.010603764131357885,24082.50841951689,22977.44748538367,-1,False,False,0.010603764131357885,0,0.0,0.010603764131357885,0.0,time,5.0,-0.0636,0.0331
2022-08-23,21404.0,21562.0,21618.0,20955.0,29331102121.793316,412338357271.39594,0.008102489030441003,23536.806735613514,22551.757988306937,-1,False,False,-0.008102489030441003,0,0.0,-0.008102489030441003,0.0,lower,4.0,-0.0717,0.0318
2022-08-24,21553.0,21395.0,21800.0,21211.0,26855905243.361156,409503007623.01685,-0.007775256248145978,23162.44538849081,22266.80639064555,-1,False,False,0.007775256248145978,0,0.0,0.007775256248145978,0.0,lower,3.0,-0.0639,0.0302
2022-08-25,21393.0,21618.0,21768.0,21375.0,26767966536.315014,413843488595.5175,0.01036905112523105,22840.55631079265,22005.645112516442,-1,False,False,-0.01036905112523105,0,0.0,-0.01036905112523105,0.0,lower,1.0,-0.0643,0.0291
2022-08-26,21599.0,20271.0,21817.0,20245.0,34910727805.04114,387215087166.7839,-0.064335007755864,22596.04504863412,21795.516090013156,-1,False,False,0.064335007755864,0,0.0,0.064335007755864,0.0,time,5.0,-0.0123,0.0332
2022-08-27,20267.0,20070.0,20354.0,19882.2,24463219414.743473,383790676113.79205,-0.009965130429900448,22436.8360389073,21678.612872010526,-1,False,False,0.009965130429900448,0,0.0,0.009965130429900448,1.0,time,5.0,0.0042,0.0316
2022-08-28,20054.0,19659.25,20150.0,19659.25,19781826309.451183,376180531070.6233,-0.020678197341823495,22303.068831125842,21617.89029760842,-1,False,False,0.020678197341823495,0,0.0,0.020678197341823495,1.0,time,5.0,0.0143,0.0302
2022-08-29,19652.46,20309.0,20385.0,19617.3,28706315246.140064,389119405471.2333,0.03251617208454928,22205.855064900676,21343.31223808674,-1,False,False,-0.03251617208454928,0,0.0,-0.03251617208454928,0.0,time,5.0,-0.0246,0.0315
2022-08-30,20322.0,19805.35,20526.0,19590.92,30308993725.456158,379555151404.602,-0.025112034328272578,21835.484051920543,21051.089790469392,-1,False,False,0.025112034328272578,0,0.0,0.025112034328272578,1.0,time,5.0,0.0088,0.0305
2022-08-31,19810.93,20024.0,20426.0,19810.93,27825786159.855602,383348414528.78253,0.010979450906773127,21498.387241536435,20772.721832375515,-1,False,False,-0.010979450906773127,0,0.0,-0.010979450906773127,0.0,time,5.0,-0.012,0.0296
2022-09-01,20021.0,20154.0,20188.0,19614.8,25616737335.88055,385027707310.6654,0.006471225728737506,21275.709793229147,20541.637465900414,-1,False,False,-0.006471225728737506,0,0.0,-0.006471225728737506,0.0,lower,5.0,-0.0664,0.0284
2022-09-02,20141.0,19941.45,20428.0,19771.18,24078042298.340073,381788074511.76855,-0.010602299813891786,21125.76783458332,20351.49397272033,-1,False,False,0.010602299813891786,0,0.0,0.010602299813891786,0.0,lower,4.0,-0.0558,0.0271
2022-09-03,19963.43,19814.56,20038.0,19673.17,20048153187.39969,379422449024.2574,-0.0063834590484135,20985.814267666658,20243.381178176267,-1,False,False,0.0063834590484135,0,0.0,0.0063834590484135,0.0,time,5.0,-0.0251,0.0258
2022-09-04,19826.54,19980.01,20021.0,19649.22,21537524477.36904,382421043401.0045,0.00831525272487725,20826.251414133327,20117.664942541014,-1,False,False,-0.00831525272487725,0,0.0,-0.00831525272487725,0.0,lower,2.0,-0.0577,0.0249
2022-09-05,19991.92,19785.73,19991.92,19657.12,23522961655.00036,378685143698.17633,-0.009771302925191457,20746.601131306663,20048.367954032812,-1,False,False,0.009771302925191457,0,0.0,0.009771302925191457,0.0,lower,1.0,-0.0479,0.0237
2022-09-06,19774.58,18859.5,20089.0,18821.25,39940310406.47586,361210437263.86273,-0.047944205076382605,20604.88090504533,19973.32836322625,-1,False,False,0.047944205076382605,0,0.0,0.047944205076382605,1.0,upper,3.0,0.1245,0.026
2022-09-07,18845.69,19280.63,19479.03,18644.13,30517907004.082462,369340091982.8708,0.022084199277878604,20488.104724036268,19908.506690581,-1,False,False,-0.022084199277878604,0,0.0,-0.022084199277878604,1.0,upper,2.0,0.1024,0.0265
2022-09-08,19356.29,19322.78,19386.38,19058.51,28936941008.358917,369723445425.44885,0.0021837457753196067,20388.867779229015,19858.2293524648,-1,False,False,-0.0021837457753196067,0,0.0,-0.0021837457753196067,1.0,upper,1.0,0.1002,0.0253
2022-09-09,19315.37,21360.0,21566.0,19315.23,42487059054.97593,408976281844.7646,0.1002353033195873,20328.894223383213,19650.83348197184,1,True,False,-0.1012353033195873,1,0.001,-0.1002353033195873,0.0,time,5.0,-0.0531,0.0399
2022-09-10,21373.0,21707.0,21753.0,21182.0,35941349745.24438,415974687298.0947,0.01611477508163107,20158.92137870657,19449.492785577473,1,False,False,0.01611477508163107,0,0.0,0.01611477508163107,0.0,lower,5.0,-0.0969,0.0381
2022-09-11,21715.0,21740.0,21785.0,21414.0,31266252145.35619,416073628622.09485,0.00151909251943822,20004.413102965256,19371.29622846198,1,False,False,0.00151909251943822,0,0.0,0.00151909251943822,0.0,lower,2.0,-0.0742,0.0362
2022-09-12,21742.0,22340.0,22448.0,21578.0,44006486689.44507,427473787888.3761,0.02722491194799125,20316.730482372204,19360.082982769585,1,False,False,0.02722491194799125,0,0.0,0.02722491194799125,0.0,lower,1.0,-0.1014,0.0351
2022-09-13,22339.0,20185.0,22654.0,20071.0,46489890914.82466,386529657258.8565,-0.10143903933615048,20603.984385897766,19724.46638621567,1,False,False,-0.10143903933615048,0,0.0,-0.10143903933615048,0.0,time,5.0,-0.0378,0.0468
2022-09-14,20178.0,20256.0,20418.0,19801.17,35789015870.392235,387486232249.80023,0.0035112916568615453,20840.187508718212,20062.373108972537,1,False,False,0.0035112916568615453,0,0.0,0.0035112916568615453,0.0,time,5.0,-0.0344,0.0446
2022-09-15,20239.0,19702.17,20338.0,19620.13,33715957206.68328,377719382182.44714,-0.027722263999876335,21161.750006974573,20365.498487178033,-1,False,True,-0.028722263999876336,1,0.001,-0.027722263999876335,0.0,time,5.0,-0.0432,0.0431
2022-09-16,19706.12,19764.41,19879.28,19414.75,30187737709.58007,377988702161.6817,0.0031540635949485196,21460.20000557966,20306.598789742427,-1,False,False,-0.0031540635949485196,0,0.0,-0.0031540635949485196,0.0,time,5.0,-0.064,0.041
2022-09-17,19763.99,20132.0,20189.0,19763.99,23394494073.784782,385486747327.04944,0.01842774335727571,21251.76000446373,20205.513031793944,-1,False,False,-0.01842774335727571,0,0.0,-0.01842774335727571,0.0,lower,4.0,-0.0824,0.0396
2022-09-18,20130.0,19437.16,20130.0,19361.11,28689764413.699097,372598380208.27094,-0.03512389108906156,21069.008003570983,20088.436425435157,-1,False,False,0.03512389108906156,0,0.0,0.03512389108906156,0.0,time,5.0,-0.0075,0.039
2022-09-19,19440.93,19570.39,19612.26,18421.2,39507938864.87854,374524246937.4287,0.006831011846295266,20831.062402856787,19953.699140348126,-1,False,False,-0.006831011846295266,0,0.0,-0.006831011846295266,0.0,time,5.0,-0.0327,0.0373
2022-09-20,19546.41,18869.93,19601.4,18830.92,33890591849.676514,361980678159.1343,-0.03644805988971381,20702.649922285433,19915.757312278503,-1,False,False,0.03644805988971381,0,0.0,0.03644805988971381,0.0,time,5.0,-0.0032,0.0368
2022-09-21,18874.85,18539.64,19721.93,18262.09,41059997264.96848,355194467885.9514,-0.017658507308174146,20588.119937828345,19804.827849822803,-1,False,False,0.017658507308174146,0,0.0,0.017658507308174146,1.0,time,5.0,0.036,0.0351
2022-09-22,18527.8,19464.32,19464.32,18422.41,37660914389.8923,372075639498.16974,0.04867190348091941,20392.94795026268,19528.10227985824,-1,False,False,-0.04867190348091941,0,0.0,-0.04867190348091941,0.0,time,5.0,-0.018,0.0375
2022-09-23,19447.84,19291.9,19475.03,18641.21,35506139423.901344,370913140447.51636,-0.008897727256836987,20234.638360210145,19388.665823886593,-1,False,False,0.008897727256836987,0,0.0,0.008897727256836987,1.0,time,5.0,0.0079,0.0357
2022-09-24,19309.22,18939.97,19316.53,18874.73,24644354421.61794,363168779956.3335,-0.0184108148901775,20132.096688168116,19163.350659109274,-1,False,False,0.0184108148901775,0,0.0,0.0184108148901775,1.0,time,5.0,0.0324,0.0343
2022-09-25,18936.7,18809.41,19142.43,18747.85,21516374222.675316,360256894978.40894,-0.006917227280881889,19998.541350534495,19015.16252728742,-1,False,False,0.006917227280881889,0,0.0,0.006917227280881889,1.0,time,5.0,0.0349,0.0326
2022-09-26,18787.31,19219.73,19274.62,18708.63,42560193944.41844,367613056759.2221,0.021580079050186395,19893.839080427595,18940.372021829935,-1,False,False,-0.021580079050186395,0,0.0,-0.021580079050186395,1.0,time,5.0,0.0049,0.032
2022-09-27,19200.81,19116.33,20339.0,18902.66,52482615483.86207,366383164263.7157,-0.0053944119840236854,19778.377264342078,18927.243617463948,-1,False,False,0.0053944119840236854,0,0.0,0.0053944119840236854,0.0,time,5.0,-0.0027,0.0305
2022-09-28,19114.9,19444.79,19704.08,18482.46,47494258189.70422,372892084645.0075,0.017036224265311,19651.187811473665,18891.36489397116,-1,False,False,-0.017036224265311,0,0.0,-0.017036224265311,1.0,time,5.0,0.009,0.0296
2022-09-29,19443.69,19563.77,19625.8,18963.35,37537716230.48356,374830625219.6003,0.0061002184629911195,19575.87424917893,18854.81791517693,-1,False,False,-0.0061002184629911195,0,0.0,-0.0061002184629911195,1.0,time,5.0,0.0392,0.0282
2022-09-30,19563.78,19476.93,20184.0,19251.33,37848666330.67224,373222100680.7475,-0.004448698062289074,19728.499399343145,18864.386332141545,-1,False,False,0.004448698062289074,0,0.0,0.004448698062289074,1.0,time,5.0,0.0346,0.0269
2022-10-01,19467.93,19314.46,19488.42,19238.33,15943514602.722155,370204708063.3375,-0.008376650077181814,19723.61551947452,18788.001065713237,-1,False,False,0.008376650077181814,0,0.0,0.008376650077181814,1.0,upper,3.0,0.052,0.0257
2022-10-02,19316.66,19065.15,19377.21,18928.73,17859684587.64641,366195863790.6755,-0.012991977082286672,19704.052415579616,18823.070852570592,-1,False,False,0.012991977082286672,0,0.0,0.012991977082286672,1.0,upper,2.0,0.065,0.0247
2022-10-03,19077.04,19620.57,19646.91,19056.01,26634227151.925247,375767908259.0832,0.028716444603794133,19800.041932463693,18908.722682056476,-1,False,False,-0.028716444603794133,0,0.0,-0.028716444603794133,0.0,time,5.0,-0.0104,0.0253
2022-10-04,19619.67,20345.0,20383.0,19521.07,30974520027.944332,390177741507.47705,0.03625667575066952,19737.717545970954,18974.644145645183,1,True,False,-0.03725667575066952,1,0.001,-0.03625667575066952,0.0,time,5.0,-0.0451,0.0263
2022-10-05,20344.0,20162.0,20346.0,19785.21,29366342083.101757,386368899196.38165,-0.009035536821903459,19665.616036776762,18965.461316516146,1,False,False,-0.009035536821903459,0,0.0,-0.009035536821903459,0.0,lower,5.0,-0.0519,0.0254
2022-10-06,20157.0,19949.05,20421.0,19886.08,31354758329.142307,382505641462.15643,-0.01061812147731923,19661.87482942141,18983.571053212916,1,False,False,-0.01061812147731923,0,0.0,-0.01061812147731923,0.0,time,5.0,-0.0457,0.0245
2022-10-07,19952.43,19457.31,20044.0,19373.8,25445042398.337975,373170861484.13965,-0.024958688222858277,19806.09986353713,19091.070842570334,1,False,False,-0.024958688222858277,0,0.0,-0.024958688222858277,0.0,time,5.0,-0.0158,0.0246
2022-10-08,19494.51,19418.04,19533.5,19280.34,12996183216.30484,372391945609.07526,-0.002020304041359245,19914.079890829704,19229.89867405627,1,False,False,-0.002020304041359245,0,0.0,-0.002020304041359245,0.0,time,5.0,-0.0018,0.0234
2022-10-09,19419.4,19448.15,19559.84,19357.56,14404623229.04686,372264710552.3351,0.0015494189692250887,20015.463912663763,19361.134939245017,1,False,False,0.0015494189692250887,0,0.0,0.0015494189692250887,0.0,time,5.0,-0.0129,0.0223
2022-10-10,19448.94,19142.69,19517.27,19094.26,23743487600.53748,367207056773.2261,-0.01583103034524213,20021.17113013101,19363.667951396015,-1,False,True,-0.01683103034524213,1,0.001,-0.01583103034524213,0.0,time,5.0,-0.0037,0.0216
2022-10-11,19137.01,19058.63,19228.69,18969.08,25102717820.99086,365118514776.26794,-0.004400902150625745,19923.63690410481,19347.002361116814,-1,False,False,0.004400902150625745,0,0.0,0.004400902150625745,1.0,time,5.0,0.0112,0.0206
2022-10-12,19060.7,19153.04,19211.19,19033.02,22339104401.384174,367301644901.367,0.00494143240044752,19850.87752328385,19349.113888893455,-1,False,False,-0.00494143240044752,0,0.0,-0.00494143240044752,1.0,time,5.0,0.0209,0.0197
2022-10-13,19152.89,19383.94,19478.17,18317.03,37194496437.923996,371647189087.47595,0.01198343840905636,19784.15601862708,19298.143111114765,-1,False,False,-0.01198343840905636,0,0.0,-0.01198343840905636,0.0,time,5.0,-0.0019,0.0192
2022-10-14,19381.6,19198.11,19880.56,19115.85,34806651159.13548,367584653730.75476,-0.009633051484626832,19673.062814901663,19232.330488891814,-1,False,False,0.009633051484626832,0,0.0,0.009633051484626832,0.0,time,5.0,-0.0033,0.0185
2022-10-15,19194.64,19072.78,19207.45,19030.3,13103099352.405506,365870425566.52997,-0.006549648990787397,19580.688251921332,19192.468391113453,-1,False,False,0.006549648990787397,0,0.0,0.006549648990787397,0.0,time,5.0,-0.0022,0.0176
2022-10-16,19077.79,19272.92,19342.2,19077.79,15683330320.159586,369552982160.53754,0.010438814125982326,19560.18460153707,19017.38071289076,-1,False,False,-0.010438814125982326,0,0.0,-0.010438814125982326,0.0,time,5.0,-0.0052,0.0172
2022-10-17,19274.21,19557.9,19614.89,19161.27,23713928577.519844,375052275829.7958,0.014678295056130813,19624.259681229658,19037.07457031261,-1,False,False,-0.014678295056130813,0,0.0,-0.014678295056130813,0.0,time,5.0,-0.0183,0.017
2022-10-18,19563.59,19348.03,19669.88,19092.9,25848175158.687187,371196833238.99286,-0.010788691372378223,19540.897744983726,19035.719656250087,-1,False,False,0.010788691372378223,0,0.0,0.010788691372378223,1.0,time,5.0,0.0117,0.0165
2022-10-19,19330.46,19134.24,19335.22,19099.34,23047051893.294765,367085331987.69183,-0.0111112052131189,19501.158195986984,19044.133725000072,-1,False,False,0.0111112052131189,0,0.0,0.0111112052131189,1.0,time,5.0,0.0095,0.0161
2022-10-20,19130.74,19031.16,19324.57,18951.94,25712511231.935688,365098952754.63934,-0.005401764459326958,19523.90455678959,19067.56098000006,-1,False,False,0.005401764459326958,0,0.0,0.005401764459326958,1.0,upper,5.0,0.0544,0.0153
2022-10-21,19068.87,19173.28,19238.22,18730.04,30297335038.197,367999082249.1525,0.007440007264695348,19553.099645431674,19072.628784000048,-1,False,False,-0.007440007264695348,0,0.0,-0.007440007264695348,1.0,upper,4.0,0.047,0.0148
2022-10-22,19171.05,19203.87,19237.19,19120.99,13362526957.65784,368484939423.55475,0.001594178123099981,19509.52371634534,19077.97102720004,-1,False,False,-0.001594178123099981,0,0.0,-0.001594178123099981,1.0,upper,3.0,0.0454,0.0141
2022-10-23,19207.76,19574.82,19634.72,19125.34,19928822961.41621,375197423662.3941,0.01913222520954566,19472.53297307627,19052.764821760033,1,True,False,-0.020132225209545662,1,0.001,-0.01913222520954566,1.0,upper,3.0,0.0595,0.0147
2022-10-24,19560.98,19316.94,19564.11,19201.35,28657172008.9177,370622833880.7626,-0.01326161528532925,19425.670378461018,18988.21985740803,1,False,False,-0.01326161528532925,0,0.0,-0.01326161528532925,1.0,upper,1.0,0.0395,0.0146
2022-10-25,19321.01,20095.0,20353.0,19255.73,39846253138.59686,385476931983.84595,0.039488596754203686,19387.974302768816,19014.773885926425,1,False,False,0.039488596754203686,0,0.0,0.039488596754203686,1.0,time,5.0,0.026,0.0183
2022-10-26,20096.0,20774.0,20955.0,20085.0,50667020407.51415,398674628646.93066,0.033231176904455276,19437.323442215053,19036.88710874114,1,False,False,0.033231176904455276,0,0.0,0.033231176904455276,0.0,time,5.0,-0.0135,0.0196
2022-10-27,20781.0,20278.0,20876.0,20261.0,41829789298.17936,389238872375.6226,-0.024165650275231577,19462.68075377204,19069.77968699291,1,False,False,-0.024165650275231577,0,0.0,-0.024165650275231577,1.0,time,5.0,0.0104,0.0208
2022-10-28,20282.0,20591.0,20716.0,20095.0,36165609164.5681,395201306734.5831,0.015317532595621583,19640.744603017636,19106.96974959433,1,False,False,0.015317532595621583,0,0.0,0.015317532595621583,0.0,time,5.0,-0.021,0.0201
2022-10-29,20585.0,20801.0,20946.0,20575.0,32806216910.570454,399135164712.3964,0.010146975348681435,19903.59568241411,19302.575799675466,1,False,False,0.010146975348681435,0,0.0,0.010146975348681435,0.0,time,5.0,-0.0288,0.0192
2022-10-30,20818.0,20624.0,20908.0,20542.0,24707906148.749344,395548335410.141,-0.008545616277859401,20098.07654593129,19494.260639740372,1,False,False,-0.008545616277859401,0,0.0,-0.008545616277859401,1.0,time,5.0,0.0252,0.0187
2022-10-31,20624.0,20495.0,20800.0,20262.0,37290619694.72375,393311097043.5727,-0.006274492240530732,20221.661236745033,19614.4085117923,1,False,False,-0.006274492240530732,0,0.0,-0.006274492240530732,1.0,upper,5.0,0.0377,0.0181
2022-11-01,20493.0,20490.0,20645.0,20285.0,32262771910.727066,393218202887.5868,-0.0002439917054925371,20366.528989396025,19806.52680943384,1,False,False,-0.0002439917054925371,0,0.0,-0.0002439917054925371,1.0,upper,4.0,0.038,0.0172
2022-11-02,20489.0,20163.0,20705.0,20065.0,44539856162.44828,387015867490.0914,-0.01608772059486986,20474.82319151682,19953.621447547073,1,False,False,-0.01608772059486986,0,0.0,-0.01608772059486986,1.0,upper,2.0,0.0478,0.0173
2022-11-03,20161.0,20211.0,20388.0,20091.0,36562782563.979164,387756249891.6283,0.002377768990693913,20539.858553213457,20015.297158037658,1,False,False,0.002377768990693913,0,0.0,0.002377768990693913,1.0,upper,1.0,0.0454,0.0165
2022-11-04,20206.0,21150.0,21241.0,20206.0,33773463079.332672,405987599945.2726,0.04541289484565445,20560.886842570766,20069.23772643013,1,False,False,0.04541289484565445,0,0.0,0.04541289484565445,0.0,lower,4.0,-0.1305,0.0206
2022-11-05,21147.0,21283.0,21454.0,21124.0,31061573100.604958,408892506459.0742,0.006268726488379846,20589.709474056614,20068.390181144103,1,False,False,0.006268726488379846,0,0.0,0.006268726488379846,0.0,lower,3.0,-0.1368,0.0196
2022-11-06,21280.0,20907.0,21337.0,20907.0,50602704770.812515,401869336200.07385,-0.017824600856175276,20549.367579245292,20072.912144915284,1,False,False,-0.017824600856175276,0,0.0,-0.017824600856175276,0.0,lower,2.0,-0.1189,0.0199
2022-11-07,20922.0,20598.0,21017.0,20433.0,91750982446.38734,395168506455.3059,-0.014890047420881423,20687.694063396233,20099.52971593223,1,False,False,-0.014890047420881423,0,0.0,-0.014890047420881423,0.0,lower,1.0,-0.1041,0.0197
2022-11-08,20600.0,18562.35,20671.0,17579.02,92144963385.0274,356871594631.61395,-0.10405864798142236,20840.955250716986,20304.423772745784,-1,False,True,-0.10505864798142237,1,0.001,-0.10405864798142236,0.0,lower,1.0,-0.1648,0.0369
2022-11-09,18579.39,15742.44,18749.92,15663.49,74978675390.59279,301963847693.52637,-0.16477508568742277,20940.164200573592,20424.93901819663,-1,False,False,0.16477508568742277,0,0.0,0.16477508568742277,1.0,time,5.0,0.0558,0.0587
2022-11-10,15920.79,17594.92,18106.79,15835.92,65200666543.364624,336597208099.6668,0.11124997398221241,20955.531360458874,20426.551214557305,-1,False,False,-0.11124997398221241,0,0.0,-0.11124997398221241,0.0,time,5.0,-0.0409,0.069
2022-11-11,17602.79,17080.22,17624.47,16569.89,45030331310.74984,325921112619.09045,-0.029689155177446132,20898.6250883671,19857.044971645846,-1,False,False,0.029689155177446132,0,0.0,0.029689155177446132,0.0,time,5.0,-0.0231,0.0659
2022-11-12,17088.94,16797.99,17101.87,16640.26,21893997140.860477,322330608513.1628,-0.01666183244523814,20468.88407069368,19018.333977316677,-1,False,False,0.01666183244523814,0,0.0,0.01666183244523814,0.0,time,5.0,-0.0048,0.0627
2022-11-13,16794.65,16344.34,16915.46,16312.86,20411619109.007805,313605586517.2854,-0.02737757635427889,19996.465256554944,18381.851181853344,-1,False,False,0.02737757635427889,0,0.0,0.02737757635427889,1.0,time,5.0,0.0219,0.0598
2022-11-14,16335.29,16645.83,17176.32,15906.19,37539226046.106285,320598982524.9025,0.01827807456803692,19522.066205243955,18019.458945482675,-1,False,False,-0.01827807456803692,0,0.0,-0.01827807456803692,1.0,time,5.0,0.004,0.0577
2022-11-15,16632.61,16890.53,17171.27,16573.54,28676275678.9418,324608360619.00433,0.01459337523383673,19038.026964195164,17743.61915638614,-1,False,False,-0.01459337523383673,0,0.0,-0.01459337523383673,0.0,time,5.0,-0.0353,0.0554
2022-11-16,16901.94,16689.4,16997.06,16437.01,26922027947.408913,320099234744.2721,-0.011979322484809997,18613.513571356132,17457.46732510891,-1,False,False,0.011979322484809997,0,0.0,0.011979322484809997,0.0,time,5.0,-0.0539,0.0527
2022-11-17,16677.87,16718.36,16732.97,16417.31,22011291267.356167,321287480849.7667,0.0017337293643175822,18326.074857084906,17147.21186008713,-1,False,False,-0.0017337293643175822,0,0.0,-0.0017337293643175822,0.0,time,5.0,-0.0332,0.0503
2022-11-18,16711.92,16707.02,16994.52,16581.98,20942172141.414623,320876918352.4405,-0.00067852634345979,18095.113885667924,17032.477488069704,-1,False,False,0.00067852634345979,0,0.0,0.00067852634345979,0.0,time,5.0,-0.0059,0.0479
2022-11-19,16705.26,16712.73,16794.94,16558.64,10844466289.901127,321151208473.7581,0.00034171410950487155,17875.50310853434,16913.383990455764,-1,False,False,-0.00034171410950487155,0,0.0,-0.00034171410950487155,0.0,time,5.0,-0.007,0.0456
2022-11-20,16711.87,16304.08,16746.26,16254.32,15680401749.958439,313370674122.3842,-0.024755321247764955,17646.996486827473,16814.169192364614,-1,False,False,0.024755321247764955,0,0.0,0.024755321247764955,1.0,time,5.0,0.0134,0.0437
2022-11-21,16298.41,15814.34,16299.24,15649.4,31057277097.34788,303834128504.1595,-0.030498259885295455,17516.50118946198,16767.731353891693,-1,False,False,0.030498259885295455,0,0.0,0.030498259885295455,1.0,time,5.0,0.0398,0.0421
2022-11-22,15794.33,16171.63,16269.92,15686.55,25091849198.571053,311463297390.4882,0.022341349112204898,17372.188951569584,16725.913083113355,-1,False,False,-0.022341349112204898,0,0.0,-0.022341349112204898,1.0,time,5.0,0.0176,0.0412
2022-11-23,16225.09,16608.01,16632.65,16191.07,26858079944.170044,319494112507.07404,0.026626636636172478,17247.003161255667,16631.594466490686,-1,False,False,-0.026626636636172478,0,0.0,-0.026626636636172478,0.0,time,5.0,-0.0235,0.0405
2022-11-24,16633.46,16596.04,16769.37,16484.24,20949512927.386944,318949911014.53784,-0.0007209964157103201,17057.450529004534,16435.15557319255,-1,False,False,0.0007209964157103201,0,0.0,0.0007209964157103201,0.0,time,5.0,-0.0093,0.0386
2022-11-25,16605.8,16524.45,16613.15,16400.96,18933018587.76629,317919884011.3825,-0.0043230104078748775,16899.94442320363,16285.434458554042,-1,False,False,0.0043230104078748775,0,0.0,0.0043230104078748775,1.0,time,5.0,0.0393,0.0367
2022-11-26,16521.13,16456.16,16670.75,16423.19,18243019109.753235,316206865319.883,-0.00414122707835962,16846.485538562905,16266.561566843235,-1,False,False,0.00414122707835962,0,0.0,0.00414122707835962,1.0,time,5.0,0.0309,0.0349
2022-11-27,16465.29,16459.15,16600.08,16431.98,16551822516.185429,316487666895.4407,0.00018167837448451586,16831.062430850325,16310.097253474589,-1,False,False,-0.00018167837448451586,0,0.0,-0.00018167837448451586,1.0,time,5.0,0.0373,0.0332
2022-11-28,16456.69,16222.21,16482.04,16065.43,24566056814.212288,311810991501.448,-0.014500262628121183,16787.47994468026,16328.269802779672,-1,False,False,0.014500262628121183,0,0.0,0.014500262628121183,1.0,time,5.0,0.0423,0.0318
2022-11-29,16222.5,16441.98,16541.11,16157.9,24663035431.352062,316170903326.0224,0.013456529384994123,16764.133955744208,16347.253842223738,-1,False,False,-0.013456529384994123,0,0.0,-0.013456529384994123,1.0,time,5.0,0.0422,0.0307
2022-11-30,16446.88,17186.5,17227.39,16442.29,30676053555.32337,330763402606.7043,0.04428637158381067,16731.323164595367,16364.199073778991,1,True,False,-0.04528637158381067,1,0.001,-0.04428637158381067,0.0,time,5.0,-0.0125,0.0325
2022-12-01,17224.41,16972.73,17249.92,16901.02,23319572025.36399,326141917292.63745,-0.012516253481095285,16681.466531676295,16304.445259023194,1,False,False,-0.012516253481095285,0,0.0,-0.012516253481095285,1.0,time,5.0,0.0066,0.0312
2022-12-02,16978.82,17084.87,17128.66,16867.76,20945433171.615204,328178365692.1309,0.006585338089666317,16653.395225341035,16275.136207218557,1,False,False,0.006585338089666317,0,0.0,0.006585338089666317,0.0,time,5.0,-0.0138,0.0297
2022-12-03,17146.57,16923.38,17149.34,16880.81,16931408153.950111,326498242602.6305,-0.009497178703183513,16768.19418027283,16308.566965774846,1,False,False,-0.009497178703183513,0,0.0,-0.009497178703183513,1.0,time,5.0,0.0182,0.0284
2022-12-04,16914.49,17149.93,17190.71,16914.49,18214353301.13762,329544949093.6664,0.01329799414959786,16864.539344218265,16427.057572619877,1,False,False,0.01329799414959786,0,0.0,0.01329799414959786,0.0,time,5.0,-0.0,0.0273
2022-12-05,17133.31,16973.37,17414.42,16906.82,23204017213.929634,326635737516.3175,-0.010348446700828613,16917.363475374612,16515.198058095903,1,False,False,-0.010348446700828613,0,0.0,-0.010348446700828613,1.0,time,5.0,0.0089,0.0262
2022-12-06,16973.12,17085.64,17085.64,16928.86,21026126511.19885,328108161816.87274,0.006592699355541853,16963.75878029969,16588.320446476722,1,False,False,0.006592699355541853,0,0.0,0.006592699355541853,1.0,time,5.0,0.0009,0.025
2022-12-07,17076.34,16851.3,17114.69,16750.0,21192130005.603653,324178677956.7833,-0.013810539468008221,17009.149024239752,16653.55435718138,1,False,False,-0.013810539468008221,0,0.0,-0.013810539468008221,1.0,time,5.0,0.0193,0.0242
2022-12-08,16849.19,17235.01,17291.85,16799.07,22674029585.253864,331389860355.59094,0.022514975025668574,17090.203219391802,16704.207485745104,1,False,False,0.022514975025668574,0,0.0,0.022514975025668574,1.0,time,5.0,0.0314,0.0241
2022-12-09,17226.04,17149.82,17309.57,17085.83,23179829829.170135,329756788298.6587,-0.004955102253292429,17089.29057551344,16749.137988596085,1,False,False,-0.004955102253292429,0,0.0,-0.004955102253292429,1.0,time,5.0,0.0377,0.023
2022-12-10,17138.35,17125.36,17227.56,17107.75,14234368489.844261,329283186564.5152,-0.0014272721049050062,17094.370460410755,16749.310390876868,1,False,False,-0.0014272721049050062,0,0.0,-0.0014272721049050062,1.0,time,5.0,0.0124,0.0219
2022-12-11,17121.26,17101.04,17256.59,17098.26,15681124918.738192,328868814164.99066,-0.0014211254524606812,17133.866368328603,16759.262312701496,1,False,False,-0.0014211254524606812,0,0.0,-0.0014211254524606812,0.0,time,5.0,-0.0283,0.0208
2022-12-12,17030.47,17179.6,17208.04,16869.54,21633829199.489113,330715694645.24335,0.004583353025299094,17169.007094662884,16824.575850161196,1,False,False,0.004583353025299094,0,0.0,0.004583353025299094,0.0,time,5.0,-0.022,0.0198
2022-12-13,17213.99,17784.16,17942.24,17123.75,28941242217.591747,342102502914.68976,0.03458554007454561,17180.71767573031,16881.21068012896,1,False,False,0.03458554007454561,0,0.0,0.03458554007454561,0.0,lower,3.0,-0.0675,0.0214
2022-12-14,17777.46,17808.72,18323.21,17659.08,27267536668.811485,342692750075.4062,0.0013800515101876683,17195.89214058425,16924.620544103167,1,False,False,0.0013800515101876683,0,0.0,0.0013800515101876683,0.0,lower,2.0,-0.0689,0.0204
2022-12-15,17819.98,17338.36,17849.89,17302.46,22754686787.817104,333854506370.7365,-0.026766837111268177,17198.3217124674,16913.604435282534,1,False,False,-0.026766837111268177,0,0.0,-0.026766837111268177,0.0,lower,4.0,-0.0543,0.0215
2022-12-16,17339.04,16623.76,17516.95,16562.31,22250411214.773224,318992400741.96515,-0.04208839057740204,17347.10536997392,16955.63354822603,-1,False,True,-0.04308839057740204,1,0.001,-0.04208839057740204,1.0,time,5.0,0.0115,0.0242
2022-12-17,16650.25,16806.49,16806.49,16600.36,15086383815.776106,323096167353.6004,0.01093212404066655,17542.326295979135,17096.322838580825,-1,False,False,-0.01093212404066655,0,0.0,-0.01093212404066655,1.0,time,5.0,0.0011,0.0234
2022-12-18,16783.53,16742.82,16824.07,16685.01,11134054723.147482,322740705484.67255,-0.0037956116796061252,17603.83903678331,17137.55027086466,-1,False,False,0.0037956116796061252,0,0.0,0.0037956116796061252,1.0,time,5.0,0.0029,0.0223
2022-12-19,16752.11,16422.56,16801.16,16382.07,17719672544.8918,316270478163.65466,-0.019313510353158668,17586.461229426648,17022.50221669173,-1,False,False,0.019313510353158668,0,0.0,0.019313510353158668,1.0,time,5.0,0.0256,0.0218
2022-12-20,16454.22,16899.33,17026.84,16423.49,24938219697.886032,325120443529.51874,0.028617976870785593,17430.46698354132,16938.073773353386,-1,False,False,-0.028617976870785593,0,0.0,-0.028617976870785593,0.0,time,5.0,-0.0034,0.0229
2022-12-21,16916.07,16816.85,16937.02,16751.23,16062767787.358068,323127932459.19025,-0.004892616217595443,17309.187586833057,16887.46101868271,-1,False,False,0.004892616217595443,0,0.0,0.004892616217595443,1.0,time,5.0,0.0049,0.0218
2022-12-22,16822.64,16824.79,16882.23,16599.91,17847826941.681046,323519254392.6745,0.00047203407131364355,17207.582069466447,16786.382814946166,-1,False,False,-0.00047203407131364355,0,0.0,-0.00047203407131364355,0.0,time,5.0,-0.0073,0.0208
2022-12-23,16830.39,16791.46,16914.54,16782.06,16765392449.950893,323013370317.24255,-0.0019829701957598585,17171.43365557316,16713.804251956935,-1,False,False,0.0019829701957598585,0,0.0,0.0019829701957598585,0.0,time,5.0,-0.0152,0.0198
2022-12-24,16793.8,16848.57,16865.73,16793.8,10169853734.117493,324072643385.91296,0.0033953628974761267,17124.55092445853,16721.289401565547,-1,False,False,-0.0033953628974761267,0,0.0,-0.0033953628974761267,0.0,time,5.0,-0.0122,0.0188
2022-12-25,16844.14,16842.18,16868.7,16715.0,12574453968.75801,323868581953.1157,-0.00037933261067935644,17076.086739566825,16697.01352125244,-1,False,False,0.00037933261067935644,0,0.0,0.00037933261067935644,0.0,time,5.0,-0.0142,0.0179
2022-12-26,16842.72,16900.08,16919.55,16813.52,12574997282.039291,325036912914.6697,0.0034319015281483374,17043.77739165346,16714.022817001955,-1,False,False,-0.0034319015281483374,0,0.0,-0.0034319015281483374,0.0,time,5.0,-0.0215,0.0171
2022-12-27,16895.75,16701.84,16961.42,16642.16,17436062121.5136,321351469136.8621,-0.011799462651537253,17008.16791332277,16729.978253601566,-1,False,False,0.011799462651537253,0,0.0,0.011799462651537253,0.0,time,5.0,-0.0052,0.0166
2022-12-28,16699.69,16538.91,16795.7,16492.51,19113614755.874695,318288869204.81464,-0.009803106416541058,16980.274330658216,16726.982602881253,-1,False,False,0.009803106416541058,0,0.0,0.009803106416541058,1.0,time,5.0,0.0082,0.016
2022-12-29,16541.38,16644.38,16671.55,16511.43,15683731676.998154,320297298175.87695,0.006356835332742565,16968.129464526573,16744.290082305004,-1,False,False,-0.006356835332742565,0,0.0,-0.006356835332742565,1.0,time,5.0,0.002,0.0155
2022-12-30,16646.17,16604.02,16646.66,16421.76,17497327983.349342,319722045805.09534,-0.0024277871912027175,16966.78757162126,16723.864065844005,-1,False,False,0.0024277871912027175,0,0.0,0.0024277871912027175,1.0,time,5.0,0.015,0.0147
2022-12-31,16609.13,16540.69,16634.52,16507.59,12013247678.029587,318278329991.7019,-0.003821428944105957,16932.57005729701,16677.593252675204,-1,False,False,0.003821428944105957,0,0.0,0.003821428944105957,1.0,time,5.0,0.0175,0.014
2023-01-01,16542.46,16615.97,16621.71,16512.1,9799252684.089952,319832024054.6308,0.004540875308505646,16880.366045837607,16644.360602140165,-1,False,False,-0.004540875308505646,0,0.0,-0.004540875308505646,1.0,time,5.0,0.0205,0.0134
2023-01-02,16619.07,16674.34,16759.71,16554.8,13023861027.769472,321486454934.26776,0.003506729724979496,16833.624836670086,16599.840481712134,-1,False,False,-0.003506729724979496,0,0.0,-0.003506729724979496,1.0,time,5.0,0.0164,0.0129
2023-01-03,16671.68,16677.65,16759.22,16625.15,15367167883.495031,321080820418.18396,0.00019848890641122708,16793.80386933607,16581.39038536971,-1,False,False,-0.00019848890641122708,0,0.0,-0.00019848890641122708,1.0,time,5.0,0.0235,0.0122
2023-01-04,16676.36,16855.17,16972.97,16658.53,20836560771.723633,324397588037.39484,0.010587934948158873,16759.385095468857,16567.53230829577,1,True,False,-0.011587934948158872,1,0.001,-0.010587934948158873,1.0,time,5.0,0.02,0.0121
2023-01-05,16859.82,16832.1,16872.54,16781.94,14919039445.106901,324138957221.0557,-0.001369657060755164,16759.450076375088,16564.985846636617,1,False,False,-0.001369657060755164,0,0.0,-0.001369657060755164,1.0,upper,5.0,0.0353,0.0115
2023-01-06,16831.56,16960.23,17021.29,16710.14,19046576249.728558,326571439011.6566,0.007583413990267725,16759.40406110007,16577.018677309294,1,False,False,0.007583413990267725,0,0.0,0.007583413990267725,1.0,upper,4.0,0.0277,0.0112
2023-01-07,16957.16,16950.86,16987.41,16914.33,9594456673.448975,326371741274.41095,-0.0005526215900731804,16802.11724888006,16593.320941847436,1,False,False,-0.0005526215900731804,0,0.0,-0.0005526215900731804,1.0,upper,3.0,0.0283,0.0107
2023-01-08,16952.25,17074.62,17074.62,16923.76,11841041542.993702,328470896861.37854,0.007274580448309574,16816.20179910405,16631.04475347795,1,False,False,0.007274580448309574,0,0.0,0.007274580448309574,1.0,upper,2.0,0.021,0.0103
2023-01-09,17144.93,17194.91,17390.34,17119.13,25532751567.198166,331158152699.25574,0.007020259340063204,16857.21943928324,16646.86380278236,1,False,False,0.007020259340063204,0,0.0,0.007020259340063204,1.0,upper,2.0,0.0456,0.0099
2023-01-10,17191.95,17436.9,17489.9,17180.42,21858206845.29233,335743942932.3494,0.01397524059658704,16883.25755142659,16700.35704222589,1,False,False,0.01397524059658704,0,0.0,0.01397524059658704,1.0,upper,1.0,0.0316,0.0101
2023-01-11,17440.38,17996.83,17996.83,17339.76,25439279072.98185,345688973386.69006,0.03160698088822655,16921.530041141275,16745.03763378071,1,False,False,0.03160698088822655,0,0.0,0.03160698088822655,1.0,upper,1.0,0.0472,0.0129
2023-01-12,17987.02,18866.81,18989.18,17912.99,48025109150.17737,363381125082.7658,0.04720866240964302,17015.29203291302,16819.85610702457,1,False,False,0.04720866240964302,0,0.0,0.04720866240964302,1.0,upper,1.0,0.0554,0.0175
2023-01-13,18865.26,19941.78,19980.93,18769.89,39514419053.17687,382675302196.4898,0.055412734667655054,17110.213626330416,16891.968885619655,1,False,False,0.055412734667655054,0,0.0,0.055412734667655054,1.0,upper,1.0,0.0526,0.0216
2023-01-14,19935.7,21019.0,21095.0,19935.7,49498711311.53301,405209898132.0056,0.052609762224873756,17287.536901064334,16981.527108495724,1,False,False,0.052609762224873756,0,0.0,0.052609762224873756,1.0,time,2.0,0.0074,0.0236
2023-01-15,20923.0,20853.0,21094.0,20586.0,23072133987.553684,401697403586.5178,-0.007928967791384372,17627.86552085147,17167.81968679658,1,False,False,-0.007928967791384372,0,0.0,-0.007928967791384372,1.0,time,1.0,0.0153,0.0237
2023-01-16,20906.0,21175.0,21446.0,20512.0,34809391745.54498,407760358639.0028,0.01532341775165955,18098.478416681177,17488.233749437266,1,False,False,0.01532341775165955,0,0.0,0.01532341775165955,,,,,
