timestamp,bitcoin_open,bitcoin_close,bitcoin_high,bitcoin_low,bitcoin_total_volume,bitcoin_market_cap,barrier_touched,return_at_barrier,bitcoin_log_return_1,bitcoin_close_topo_window_start_idx,bitcoin_close_topo_window_end_idx,bitcoin_close_topo_tau_used,bitcoin_close_topo_num_holes_0,bitcoin_close_topo_betti_0,bitcoin_close_topo_max_hole_lifetime_0,bitcoin_close_topo_avg_hole_lifetime_0,bitcoin_close_topo_num_relevant_holes_0,bitcoin_close_topo_l1_norm_0,bitcoin_close_topo_l2_norm_0,bitcoin_close_topo_l3_norm_0,bitcoin_close_topo_persistence_entropy_0,bitcoin_close_topo_std_persistence_0,bitcoin_close_topo_wasserstein_0,bitcoin_close_topo_num_holes_1,bitcoin_close_topo_betti_1,bitcoin_close_topo_max_hole_lifetime_1,bitcoin_close_topo_avg_hole_lifetime_1,bitcoin_close_topo_num_relevant_holes_1,bitcoin_close_topo_l1_norm_1,bitcoin_close_topo_l2_norm_1,bitcoin_close_topo_l3_norm_1,bitcoin_close_topo_persistence_entropy_1,bitcoin_close_topo_std_persistence_1,bitcoin_close_topo_wasserstein_1,bitcoin_close_topo_num_holes_0_ma5,bitcoin_close_topo_num_holes_0_ma10,bitcoin_close_topo_max_hole_lifetime_0_ma5,bitcoin_close_topo_avg_hole_lifetime_0_ma5,bitcoin_close_topo_num_relevant_holes_0_ma5,bitcoin_close_topo_l1_norm_0_ma5,bitcoin_close_topo_l1_norm_0_ma10,bitcoin_close_topo_persistence_entropy_0_ma5,bitcoin_close_topo_num_holes_1_ma5,bitcoin_close_topo_num_holes_1_ma10,bitcoin_close_topo_max_hole_lifetime_1_ma5,bitcoin_close_topo_avg_hole_lifetime_1_ma5,bitcoin_close_topo_num_relevant_holes_1_ma5,bitcoin_close_topo_l1_norm_1_ma5,bitcoin_close_topo_l1_norm_1_ma10,bitcoin_close_topo_persistence_entropy_1_ma5,signal,label,meta_decision,final_signal,primary_signal
2023-11-23,37427.0,37293.0,37643.0,36972.0,11956046626.60703,728816537112.472,,,,,,,,,,,,,,,,,,,,,,,,,,,,,,,,,,,,,,,,,,,,,1.0,,0.0,0.0,1
2023-11-24,37302.0,37739.0,38349.0,37264.0,22996708651.54232,737614054534.8141,,,0.01188840102634161,,,,,,,,,,,,,,,,,,,,,,,,,,,,,,,,,,,,,,,,,,1.0,,0.0,0.0,1
2023-11-25,37731.0,37810.0,37883.0,37617.0,7505379785.011788,739536714717.2401,,,0.001879575398811952,,,,,,,,,,,,,,,,,,,,,,,,,,,,,,,,,,,,,,,,,,1.0,,0.0,0.0,1
2023-11-26,37800.0,37492.0,37825.0,37184.0,10229112671.374176,733376783676.3198,,,-0.008446041018602102,,,,,,,,,,,,,,,,,,,,,,,,,,,,,,,,,,,,,,,,,,1.0,,0.0,0.0,1
2023-11-27,37472.0,37250.0,37568.0,36770.0,17979133247.880783,728040168286.0479,,,-0.006475632058670811,,,,,,,,,,,,,,,,,,,,,,,,,,,,,,,,,,,,,,,,,,1.0,,0.0,0.0,1
2023-11-28,37247.0,37802.0,38351.0,36911.0,19715537240.688644,738816928726.5587,,,0.014710066453196084,,,,,,,,,,,,,,,,,,,,,,,,,,,,,,,,,,,,,,,,,,1.0,,0.0,0.0,1
2023-11-29,37843.0,37810.0,38329.0,37638.0,20964545194.804527,740494537382.5989,,,0.00021160662407695275,,,,,,,,,,,,,,,,,,,,,,,,,,,,,,,,,,,,,,,,,,1.0,,0.0,0.0,1
2023-11-30,37864.0,37712.0,38144.0,37547.0,16566770727.560837,737659515838.6104,,,-0.0025952717090662156,,,,,,,,,,,,,,,,,,,,,,,,,,,,,,,,,,,,,,,,,,1.0,,0.0,0.0,1
2023-12-01,37720.0,38688.0,38899.0,37632.0,24470176251.56647,756249390093.0282,,,0.02555112823860685,,,,,,,,,,,,,,,,,,,,,,,,,,,,,,,,,,,,,,,,,,1.0,,0.0,0.0,1
2023-12-02,38696.0,39482.0,39680.0,38659.0,14892418344.328642,771834682369.2777,,,0.02031539741109396,,,,,,,,,,,,,,,,,,,,,,,,,,,,,,,,,,,,,,,,,,1.0,,0.0,0.0,1
2023-12-03,39472.0,39960.0,40118.0,39309.0,14107800648.629307,782845232813.069,,,0.01203408193687661,,,,,,,,,,,,,,,,,,,,,,,,,,,,,,,,,,,,,,,,,,1.0,,0.0,0.0,1
2023-12-04,39999.0,41974.0,42403.0,39999.0,40273974905.38232,820527379429.3416,,,0.04917142519487672,,,,,,,,,,,,,,,,,,,,,,,,,,,,,,,,,,,,,,,,,,1.0,,0.0,0.0,1
2023-12-05,41985.0,44106.0,44368.0,41453.0,37740677039.99004,863171503830.3232,,,0.049545448644776106,,,,,,,,,,,,,,,,,,,,,,,,,,,,,,,,,,,,,,,,,,1.0,,0.0,0.0,1
2023-12-06,44082.0,43788.0,44282.0,43496.0,30306637687.601166,857037901744.5414,,,-0.007236020377694704,,,,,,,,,,,,,,,,,,,,,,,,,,,,,,,,,,,,,,,,,,1.0,,0.0,0.0,1
2023-12-07,43757.0,43270.0,44030.0,42908.0,27712048105.023373,848245522795.3333,,,-0.01190025300551746,,,,,,,,,,,,,,,,,,,,,,,,,,,,,,,,,,,,,,,,,,1.0,,0.0,0.0,1
2023-12-08,43286.0,44202.0,44676.0,43134.0,24726661392.984177,863242780337.311,,,0.02131048269193817,,,,,,,,,,,,,,,,,,,,,,,,,,,,,,,,,,,,,,,,,,1.0,,0.0,0.0,1
2023-12-09,44158.0,43745.0,44346.0,43699.0,17074228506.041449,855611272269.695,,,-0.010392716370503631,,,,,,,,,,,,,,,,,,,,,,,,,,,,,,,,,,,,,,,,,,1.0,,0.0,0.0,1
2023-12-10,43715.0,43758.0,44036.0,43591.0,11865167562.179707,856192504674.1926,,,0.0002971326719231363,,,,,,,,,,,,,,,,,,,,,,,,,,,,,,,,,,,,,,,,,,1.0,,0.0,0.0,1
2023-12-11,43786.0,41201.0,43819.0,40322.0,39734542163.66172,806178244439.1412,,,-0.0602119253245666,,,,,,,,,,,,,,,,,,,,,,,,,,,,,,,,,,,,,,,,,,1.0,,0.0,0.0,1
2023-12-12,41262.0,41451.0,42042.0,40720.0,24919333990.627098,812055172695.532,,,0.00604947883705766,,,,,,,,,,,,,,,,,,,,,,,,,,,,,,,,,,,,,,,,,,1.0,,0.0,0.0,1
2023-12-13,41459.0,42932.0,43304.0,40712.0,26301358636.124893,840112594142.6609,,,0.035105461876635866,0.0,20.0,4.0,12.0,12.0,1.0010626316070557,0.6496926608184973,6.0,7.796311929821968,2.4739811695744645,1.738067351121365,2.3686440694031794,0.29656030656400034,0.0,0.0,0.0,0.0,0.0,0.0,0.0,0.0,0.0,0.0,0.0,0.0,12.0,12.0,1.0010626316070557,0.6496926608184973,6.0,7.796311929821968,7.796311929821968,2.3686440694031794,0.0,0.0,0.0,0.0,0.0,0.0,0.0,0.0,1.0,,0.0,0.0,1
2023-12-14,42885.0,43010.0,43329.0,42068.0,22978695605.48269,841400560142.884,,,0.0018151781763669297,1.0,21.0,4.0,12.0,12.0,1.0184030532836914,0.6308590434491634,6.0,7.570308521389961,2.4558785791587354,1.736919019852575,2.332422282593592,0.32346329044055977,0.12878048419952393,0.0,0.0,0.0,0.0,0.0,0.0,0.0,0.0,0.0,0.0,0.0,12.0,12.0,1.0097328424453735,0.6402758521338303,6.0,7.683310225605965,7.683310225605965,2.3505331759983856,0.0,0.0,0.0,0.0,0.0,0.0,0.0,0.0,1.0,,0.0,0.0,1
2023-12-15,43032.0,41992.0,43100.0,41761.0,17134765249.072596,821883086852.3783,,,-0.023953522845646284,2.0,22.0,4.0,12.0,12.0,1.10745370388031,0.7260921833415827,5.0,8.713106200098991,2.754545357841205,1.9198141138432356,2.3649575163308607,0.3241658299759006,0.2285454422235489,0.0,0.0,0.0,0.0,0.0,0.0,0.0,0.0,0.0,0.0,0.0,12.0,12.0,1.0423064629236858,0.6688812958697478,5.666666666666667,8.026575550436974,8.026575550436974,2.355341289442544,0.0,0.0,0.0,0.0,0.0,0.0,0.0,0.0,1.0,,0.0,0.0,1
2023-12-16,41890.0,42247.0,42666.0,41760.0,13524832238.374014,825747211475.3832,,,0.006054221414984989,3.0,23.0,4.0,12.0,12.0,1.085442304611206,0.7020385960737864,7.0,8.424463152885437,2.691252243682157,1.8912526462591501,2.3550684860670006,0.33273367160002604,0.2897813469171524,0.0,0.0,0.0,0.0,0.0,0.0,0.0,0.0,0.0,0.0,0.0,12.0,12.0,1.0530904233455658,0.6771706209207574,6.0,8.12604745104909,8.12604745104909,2.355273088598658,0.0,0.0,0.0,0.0,0.0,0.0,0.0,0.0,1.0,,0.0,0.0,1
2023-12-17,42248.0,41411.0,42319.0,41305.0,16536428696.461372,810534011290.7083,,,-0.019986799342745214,4.0,24.0,4.0,12.0,12.0,1.151326060295105,0.6909953927000364,5.0,8.291944712400436,2.6399746874484817,1.8604935894774757,2.363605629037589,0.32142530982803486,0.25209856033325195,0.0,0.0,0.0,0.0,0.0,0.0,0.0,0.0,0.0,0.0,0.0,12.0,12.0,1.0727375507354737,0.6799355752766132,5.8,8.15922690331936,8.15922690331936,2.356939596686444,0.0,0.0,0.0,0.0,0.0,0.0,0.0,0.0,1.0,,0.0,0.0,1
2023-12-18,41355.0,42684.0,42684.0,40571.0,26473040426.60815,834757901244.3383,,,0.03027759673208007,5.0,25.0,4.0,12.0,12.0,1.2450443506240845,0.7171156791349252,5.0,8.605388149619102,2.7714498888149324,1.9716571929206275,2.352270710979981,0.3547153458618334,0.3790851980447769,0.0,0.0,0.0,0.0,0.0,0.0,0.0,0.0,0.0,0.0,0.0,12.0,12.0,1.1215338945388793,0.6934201789398988,5.6,8.321042147278785,8.233587111035982,2.3536649250018042,0.0,0.0,0.0,0.0,0.0,0.0,0.0,0.0,1.0,,0.0,0.0,1
2023-12-19,42609.0,42250.0,43327.0,41837.0,23402523667.558952,827483345952.5029,,,-0.010219788951135613,6.0,26.0,4.0,12.0,12.0,1.3545411825180054,0.8380279019474983,6.0,10.05633482336998,3.1737454392943447,2.22355672448739,2.373729357734402,0.3702669014971207,0.38877616822719574,1.0,1.0,0.2823982238769531,0.2823982238769531,0.0,0.2823982238769531,0.2823982238769531,0.2823982238769531,-0.0,0.0,0.2823982238769531,12.0,12.0,1.1887615203857422,0.7348539506395658,5.6,8.81824740767479,8.49397964136941,2.361926340029967,0.2,0.14285714285714285,0.05647964477539062,0.05647964477539062,0.0,0.05647964477539062,0.04034260341099331,-0.0,1.0,,1.0,1.0,1
2023-12-20,42276.0,43634.0,44201.0,42246.0,28334648885.87903,854173854159.8182,,,0.032232309166649646,7.0,27.0,4.0,12.0,12.0,1.4076532125473022,0.878616988658905,5.0,10.54340386390686,3.324776699695215,2.334137172646786,2.3771175921765604,0.3862777875350519,0.45400434732437134,3.0,3.0,0.3109344244003296,0.1618825594584147,1.0,0.48564767837524414,0.34389132762953456,0.3209166698113955,0.8219218679391003,0.11495413005250159,4.19990631015707,12.0,12.0,1.2488014221191406,0.7653589117030303,5.6,9.184306940436363,8.750157669186592,2.3643583551991068,0.8,0.5,0.11866652965545654,0.08885615666707355,0.2,0.15360918045043945,0.09600573778152466,0.16438437358782004,1.0,,1.0,1.0,1
2023-12-21,43660.0,43850.0,44215.0,43366.0,21948638202.58336,858312140014.9476,,,0.004938055848359437,8.0,28.0,4.0,12.0,12.0,1.642470121383667,0.9702643069128195,4.0,11.643171682953835,3.6430393005266595,2.549911845469394,2.3879026429507904,0.40566626697668634,0.36525364220142365,3.0,3.0,0.36280274391174316,0.2200122276941935,1.0,0.6600366830825806,0.420135654524344,0.3794581733743773,0.9966993203191419,0.10214014424262698,0.3545168924429146,12.0,12.0,1.3602069854736327,0.819004053870837,5.0,9.828048646450043,9.071603670716286,2.3709251865758647,1.4,0.7777777777777778,0.19122707843780518,0.13285860220591225,0.4,0.28561651706695557,0.15867584281497532,0.3637242376516484,1.0,,1.0,1.0,1
2023-12-22,43875.0,44004.0,44243.0,43467.0,20833936534.62855,861822676200.4246,,,0.0035058200589971468,9.0,29.0,4.0,12.0,12.0,1.895740270614624,1.1216113703946273,3.0,13.459336444735527,4.173018517495757,2.907823947595118,2.3994242427214885,0.4395014934540723,0.6195189654827118,4.0,4.0,0.4187471866607666,0.23670539259910583,1.0,0.9468215703964233,0.5190142124990549,0.44870945620414354,1.2959022743935038,0.1063696164724998,2.5011854829098215,12.0,12.0,1.5090898275375366,0.9051272494097551,4.6,10.86152699291706,9.51037694811821,2.3780889093126443,2.2,1.1,0.2749765157699585,0.18019968072573342,0.6,0.47498083114624023,0.23749041557312012,0.6229046925303492,1.0,,1.0,1.0,1
2023-12-23,43989.0,43752.0,44018.0,43375.0,9872050975.657969,856850313226.057,,,-0.005743212832717632,10.0,30.0,4.0,12.0,12.0,1.91469144821167,1.118333749473095,4.0,13.42000499367714,4.2021246233779905,2.950128259846973,2.38915372659043,0.469911946350325,0.6080235689878464,3.0,3.0,0.48574960231781006,0.2875589927037557,1.0,0.8626769781112671,0.5552989798003429,0.5049832566143254,0.9838067419549686,0.1417585201588789,0.7184232024086412,12.0,12.0,1.6430192470550538,0.985370863477389,4.4,11.824450361728669,10.072746254503727,2.385465512434734,2.8,1.4,0.3721264362335205,0.23771147926648456,0.8,0.6475162267684936,0.3237581133842468,0.8196660409213429,1.0,,1.0,1.0,1
2023-12-24,43730.0,43035.0,43943.0,42895.0,18313974069.822754,845029028630.4425,,,-0.016523587943033803,11.0,31.0,4.0,12.0,12.0,1.8099199533462524,1.2635091245174408,5.0,15.16210949420929,4.646684999784197,3.198328591459008,2.4114095204041677,0.4503903671958278,0.6878469288349152,4.0,4.0,0.25937914848327637,0.17735418677330017,1.0,0.7094167470932007,0.37255948479091133,0.30864044102325977,1.3345704908291067,0.0569704735885062,2.885041148322874,12.0,12.0,1.734095001220703,1.0704671079913775,4.2,12.84560529589653,10.83192635178566,2.3930015449686874,3.4,1.8,0.3675226211547852,0.21670267184575395,1.0,0.7329199314117432,0.3946997880935669,1.086580139087164,1.0,,1.0,1.0,1
2023-12-25,42999.0,43638.0,43744.0,42770.0,18744716867.39297,854524607072.9797,,,0.013914592299020836,12.0,32.0,4.0,12.0,12.0,1.8151612281799316,1.2280062685410182,4.0,14.736075222492218,4.504594222635892,3.099176165368403,2.415592900448863,0.42772424563927375,0.23172527551651,4.0,4.0,0.2641425132751465,0.17087209224700928,1.0,0.6834883689880371,0.3657741347906098,0.3074097608701588,1.3143788467568371,0.06519514944828597,0.3425742793016844,12.0,12.0,1.815596604347229,1.1403449639678,4.0,13.684139567613602,11.434223254024982,2.4006966066231477,3.6,2.2,0.3581642389297485,0.2185005784034729,1.0,0.7724880695343017,0.4630486249923706,1.1850715348507117,1.0,,1.0,1.0,1
2023-12-26,43587.0,42516.0,43587.0,41820.0,20477744539.87234,832471600531.6842,,,-0.02604785472912336,13.0,33.0,4.0,12.0,12.0,1.8659143447875977,1.274677683909734,3.0,15.296132206916809,4.579923394733297,3.1218904172948663,2.445212600656548,0.35095820351046986,0.6021578311920166,4.0,4.0,0.2715282440185547,0.17564979195594788,1.0,0.7025991678237915,0.37600150161961166,0.3160052482017916,1.3143786187579685,0.0670181534428019,0.25899232205601636,12.0,12.0,1.8602854490280152,1.201227639367183,3.8,14.414731672406196,12.12139015942812,2.4121585981642992,3.8,2.6,0.33990933895111086,0.20962809125582377,1.0,0.7810005664825439,0.5333085417747497,1.248607394538477,1.0,,1.0,1.0,1
2023-12-27,42503.0,43418.0,43662.0,42123.0,23244754807.443966,849194163327.4839,,,0.02099362599522838,14.0,34.0,4.0,12.0,12.0,1.892536997795105,1.2484073862433434,4.0,14.98088863492012,4.568937156363633,3.1451373121102506,2.420927930014379,0.42553248157230095,0.33007556200027466,4.0,4.0,0.275402307510376,0.1836959421634674,1.0,0.7347837686538696,0.3885286920452058,0.32382775539764713,1.327878131531282,0.06320155827403011,0.17915945400870764,12.0,12.0,1.8596447944641112,1.2265868425369262,4.0,14.719042110443116,12.790284551680088,2.4164593356228776,3.8,3.0,0.3112403631210327,0.19902620116869607,1.0,0.7385930061340332,0.6067869186401367,1.2550025659660329,1.0,,1.0,1.0,1
2023-12-28,43456.0,42601.0,43789.0,42324.0,20336573643.81929,836073458797.803,,,-0.018996374488349392,15.0,35.0,4.0,12.0,12.0,1.8924640417099,1.151044238358736,5.0,13.812530860304832,4.35779813181512,3.0442287100594494,2.3688650032890854,0.5075735163291818,0.19675731658935547,3.0,3.0,0.11557638645172119,0.08444730440775554,2.0,0.2533419132232666,0.16273723415327168,0.14340093131337636,0.9541129067870504,0.04118804727364639,0.6026319448168689,12.0,12.0,1.8551993131637574,1.2331289403140544,4.2,14.797547283768655,13.310998822748662,2.4124015909626086,3.8,3.3,0.23720571994781495,0.15840386350949603,1.2,0.6167259931564331,0.6321211099624634,1.2490637989324491,1.0,,1.0,1.0,1
2023-12-29,42591.0,42075.0,43097.0,41614.0,24832397519.050613,822933961870.5416,,,-0.012423987101344607,16.0,36.0,4.0,12.0,12.0,1.6775461435317993,1.0825001274545987,5.0,12.990001529455185,4.074900092223772,2.8433485022025704,2.3787440198911605,0.4603560624066472,0.5574487298727036,2.0,2.0,0.11979186534881592,0.07349741458892822,1.0,0.14699482917785645,0.12284173657528996,0.12025765002505844,0.47898111302084045,0.046294450759887695,0.7794783430655706,12.0,12.0,1.8287245512008667,1.196927140901486,4.2,14.363125690817833,13.604365493357182,2.405868490860007,3.4,3.4,0.20928826332092285,0.13763250907262164,1.2,0.5042416095733643,0.6185807704925537,1.0779459233707958,1.0,,1.0,1.0,1
2023-12-30,42092.0,42221.0,42610.0,41574.0,14727224645.41767,826609156660.5117,,,0.003463987519938259,17.0,37.0,4.0,12.0,12.0,1.711812138557434,1.0793267947932084,5.0,12.951921537518501,4.08373157598949,2.8638610566283007,2.374353182608876,0.47412266567055494,0.31288884580135345,2.0,2.0,0.1222386360168457,0.07499867677688599,1.0,0.14999735355377197,0.12535082981198706,0.12271394099070664,0.47898214568948405,0.04723995923995972,0.10864414029072571,12.0,12.0,1.8080547332763672,1.167191246151924,4.4,14.00629495382309,13.845217260718346,2.39762054729201,3.0,3.3,0.1809074878692627,0.118457825978597,1.2,0.3975434064865112,0.5850157380104065,0.9108665831573252,1.0,,1.0,1.0,1
2023-12-31,42197.0,42208.0,42838.0,42008.0,14183728910.169804,827596236151.1959,,,-0.0003079510619037299,18.0,38.0,4.0,12.0,12.0,1.763097882270813,1.0948127284646034,5.0,13.137752741575241,4.134410076589074,2.910158269061465,2.384715936286603,0.47521642056575614,0.4984440952539444,1.0,1.0,0.1259009838104248,0.1259009838104248,0.0,0.1259009838104248,0.1259009838104248,0.12590098381042483,-0.0,0.0,0.3310765633957734,12.0,12.0,1.7874914407730103,1.131218255062898,4.8,13.574619060754776,13.994675366580486,2.385521214418021,2.4,3.1,0.15178203582763672,0.10850806434949241,1.0,0.28220376968383787,0.5316021680831909,0.6479908594057313,1.0,,1.0,1.0,1
2024-01-01,42261.0,44169.0,44169.0,42242.0,16958999497.58364,863804922701.8125,time,-0.0048,0.04541340901647714,19.0,39.0,4.0,12.0,12.0,1.7855066061019897,0.9770783719917139,4.0,11.724940463900566,3.7840398495190177,2.702950194463167,2.35119594587256,0.48843046610035973,0.14389723539352417,1.0,1.0,0.12750113010406494,0.12750113010406494,0.0,0.12750113010406494,0.12750113010406494,0.12750113010406497,-0.0,0.0,0.036540379613616385,12.0,12.0,1.7660853624343873,1.0769524522125722,4.8,12.923429426550864,13.82123576849699,2.371574817589657,1.8,2.8,0.12220180034637451,0.0972691019376119,0.8,0.16074724197387696,0.44967012405395507,0.38241523309947495,1.0,0.0,1.0,1.0,1
2024-01-02,44148.0,44995.0,45870.0,44148.0,39089952715.542786,878395004792.8407,lower,-0.0495,0.01852818693453057,20.0,40.0,4.0,12.0,12.0,1.6511732339859009,0.9607115151981512,5.0,11.528538182377815,3.6863196562138922,2.604736504820518,2.3574454632897694,0.4576528180634471,0.6605180203914642,0.0,0.0,0.0,0.0,0.0,0.0,0.0,0.0,0.0,0.0,0.12750113010406494,12.0,12.0,1.7178272008895874,1.0388859075804553,4.8,12.466630890965462,13.632089087367058,2.369290909589794,1.2,2.5,0.09908652305603027,0.0803796410560608,0.4,0.11007885932922364,0.36340242624282837,0.1915926517420649,1.0,0.0,0.0,0.0,1
2024-01-03,44952.0,42822.0,45469.0,41805.0,43146162597.56747,838208392904.1771,upper,0.0917,-0.04949938326892658,21.0,41.0,4.0,12.0,12.0,1.6093720197677612,0.9405076478918394,5.0,11.286091774702072,3.595073471800293,2.5350246862318886,2.362414699992429,0.4387384983037284,0.07007049024105072,2.0,2.0,0.15638089179992676,0.13722145557403564,1.0,0.2744429111480713,0.1959429093708217,0.17619499022930382,0.6833678011086985,0.019159436225891113,0.2744429111480713,12.0,12.0,1.7041923761367799,1.0104874116679032,4.8,12.125848940014839,13.244487315416336,2.366025045610048,1.2,2.3,0.10640432834625244,0.09312444925308228,0.4,0.1355684757232666,0.31990504264831543,0.23246998935963653,1.0,1.0,1.0,1.0,1
2024-01-04,42863.0,44196.0,44814.0,42675.0,26123887042.79777,866352960236.8643,upper,0.0602,0.03158229803394314,22.0,42.0,4.0,12.0,12.0,1.54216730594635,0.9098782216509184,4.0,10.91853865981102,3.3999198319571113,2.3828428403475153,2.3990334852295767,0.36798033517653506,0.44075459241867065,2.0,2.0,0.1297779083251953,0.07548922300338745,1.0,0.1509784460067749,0.13149816837983286,0.12996622457377227,0.40572690648181264,0.05428868532180786,0.15837450999346742,12.0,12.0,1.670263409614563,0.9765976970394451,4.6,11.719172364473343,12.862733659148216,2.3709611061341875,1.2,2.1,0.10791218280792236,0.09322255849838257,0.4,0.1357646942138672,0.2666540503501892,0.21781894151810227,1.0,1.0,1.0,1.0,1
2024-01-05,44174.0,44114.0,44281.0,43116.0,29364675804.010384,863690851062.0247,upper,0.062,-0.0018570948605323967,23.0,43.0,4.0,12.0,12.0,1.6501411199569702,0.9255987803141276,3.0,11.107185363769531,3.498855155278041,2.4808471723287897,2.388264525820798,0.40426787449533547,0.32480910420417786,2.0,2.0,0.13028526306152344,0.11023688316345215,1.0,0.2204737663269043,0.15845572218212878,0.14333951678325052,0.6765171024399103,0.02004837989807129,0.11471907474376117,12.0,12.0,1.6476720571517944,0.94275490740935,4.2,11.3130588889122,12.443838974833488,2.3716708240410265,1.4,1.9,0.10878903865814209,0.09008973836898804,0.6,0.1546792507171631,0.21844151020050048,0.35312236200608427,1.0,1.0,1.0,1.0,1
2024-01-06,44165.0,43956.0,44221.0,43479.0,11841102132.239353,861211168830.4689,upper,0.0656,-0.003588058805718564,24.0,44.0,4.0,12.0,12.0,1.6624928712844849,1.011468971769015,3.0,12.13762766122818,3.7453958723707466,2.608806793681682,2.409041435744681,0.3820074683556814,0.23568439483642578,1.0,1.0,0.19725704193115234,0.19725704193115234,0.0,0.19725704193115234,0.19725704193115234,0.19725704193115237,-0.0,0.0,0.39207224425771636,12.0,12.0,1.6230693101882934,0.9496330273648104,4.0,11.395596328377724,12.159512877464294,2.3832399220154508,1.4,1.6,0.12274022102355957,0.10404092073440552,0.6,0.16863043308258058,0.16468883752822877,0.35312236200608427,1.0,1.0,1.0,1.0,1
2024-01-07,44002.0,43884.0,44489.0,43687.0,15144653805.362787,856926317087.4954,upper,0.0672,-0.0016393446294331684,25.0,45.0,4.0,12.0,12.0,1.5487265586853027,1.0598079537351925,4.0,12.717695444822311,3.8602534865093125,2.6487849513164443,2.4260283310828905,0.3443886121935015,0.6671635210514069,1.0,1.0,0.442915678024292,0.442915678024292,0.0,0.442915678024292,0.442915678024292,0.442915678024292,-0.0,0.0,0.2122341834335945,12.0,12.0,1.6025799751281737,0.9694523150722185,3.8,11.633427780866622,12.050029335916042,2.396956495574075,1.6,1.4,0.21132335662841797,0.1926240563392639,0.6,0.25721356868743894,0.1836462140083313,0.35312236200608427,1.0,1.0,1.0,1.0,1
2024-01-08,43953.0,46936.0,47193.0,43248.0,40821502383.50064,919666641903.4098,lower,-0.0901,0.06723518266831421,26.0,46.0,4.0,12.0,12.0,2.5851809978485107,0.9284097949663798,2.0,11.140917539596558,3.767693421425592,2.901949342269412,2.329967957256379,0.5665816173317767,0.9245209395885468,0.0,0.0,0.0,0.0,0.0,0.0,0.0,0.0,0.0,0.0,0.442915678024292,12.0,12.0,1.7977417707443237,0.9670327444871267,3.2,11.60439293384552,11.865120936930179,2.3904671470268655,1.2,1.2,0.1800471782684326,0.1651797652244568,0.4,0.2023249864578247,0.16894673109054564,0.21644880178434459,1.0,0.0,0.0,0.0,1
2024-01-09,46967.0,46106.0,47680.0,45416.0,39887918405.77868,902166917320.3264,lower,-0.0722,-0.01784187824615453,27.0,47.0,4.0,12.0,12.0,2.0013344287872314,0.9407938681542873,2.0,11.289526417851448,3.709121546522501,2.7170005795692904,2.341637123483545,0.5112456534939107,1.0630699545145035,0.0,0.0,0.0,0.0,0.0,0.0,0.0,0.0,0.0,0.0,0.0,12.0,12.0,1.8895751953125,0.9732158737878004,2.8,11.678590485453606,11.698881424963474,2.3789878746776587,0.8,1.0,0.15409159660339355,0.15008192062377929,0.2,0.17212929725646972,0.15394699573516846,0.13530342048798205,1.0,0.0,0.0,0.0,1
2024-01-10,46141.0,46632.0,47599.0,44591.0,52030057180.57072,915259343942.0361,lower,-0.0836,0.011343907365844378,28.0,48.0,4.0,12.0,12.0,1.7756716012954712,0.8879133077959219,3.0,10.654959693551064,3.4311437232401203,2.475633299414173,2.362577958455379,0.43894444823129636,0.5592243373394012,0.0,0.0,0.0,0.0,0.0,0.0,0.0,0.0,0.0,0.0,0.0,12.0,12.0,1.9146812915802003,0.9656787792841595,2.8,11.588145351409912,11.450602120161056,2.373850561204575,0.4,0.9,0.12803454399108888,0.12803454399108888,0.0,0.12803454399108888,0.141356897354126,0.0,1.0,0.0,0.0,0.0,1
2024-01-11,46566.0,46314.0,48888.0,45662.0,49198128806.306175,909846384596.2129,lower,-0.0767,-0.006842709547476863,29.0,49.0,4.0,12.0,12.0,1.5488706827163696,0.8131354177991549,3.0,9.757625013589859,2.999245790512173,2.1080064663982783,2.422319395902511,0.297378101041995,0.7798544019460678,1.0,1.0,0.08010363578796387,0.08010363578796387,0.0,0.08010363578796387,0.08010363578796387,0.08010363578796388,-0.0,0.0,0.08010363578796387,12.0,12.0,1.8919568538665772,0.9260120684901872,2.8,11.112144821882248,11.253870575129985,2.376506153236141,0.4,0.9,0.10460386276245118,0.10460386276245118,0.0,0.10460386276245118,0.13661714792251586,-0.0,1.0,0.0,1.0,1.0,1
2024-01-12,46369.0,42894.0,46504.0,41730.0,45913301456.05085,838383512176.7352,time,-0.0042,-0.07671233518300202,30.0,50.0,4.0,12.0,12.0,2.1024820804595947,0.9356777047117552,3.0,11.228132456541061,3.6186659389072418,2.6500656806217737,2.3747107474619664,0.46447371402763743,0.2345207929611206,1.0,1.0,0.07909083366394043,0.07909083366394043,0.0,0.07909083366394043,0.07909083366394043,0.07909083366394044,-0.0,0.0,0.03031659591983273,12.0,12.0,2.0027079582214355,0.9011860186855,2.6,10.814232224225998,11.223830002546311,2.366242636511956,0.4,1.0,0.03183889389038086,0.03183889389038086,0.0,0.03183889389038086,0.1445262312889099,-0.0,1.0,0.0,1.0,1.0,1
2024-01-13,42871.0,42848.0,43213.0,42434.0,19424747840.478386,839198740717.084,time,-0.0377,-0.001072986504007795,31.0,51.0,4.0,12.0,12.0,1.7436213493347168,0.84060371418794,2.0,10.08724457025528,3.208459405468356,2.325041094662398,2.389109248970258,0.38889121281531913,0.7114366590976715,1.0,1.0,0.07813715934753418,0.07813715934753418,0.0,0.07813715934753418,0.07813715934753418,0.0781371593475342,-0.0,0.0,0.02854509189725266,12.0,12.0,1.8343960285186767,0.8836248025298119,2.6,10.603497630357742,11.10394528210163,2.3780708948547318,0.6,0.9,0.0474663257598877,0.0474663257598877,0.0,0.0474663257598877,0.1248956561088562,-0.0,1.0,0.0,1.0,1.0,1
2024-01-14,42823.0,41801.0,43088.0,41754.0,16968959097.076523,822907066751.3778,time,-0.0048,-0.024738706819236383,32.0,52.0,4.0,12.0,12.0,1.6796836853027344,0.8696703463792801,2.0,10.436044156551361,3.236132788898115,2.299582391793688,2.416210046410579,0.3411545704080979,0.47898006439208984,1.0,1.0,0.07527196407318115,0.07527196407318115,0.0,0.07527196407318115,0.07527196407318115,0.07527196407318117,-0.0,0.0,0.0857636888609439,12.0,12.0,1.7700658798217774,0.8694000981748105,2.6,10.432801178097725,11.055695831775665,2.3929854794401386,0.8,0.8,0.06252071857452393,0.06252071857452393,0.0,0.06252071857452393,0.11732500791549683,-0.0,1.0,0.0,1.0,1.0,1
2024-01-15,41747.0,42587.0,43313.0,41747.0,22634527323.56315,835225973285.8562,time,-0.0228,0.01862877969444427,33.0,53.0,4.0,12.0,12.0,1.6555496454238892,0.8133434231082598,2.0,9.760121077299118,3.1054421327671475,2.2383474113821333,2.3831949913487622,0.3769881245923437,0.1722043752670288,0.0,0.0,0.0,0.0,0.0,0.0,0.0,0.0,0.0,0.0,0.07527196407318115,12.0,12.0,1.746041488647461,0.854486121237278,2.4,10.253833454847335,10.920989403128624,2.3971088860188154,0.8,0.6,0.06252071857452393,0.06252071857452393,0.0,0.06252071857452393,0.09527763128280639,0.0,1.0,0.0,0.0,0.0,1
2024-01-16,42506.0,43148.0,43539.0,42170.0,22023116042.275295,845770850849.578,time,-0.0379,0.013087024129212593,34.0,54.0,4.0,12.0,12.0,2.432173490524292,0.957783098022143,3.0,11.493397176265717,3.889317457625403,2.942217288602668,2.319131359664523,0.5858475862590741,0.19973954558372498,0.0,0.0,0.0,0.0,0.0,0.0,0.0,0.0,0.0,0.0,0.0,12.0,12.0,1.9227020502090455,0.8834156572818757,2.4,10.600987887382507,10.856566354632378,2.3764712787712177,0.6,0.5,0.046499991416931154,0.046499991416931154,0.0,0.046499991416931154,0.07555192708969116,0.0,1.0,0.0,0.0,0.0,1
2024-01-17,43136.0,42714.0,43198.0,42221.0,21299064875.187115,836987995502.6503,lower,-0.0781,-0.010109331163391423,35.0,55.0,4.0,12.0,12.0,2.4634621143341064,0.9289290135105451,3.0,11.147148162126541,3.8297695458678507,2.9323386130111144,2.304936696837481,0.5994598560896823,0.11629125475883484,1.0,1.0,0.06017327308654785,0.06017327308654785,0.0,0.06017327308654785,0.06017327308654785,0.060173273086547865,-0.0,0.0,0.06017327308654785,12.0,12.0,1.9948980569839478,0.8820659190416336,2.4,10.584791028499604,10.699511626362801,2.3625164686463207,0.6,0.5,0.042716479301452635,0.042716479301452635,0.0,0.042716479301452635,0.03727768659591675,-0.0,1.0,0.0,0.0,0.0,1
2024-01-18,42753.0,41261.0,42883.0,40655.0,25160430945.289833,808845819110.2808,time,-0.0352,-0.034608991451670346,36.0,56.0,4.0,12.0,12.0,2.3531177043914795,0.9959915938476721,4.0,11.951899126172066,4.033879504646948,3.0031398988673974,2.3103307162155025,0.6033374399833531,0.45261014997959137,1.0,1.0,0.05747795104980469,0.05747795104980469,0.0,0.05747795104980469,0.05747795104980469,0.057477951049804694,-0.0,0.0,0.17046818846854028,12.0,12.0,2.1167973279953003,0.9131434949735799,2.8,10.95772193968296,10.780609785020351,2.3467607620953697,0.6,0.6,0.03858463764190674,0.03858463764190674,0.0,0.03858463764190674,0.04302548170089722,-0.0,-1.0,1.0,0.0,0.0,-1
2024-01-19,41260.0,41601.0,42094.0,40300.0,24407872954.726807,815241536115.3193,time,-0.0361,0.00820646154171603,37.0,57.0,4.0,12.0,12.0,2.3165366649627686,0.9443213356037935,3.0,11.331856027245522,4.060847249322377,3.150170385070989,2.25129721287694,0.6945962234643189,0.7940756678581238,1.0,1.0,0.05658435821533203,0.05658435821533203,0.0,0.05658435821533203,0.05658435821533203,0.05658435821533204,-0.0,0.0,0.056513015477633294,12.0,12.0,2.244167923927307,0.9280736928184826,3.0,11.136884313821792,10.78484274595976,2.313778195388642,0.6,0.7,0.03484711647033691,0.03484711647033691,0.0,0.03484711647033691,0.04868391752243042,-0.0,-1.0,1.0,0.0,0.0,-1
2024-01-20,41624.0,41626.0,41844.0,41423.0,9533488489.00503,817217622403.9753,time,-0.0414,0.0006007665962228821,38.0,58.0,4.0,12.0,12.0,2.274313449859619,0.941944253941377,3.0,11.303331047296524,4.047455687578882,3.121640615221845,2.2482486716994066,0.691302503281337,0.5372683852910995,1.0,1.0,0.05558156967163086,0.05558156967163086,0.0,0.05558156967163086,0.05558156967163086,0.055581569671630866,-0.0,0.0,0.06343193580325797,12.0,12.0,2.367920684814453,0.953793858985106,3.2,11.445526307821273,10.849679881334305,2.2867889314587706,0.8,0.8,0.04596343040466309,0.04596343040466309,0.0,0.04596343040466309,0.054242074489593506,-0.0,-1.0,1.0,0.0,0.0,-1
2024-01-21,41661.0,41542.0,41843.0,41513.0,8032696833.695371,814709364023.4832,time,0.0077,-0.0020200083821430453,39.0,59.0,4.0,12.0,12.0,2.2304232120513916,0.900231596082449,3.0,10.802779152989388,3.94072933391091,3.0563500608211767,2.2200038351385003,0.6954821207936791,0.19356875121593475,1.0,1.0,0.05450892448425293,0.05450892448425293,0.0,0.05450892448425293,0.05450892448425293,0.05450892448425294,-0.0,0.0,0.06783925568731224,12.0,12.0,2.3275706291198732,0.9422835585971674,3.2,11.307402703166009,10.954195295274257,2.266963426553566,1.0,0.8,0.05686521530151367,0.05686521530151367,0.0,0.05686521530151367,0.05168260335922241,-0.0,-1.0,0.0,0.0,0.0,-1
2024-01-22,41546.0,39505.0,41645.0,39505.0,31202848830.101707,775020895102.2928,upper,0.058,-0.050277717479220066,40.0,60.0,4.0,12.0,12.0,2.152245044708252,0.927410272260507,4.0,11.128923267126083,3.9463828711104063,2.9707274261432652,2.23432659682705,0.6616179668221132,0.8385629802942276,1.0,1.0,0.06537437438964844,0.06537437438964844,0.0,0.06537437438964844,0.06537437438964844,0.06537437438964845,-0.0,0.0,0.21888697098582804,12.0,12.0,2.265327215194702,0.9419798103471597,3.4,11.303757724165916,10.94427437633276,2.2528414065514797,1.0,0.8,0.05790543556213379,0.05790543556213379,0.0,0.05790543556213379,0.050310957431793216,-0.0,-1.0,0.0,0.0,0.0,-1
2024-01-23,39519.0,39833.0,40125.0,38520.0,29683327703.0343,779133357029.7626,upper,0.0558,0.008268468292908586,41.0,61.0,4.0,12.0,12.0,2.130150556564331,0.8059892815848192,3.0,9.67187137901783,3.5508491082194706,2.754999175872718,2.2065245725205425,0.6333182931320063,0.719700276851654,0.0,0.0,0.0,0.0,0.0,0.0,0.0,0.0,0.0,0.0,0.06537437438964844,12.0,12.0,2.2207337856292724,0.9039793478945892,3.2,10.847752174735069,10.902737057209015,2.2320801778124877,0.8,0.7,0.04640984535217285,0.04640984535217285,0.0,0.04640984535217285,0.042497241497039796,0.0,-1.0,0.0,0.0,0.0,-1
2024-01-24,39852.0,40124.0,40499.0,39544.0,22217129215.385582,786928905377.1826,upper,0.0754,0.007278944553633549,42.0,62.0,4.0,12.0,12.0,1.6110478639602661,0.6140573260684808,3.0,7.36868791282177,2.684613957496116,2.115548482066856,2.2372768204500377,0.4727891799737036,0.9481134861707687,0.0,0.0,0.0,0.0,0.0,0.0,0.0,0.0,0.0,0.0,0.0,12.0,12.0,2.079636025428772,0.8379265459875267,3.2,10.055118551850319,10.596001432836056,2.2292760993271075,0.6,0.6,0.03509297370910645,0.03509297370910645,0.0,0.03509297370910645,0.03497004508972168,0.0,-1.0,0.0,0.0,0.0,-1
2024-01-25,40062.0,39938.0,40262.0,39538.0,13376924612.77818,783180536824.566,upper,0.0532,-0.004646407400038829,43.0,63.0,4.0,12.0,12.0,1.5521953105926514,0.5637385149796804,3.0,6.7648621797561646,2.557885510734703,2.0339460698746024,2.174245222925281,0.47689664557852485,0.32269804179668427,0.0,0.0,0.0,0.0,0.0,0.0,0.0,0.0,0.0,0.0,0.0,12.0,12.0,1.9352123975753783,0.7622853981951873,3.2,9.147424778342247,10.29647554308176,2.214475409572282,0.4,0.6,0.023976659774780272,0.023976659774780272,0.0,0.023976659774780272,0.03497004508972168,0.0,-1.0,0.0,0.0,0.0,-1
2024-01-26,39917.0,41863.0,42195.0,39827.0,22681602408.52447,820989861818.084,time,0.0171,0.047074130291635645,44.0,64.0,4.0,12.0,12.0,1.572559118270874,0.6655542049556971,3.0,7.986650459468365,2.9093830363245097,2.2337764882644424,2.203186999609573,0.5122630228735284,0.04305946081876755,0.0,0.0,0.0,0.0,0.0,0.0,0.0,0.0,0.0,0.0,0.0,12.0,12.0,1.803639578819275,0.7153499199698369,3.2,8.584199039638042,9.945800871402025,2.211112042466497,0.2,0.6,0.013074874877929688,0.013074874877929688,0.0,0.013074874877929688,0.03497004508972168,0.0,-1.0,0.0,0.0,0.0,-1
2024-01-27,41863.0,42120.0,42174.0,41439.0,10694258830.371908,826254540126.2368,time,0.0223,0.0061203053529392745,45.0,65.0,4.0,12.0,12.0,1.5829824209213257,0.6578903955717882,3.0,7.894684746861458,2.912381864088068,2.2451438469315157,2.1846182412415605,0.5234605087971334,0.07863049954175949,0.0,0.0,0.0,0.0,0.0,0.0,0.0,0.0,0.0,0.0,0.0,12.0,12.0,1.6897870540618896,0.661445944632093,3.0,7.9373513355851175,9.620554529875516,2.201170371349399,0.0,0.5,0.0,0.0,0.0,0.0,0.028952717781066895,0.0,-1.0,0.0,0.0,0.0,-1
2024-01-28,42137.0,42027.0,42743.0,41735.0,13669905344.783924,824240091063.3245,time,0.0269,-0.0022104183836881438,46.0,66.0,4.0,12.0,12.0,1.5712571144104004,0.5322789500157038,3.0,6.387347400188446,2.4061174628274737,1.906653640180896,2.17471157552051,0.44623897534145285,0.14410866796970367,0.0,0.0,0.0,0.0,0.0,0.0,0.0,0.0,0.0,0.0,0.0,12.0,12.0,1.5780083656311035,0.6067038783182701,3.0,7.28044653981924,9.064099357277154,2.1948077719493924,0.0,0.4,0.0,0.0,0.0,0.0,0.023204922676086426,0.0,-1.0,0.0,0.0,0.0,-1
2024-01-29,42037.0,43268.0,43287.0,41806.0,20680322267.003654,849198976216.4734,time,-0.0067,0.029101062885956645,47.0,67.0,4.0,12.0,12.0,1.7532713413238525,0.603231493383646,3.0,7.238777920603752,2.707124883813084,2.1346711946068377,2.181142234883049,0.49681203028590515,0.6494611203670502,0.0,0.0,0.0,0.0,0.0,0.0,0.0,0.0,0.0,0.0,0.0,12.0,12.0,1.6064530611038208,0.6045387117813031,3.0,7.254464541375637,8.654791546612978,2.1835808548359945,0.0,0.3,0.0,0.0,0.0,0.0,0.017546486854553223,0.0,-1.0,1.0,0.0,0.0,-1
2024-01-30,43286.0,42892.0,43762.0,42792.0,24526664209.358597,839294111912.5715,time,-0.0069,-0.008728003410143955,48.0,68.0,4.0,12.0,12.0,1.9699527025222778,0.7476048109432062,3.0,8.971257731318474,3.3482585221038073,2.588385501381562,2.16371624329976,0.6126363583382646,0.6642065644264221,0.0,0.0,0.0,0.0,0.0,0.0,0.0,0.0,0.0,0.0,0.0,12.0,12.0,1.690004539489746,0.6413119709740082,3.0,7.695743651688099,8.421584215015173,2.18147505891089,0.0,0.2,0.0,0.0,0.0,0.0,0.011988329887390136,0.0,-1.0,1.0,0.0,0.0,-1
2024-01-31,42950.0,42583.0,43655.0,42289.0,22197944957.07849,835421372330.6442,time,0.0015,-0.007230215761482049,49.0,69.0,4.0,12.0,12.0,2.371445417404175,0.8724622981001934,3.0,10.46954757720232,3.9689881617249916,3.0863590164180983,2.1423546465127106,0.742663084706982,1.2533652260899544,1.0,1.0,0.01862204074859619,0.01862204074859619,0.0,0.01862204074859619,0.01862204074859619,0.018622040748596195,-0.0,0.0,0.01862204074859619,12.0,12.0,1.8497817993164063,0.6826935896029075,3.0,8.19232307523489,8.388261057436466,2.169308588291518,0.2,0.2,0.003724408149719238,0.003724408149719238,0.0,0.003724408149719238,0.008399641513824463,-0.0,-1.0,0.0,0.0,0.0,-1
2024-02-01,42572.0,43069.0,43250.0,41883.0,22443682768.722225,844585195327.6586,time,0.0004,0.011348368182878361,50.0,70.0,4.0,12.0,12.0,2.423013687133789,0.8961522231499354,3.0,10.753826677799225,4.02631356899663,3.1579392216730366,2.179926404446306,0.7401652558273458,1.2181877717375755,0.0,0.0,0.0,0.0,0.0,0.0,0.0,0.0,0.0,0.0,0.01862204074859619,12.0,12.0,2.017788052558899,0.730345955118537,3.0,8.764151461422443,8.35075139850378,2.1683702209324673,0.2,0.1,0.003724408149719238,0.003724408149719238,0.0,0.003724408149719238,0.001862204074859619,0.0,-1.0,0.0,0.0,0.0,-1
2024-02-02,43084.0,43171.0,43382.0,42586.0,18624791426.130833,846561992602.431,time,0.0246,0.002365492754225867,51.0,71.0,4.0,12.0,12.0,2.3947880268096924,0.9448409825563431,3.0,11.338091790676117,4.1095659379292,3.1637156909215625,2.2147122319168044,0.7173933376219002,0.14676392078399658,0.0,0.0,0.0,0.0,0.0,0.0,0.0,0.0,0.0,0.0,0.0,12.0,12.0,2.1824942350387575,0.8128583616266647,3.0,9.754300339519977,8.517373439669608,2.176370352211726,0.2,0.1,0.003724408149719238,0.003724408149719238,0.0,0.003724408149719238,0.001862204074859619,0.0,1.0,1.0,0.0,0.0,1
2024-02-03,43173.0,42977.0,43361.0,42884.0,7779819312.310763,842668526994.8004,upper,0.0535,-0.004503884662217411,52.0,72.0,4.0,12.0,12.0,2.3834009170532227,0.9498932411273321,3.0,11.398718893527985,4.135376527849434,3.179027043729808,2.2119624909854476,0.7230590681619881,0.15343773365020752,0.0,0.0,0.0,0.0,0.0,0.0,0.0,0.0,0.0,0.0,0.0,12.0,12.0,2.3085201501846315,0.882190711175402,3.0,10.586288534104824,8.92037653774023,2.182534403432206,0.2,0.1,0.003724408149719238,0.003724408149719238,0.0,0.003724408149719238,0.001862204074859619,0.0,1.0,1.0,0.0,0.0,1
2024-02-04,42991.0,42599.0,43110.0,42429.0,11250814654.362,835416357159.2295,upper,0.0623,-0.00883431004990589,53.0,73.0,4.0,12.0,12.0,2.3637101650238037,0.9158720163007578,3.0,10.990464195609093,4.052568220567611,3.1398532181108307,2.192828713031703,0.727865061867053,0.28501586616039276,2.0,2.0,0.05696368217468262,0.03568434715270996,1.0,0.07136869430541992,0.058756833316516835,0.057269101887074146,0.5029417800395978,0.021279335021972656,0.07136869430541992,12.0,12.0,2.3872716426849365,0.9158441522469124,3.0,10.990129826962947,9.342936739325523,2.1883568973785943,0.6,0.3,0.015117144584655762,0.01086127758026123,0.2,0.017998147010803222,0.008999073505401611,0.10058835600791956,1.0,1.0,1.0,1.0,1
2024-02-05,42575.0,42648.0,43520.0,42284.0,18682275991.626797,836630860392.2917,upper,0.0612,0.0011496006990618628,54.0,74.0,4.0,12.0,12.0,2.3602161407470703,0.9272864957650503,3.0,11.127437949180603,4.053734977283247,3.1355882405469178,2.2177606249500124,0.7138186232808541,0.1406480222940445,2.0,2.0,0.056879520416259766,0.035631537437438965,1.0,0.07126307487487793,0.05866997939021068,0.05718447782344453,0.5029390884824309,0.0212479829788208,0.009813366987429436,12.0,12.0,2.3850257873535154,0.9268089917798837,3.0,11.121707901358604,9.657015488296746,2.2034380930660546,0.8,0.5,0.022768640518188478,0.014263176918029785,0.4,0.02852635383605957,0.016125380992889404,0.20117617370440571,1.0,1.0,1.0,1.0,1
2024-02-06,42651.0,43088.0,43327.0,42524.0,17131113853.23615,845393687725.6221,upper,0.0509,0.010264156548783208,55.0,75.0,4.0,12.0,12.0,2.366154909133911,0.9899405812223753,3.0,11.879286974668503,4.199652668465093,3.1899484348258644,2.249462664919899,0.6998389269167137,0.04318678379058838,1.0,1.0,0.057022809982299805,0.057022809982299805,0.0,0.057022809982299805,0.057022809982299805,0.05702280998229981,-0.0,0.0,0.3032045120668225,12.0,12.0,2.37365403175354,0.9455666633943716,3.0,11.34679996073246,10.055475711077452,2.2173453451607736,1.0,0.6,0.034173202514648435,0.025667738914489747,0.4,0.03993091583251953,0.021827661991119386,0.20117617370440571,1.0,1.0,0.0,0.0,1
2024-02-07,43078.0,44247.0,44322.0,42759.0,21200879624.73537,868672050077.7697,upper,0.0634,0.026543036476231876,56.0,76.0,4.0,12.0,12.0,2.020211696624756,0.8167617134749889,2.0,9.801140561699867,3.3629650194903014,2.5328605930160846,2.2920476373886514,0.5247489370429288,0.8490872234106064,1.0,1.0,0.052849769592285156,0.052849769592285156,0.0,0.052849769592285156,0.052849769592285156,0.05284976959228516,-0.0,0.0,0.23210611084864965,12.0,12.0,2.2987387657165526,0.9199508095781008,2.8,11.03940971493721,10.396855027228593,2.2328124262551428,1.2,0.7,0.04474315643310547,0.036237692832946776,0.4,0.05050086975097656,0.0271126389503479,0.20117617370440571,1.0,1.0,0.0,0.0,1
2024-02-08,44318.0,45338.0,45559.0,44318.0,27709605138.49859,890468166608.419,upper,0.039,0.024357960400858525,57.0,77.0,4.0,12.0,12.0,1.7736982107162476,0.7554675576587518,2.0,9.065610691905022,3.0457707984796025,2.2591613177208236,2.3129300471422027,0.4498096809367011,0.8597471117973328,1.0,1.0,0.04640090465545654,0.04640090465545654,0.0,0.04640090465545654,0.04640090465545654,0.04640090465545655,-0.0,0.0,0.3587031344376531,12.0,12.0,2.1767982244491577,0.8810656728843849,2.6,10.572788074612617,10.57953830435872,2.2530059374864937,1.4,0.8,0.054023337364196775,0.04551787376403808,0.4,0.05978105068206787,0.031752729415893556,0.20117617370440571,1.0,1.0,0.0,0.0,1
2024-02-09,45306.0,47143.0,48018.0,45258.0,41993952311.122856,925541926938.6151,upper,0.0598,0.03904000275731804,58.0,78.0,4.0,12.0,12.0,1.4340171813964844,0.6894339968760809,3.0,8.27320796251297,2.6897231317784693,1.9449210910982744,2.3490090206263816,0.3571623922253763,1.1050752848386765,1.0,1.0,0.037514686584472656,0.037514686584472656,0.0,0.037514686584472656,0.037514686584472656,0.03751468658447266,-0.0,0.0,0.49427150466357994,12.0,12.0,1.9908596277236938,0.8357780689994495,2.6,10.029336827993394,10.50973332747817,2.2842419990054292,1.2,0.9,0.05013353824615478,0.04588394165039063,0.2,0.05301024913787842,0.03550419807434082,0.10058781769648617,1.0,1.0,0.0,0.0,1
2024-02-10,47151.0,47769.0,48106.0,46890.0,16461159742.317774,938210772985.4427,upper,0.0466,0.01319135783874706,59.0,79.0,4.0,12.0,12.0,1.2151063680648804,0.5647674426436424,3.0,6.777209311723709,2.228780794473953,1.6270225828309217,2.33831447286357,0.3082094334719311,0.9162989258766174,0.0,0.0,0.0,0.0,0.0,0.0,0.0,0.0,0.0,0.0,0.037514686584472656,12.0,12.0,1.7618376731872558,0.7632742583751678,2.6,9.159291100502013,10.140499500930309,2.308352768588141,0.8,0.8,0.03875763416290283,0.03875763416290283,0.0,0.03875763416290283,0.0336419939994812,0.0,1.0,1.0,0.0,0.0,1
2024-02-11,47770.0,48190.0,48487.0,47624.0,13196875460.84672,945579645769.01,upper,0.0379,0.008774637109842694,60.0,80.0,4.0,12.0,12.0,0.8228507041931152,0.4528523509701093,3.0,5.434228211641312,1.730604227723741,1.232414466082858,2.3737314906443814,0.21096760645207782,0.8453654646873474,0.0,0.0,0.0,0.0,0.0,0.0,0.0,0.0,0.0,0.0,0.0,12.0,12.0,1.4531768321990968,0.6558566123247147,2.6,7.870279347896576,9.608539654314518,2.333206533733038,0.6,0.8,0.027353072166442872,0.027353072166442872,0.0,0.027353072166442872,0.0336419939994812,0.0,1.0,1.0,0.0,0.0,1
2024-02-12,48296.0,50050.0,50260.0,47729.0,37684440686.70893,981463410832.9637,upper,0.0414,0.03787097510898822,61.0,81.0,4.0,12.0,12.0,0.8244934678077698,0.4554426620403926,3.0,5.465311944484711,1.7359965948415679,1.2325348417311772,2.374955010246876,0.20907493800554056,0.2822193056344986,0.0,0.0,0.0,0.0,0.0,0.0,0.0,0.0,0.0,0.0,0.0,12.0,12.0,1.2140331864356995,0.5835928020377954,2.8,7.003113624453545,9.021261669695377,2.3497880083046825,0.4,0.8,0.01678311824798584,0.01678311824798584,0.0,0.01678311824798584,0.0336419939994812,0.0,1.0,1.0,0.0,0.0,1
2024-02-13,49962.0,49732.0,50241.0,48385.0,37331081151.024765,974585308372.1277,upper,0.0405,-0.0063739166705384384,62.0,82.0,4.0,12.0,12.0,0.7753344774246216,0.4654567427933216,4.0,5.585480913519859,1.7450858510926675,1.22147158087982,2.391460368618815,0.19268386776068366,0.2313549667596817,0.0,0.0,0.0,0.0,0.0,0.0,0.0,0.0,0.0,0.0,0.0,12.0,12.0,1.0143604397773742,0.5255906390647094,3.2,6.3070876687765125,8.439937871694564,2.365494072600005,0.2,0.8,0.007502937316894531,0.007502937316894531,0.0,0.007502937316894531,0.0336419939994812,0.0,1.0,1.0,0.0,0.0,1
2024-02-14,49758.0,51790.0,51937.0,49320.0,41805076939.80903,1017596576729.7906,time,-0.0005,0.040548491345109024,63.0,83.0,4.0,12.0,12.0,0.7015783786773682,0.4455972562233607,5.0,5.347167074680328,1.6792691081395228,1.1765421426234262,2.383334952803025,0.19088865875737174,0.3007592707872391,0.0,0.0,0.0,0.0,0.0,0.0,0.0,0.0,0.0,0.0,0.0,12.0,12.0,0.867872679233551,0.4768232909341653,3.6,5.721879491209984,7.875608159601688,2.3723592590353335,0.0,0.6,0.0,0.0,0.0,0.0,0.02650512456893921,0.0,1.0,0.0,0.0,0.0,1
2024-02-15,51821.0,51958.0,52801.0,51384.0,31991869491.056656,1020725811639.5323,time,0.0063,0.003238619478759235,64.0,84.0,4.0,12.0,12.0,0.6615570783615112,0.401937756066521,4.0,4.823253072798252,1.5150354866124864,1.0652504886105882,2.385788838012639,0.1724057734613441,0.22943436354398727,0.0,0.0,0.0,0.0,0.0,0.0,0.0,0.0,0.0,0.0,0.0,12.0,12.0,0.7571628212928772,0.444257353618741,3.8,5.331088243424892,7.245189671963454,2.3818541320651474,0.0,0.4,0.0,0.0,0.0,0.0,0.019378817081451415,0.0,1.0,1.0,0.0,0.0,1
2024-02-16,51941.0,52166.0,52443.0,51678.0,24850432117.896576,1024019280535.48,time,-0.0062,0.003995241763163956,65.0,85.0,4.0,12.0,12.0,0.618882954120636,0.4173128778735797,5.0,5.007754534482956,1.538962245416551,1.067304826615867,2.4134877161797137,0.15237134910802685,0.22804265469312668,0.0,0.0,0.0,0.0,0.0,0.0,0.0,0.0,0.0,0.0,0.0,12.0,12.0,0.7163692712783813,0.43714945899943514,4.2,5.245793507993222,6.558036427944899,2.3898053771722134,0.0,0.3,0.0,0.0,0.0,0.0,0.013676536083221436,0.0,1.0,0.0,0.0,0.0,1
2024-02-17,52176.0,51685.0,52201.0,50675.0,19851884283.15723,1015778284418.9253,time,-0.0071,-0.009263337657275253,66.0,86.0,4.0,12.0,12.0,0.5973027348518372,0.4344455301761627,6.0,5.213346362113953,1.5663763518737495,1.0707164617785287,2.441714726712297,0.12537272810462366,0.18336203694343567,0.0,0.0,0.0,0.0,0.0,0.0,0.0,0.0,0.0,0.0,0.0,12.0,12.0,0.6709311246871948,0.4329500326265891,4.8,5.19540039151907,6.099257007986307,2.403157320465298,0.0,0.2,0.0,0.0,0.0,0.0,0.00839155912399292,0.0,1.0,0.0,0.0,0.0,1
2024-02-18,51657.0,52138.0,52377.0,51215.0,17025880430.565874,1023586119011.2284,time,-0.0252,0.008726445483004169,67.0,87.0,4.0,12.0,12.0,0.5830882787704468,0.44299640382329625,4.0,5.315956845879555,1.5968141698957259,1.0894552205933599,2.440813880423965,0.12743159196712195,0.11067785322666168,0.0,0.0,0.0,0.0,0.0,0.0,0.0,0.0,0.0,0.0,0.0,12.0,12.0,0.6324818849563598,0.4284579648325841,4.8,5.141495577991009,5.724291623383761,2.413028022826328,0.0,0.1,0.0,0.0,0.0,0.0,0.0037514686584472655,0.0,1.0,0.0,0.0,0.0,1
2024-02-19,52117.0,51764.0,52468.0,51723.0,22555121071.55909,1016146442771.5667,time,-0.0041,-0.007199122544028511,68.0,88.0,4.0,12.0,12.0,0.5715181827545166,0.4202069702247779,5.0,5.042483642697334,1.5395053039586144,1.0591612270407715,2.4189587451644474,0.1446806273057022,0.07344299554824829,0.0,0.0,0.0,0.0,0.0,0.0,0.0,0.0,0.0,0.0,0.0,12.0,12.0,0.6064698457717895,0.42337990763286754,4.8,5.08055889159441,5.4012191914021965,2.4201527812986123,0.0,0.0,0.0,0.0,0.0,0.0,0.0,0.0,1.0,0.0,0.0,0.0,1
2024-02-20,51784.0,52287.0,52902.0,50953.0,34499627551.319275,1026424315285.75,time,-0.0103,0.010052847248230645,69.0,89.0,4.0,12.0,12.0,0.5652968287467957,0.43166270355383557,4.0,5.179952442646027,1.572898404810944,1.0759418796440448,2.423568531542368,0.14083593178587095,0.04575665295124054,0.0,0.0,0.0,0.0,0.0,0.0,0.0,0.0,0.0,0.0,0.0,12.0,12.0,0.5872177958488465,0.42932489713033045,4.8,5.151898765563965,5.241493504494429,2.427708720004558,0.0,0.0,0.0,0.0,0.0,0.0,0.0,0.0,1.0,0.0,0.0,0.0,1
2024-02-21,52230.0,51843.0,52376.0,50706.0,30624246621.0974,1018869881156.3213,upper,0.0496,-0.008527853467689944,70.0,90.0,4.0,12.0,12.0,0.5729445815086365,0.4045434532066186,5.0,4.8545214384794235,1.5001116611717729,1.0404086627039317,2.4047541094564315,0.15450731633041112,0.04412268102169037,0.0,0.0,0.0,0.0,0.0,0.0,0.0,0.0,0.0,0.0,0.0,12.0,12.0,0.5780301213264465,0.42677101219693825,4.8,5.1212521463632585,5.18352282717824,2.425961998659902,0.0,0.0,0.0,0.0,0.0,0.0,0.0,0.0,1.0,1.0,0.0,0.0,1
2024-02-22,51863.0,51320.0,51992.0,50883.0,23733644208.80861,1007314397269.4122,upper,0.0597,-0.010139380992528705,71.0,91.0,4.0,12.0,12.0,0.5870615839958191,0.4416375458240509,5.0,5.299650549888611,1.613308823312924,1.1060351839071207,2.420924963505153,0.14782892612787352,0.090102419257164,0.0,0.0,0.0,0.0,0.0,0.0,0.0,0.0,0.0,0.0,0.0,12.0,12.0,0.5759818911552429,0.42820941532651585,4.6,5.13851298391819,5.1669566877186295,2.421804046018473,0.0,0.0,0.0,0.0,0.0,0.0,0.0,0.0,1.0,1.0,0.0,0.0,1
2024-02-23,51295.0,50841.0,51493.0,50660.0,22637679779.740997,999139504635.63,upper,0.0691,-0.009377424068091266,72.0,92.0,4.0,12.0,12.0,0.6107084155082703,0.44512510175506276,5.0,5.341501221060753,1.6513907134884334,1.1413652755026422,2.4006046002994212,0.17064949800843673,0.15584099292755127,0.0,0.0,0.0,0.0,0.0,0.0,0.0,0.0,0.0,0.0,0.0,12.0,12.0,0.5815059185028076,0.4286351549128692,4.8,5.14362185895443,5.142558718472719,2.4137621899935637,0.0,0.0,0.0,0.0,0.0,0.0,0.0,0.0,1.0,1.0,0.0,0.0,1
2024-02-24,50732.0,51553.0,51697.0,50598.0,15528276123.53668,1012485917140.1924,upper,0.0552,0.013907289016592541,73.0,93.0,4.0,12.0,12.0,0.6437241435050964,0.42715636889139813,6.0,5.125876426696777,1.624077039791596,1.1397008128343515,2.370379050400658,0.1932346305583843,0.19702951610088348,0.0,0.0,0.0,0.0,0.0,0.0,0.0,0.0,0.0,0.0,0.0,12.0,12.0,0.5959471106529236,0.43002503464619324,5.0,5.160300415754318,5.120429653674364,2.4040462510408065,0.0,0.0,0.0,0.0,0.0,0.0,0.0,0.0,1.0,1.0,0.0,0.0,1
2024-02-25,51558.0,51752.0,51918.0,51308.0,15455098216.48263,1016549456019.3263,upper,0.0513,0.00385267404574741,74.0,94.0,4.0,12.0,12.0,0.7010098695755005,0.4242350397010644,5.0,5.090820476412773,1.6503288464635508,1.1780501839753417,2.345887424477888,0.21677193748033702,0.2563546299934387,0.0,0.0,0.0,0.0,0.0,0.0,0.0,0.0,0.0,0.0,0.0,12.0,12.0,0.6230897188186646,0.42853950187563894,5.2,5.142474022507668,5.147186394035816,2.38851002962791,0.0,0.0,0.0,0.0,0.0,0.0,0.0,0.0,1.0,1.0,0.0,0.0,1
2024-02-26,51725.0,54478.0,54925.0,50927.0,35407941475.56789,1071049856128.8474,upper,0.0453,0.051333871706187605,75.0,95.0,4.0,12.0,12.0,0.966289222240448,0.4747374964257081,4.0,5.696849957108498,1.87783011242302,1.360404494574406,2.328335775347885,0.2616832762730646,0.26067206263542175,0.0,0.0,0.0,0.0,0.0,0.0,0.0,0.0,0.0,0.0,0.0,12.0,12.0,0.7017586469650269,0.44257831051945684,5.0,5.3109397262334825,5.2160959362983705,2.373226362806201,0.0,0.0,0.0,0.0,0.0,0.0,0.0,0.0,1.0,1.0,0.0,0.0,1
2024-02-27,54528.0,57004.0,57469.0,54478.0,51983799587.1939,1118963733317.3013,upper,0.093,0.04532449036309379,76.0,96.0,4.0,12.0,12.0,0.9929994344711304,0.5276866319278876,4.0,6.332239583134651,2.0909997232358943,1.5065432712600095,2.3198963362039575,0.2930929409459013,0.2604178786277771,0.0,0.0,0.0,0.0,0.0,0.0,0.0,0.0,0.0,0.0,0.0,12.0,12.0,0.7829462170600892,0.45978812774022426,4.8,5.51745753288269,5.327985258400441,2.353020637345962,0.0,0.0,0.0,0.0,0.0,0.0,0.0,0.0,1.0,1.0,0.0,0.0,1
2024-02-28,57050.0,62559.0,63637.0,56741.0,87218855804.01622,1225273849241.6978,upper,0.0861,0.09298867064360246,77.0,97.0,4.0,12.0,12.0,1.6273760795593262,0.5157878957688808,3.0,6.18945474922657,2.278458081709795,1.8115578583662821,2.2120247470568706,0.4081385987064118,0.4497203081846237,0.0,0.0,0.0,0.0,0.0,0.0,0.0,0.0,0.0,0.0,0.0,12.0,12.0,0.9862797498703003,0.4739206865429878,4.4,5.687048238515854,5.415335048735142,2.3153046666974517,0.0,0.0,0.0,0.0,0.0,0.0,0.0,0.0,1.0,1.0,0.0,0.0,1
2024-02-29,62519.0,61298.0,63435.0,60562.0,67692687247.36391,1206725326872.1362,upper,0.1065,-0.020362895472062142,78.0,98.0,4.0,12.0,12.0,1.1734529733657837,0.43690376232067746,3.0,5.242845147848129,1.8496956677153238,1.4132014465128149,2.253281599707456,0.30696841487972903,0.6963997781276703,0.0,0.0,0.0,0.0,0.0,0.0,0.0,0.0,0.0,0.0,0.0,12.0,12.0,1.0922255158424377,0.4758701652288437,3.8,5.710441982746124,5.435371199250222,2.2918851765588113,0.0,0.0,0.0,0.0,0.0,0.0,0.0,0.0,1.0,1.0,0.0,0.0,1
2024-03-01,61201.0,62427.0,63136.0,60833.0,36699193361.155365,1227712629022.1812,upper,0.0883,0.0182506581162462,79.0,99.0,4.0,12.0,12.0,1.0643491744995117,0.4124088374276956,4.0,4.948906049132347,1.7488444676113235,1.3272480879643613,2.2451694944079224,0.291187851972052,0.2918076664209366,0.0,0.0,0.0,0.0,0.0,0.0,0.0,0.0,0.0,0.0,0.0,12.0,12.0,1.16489337682724,0.47350492477416994,3.6,5.682059097290039,5.412266559898853,2.2717415905448184,0.0,0.0,0.0,0.0,0.0,0.0,0.0,0.0,1.0,1.0,0.0,0.0,1
2024-03-02,62418.0,62068.0,62437.0,61721.0,25198213831.25236,1219383305483.4985,,,-0.005767315877514642,80.0,100.0,4.0,12.0,12.0,1.005629539489746,0.4279912294199069,5.0,5.135894753038883,1.7509307293843326,1.2966101562075085,2.2836865501802235,0.2688928704859351,0.21350153535604477,0.0,0.0,0.0,0.0,0.0,0.0,0.0,0.0,0.0,0.0,0.0,12.0,12.0,1.1727614402770996,0.46415567137300967,3.8,5.569868056476116,5.4404038913548,2.262811745511286,0.0,0.0,0.0,0.0,0.0,0.0,0.0,0.0,1.0,,0.0,0.0,1
2024-03-03,62025.0,63053.0,63234.0,61483.0,27108369390.44353,1236312176673.4497,,,0.015745084342432273,81.0,101.0,4.0,12.0,12.0,1.2350863218307495,0.48037819874783355,2.0,5.764538384974003,2.0410800825684126,1.5471099545491989,2.234723868221949,0.3411804675767799,0.21199265122413635,0.0,0.0,0.0,0.0,0.0,0.0,0.0,0.0,0.0,0.0,0.0,12.0,12.0,1.2211788177490235,0.45469398473699885,3.4,5.456327816843986,5.486892674863339,2.245777251914884,0.0,0.0,0.0,0.0,0.0,0.0,0.0,0.0,1.0,,0.0,0.0,1
2024-03-04,63169.0,68187.0,68551.0,62883.0,74551714626.1156,1333913436699.1726,,,0.07827828828046196,82.0,102.0,4.0,12.0,12.0,1.0653581619262695,0.4888939708471298,3.0,5.866727650165558,2.022618065906395,1.4980921749089897,2.259534524617692,0.319214669640306,0.4669901207089424,0.0,0.0,0.0,0.0,0.0,0.0,0.0,0.0,0.0,0.0,0.0,12.0,12.0,1.1087752342224122,0.44931519975264866,3.4,5.391782397031784,5.539415317773819,2.2552792074270487,0.0,0.0,0.0,0.0,0.0,0.0,0.0,0.0,1.0,,0.0,0.0,1
2024-03-05,68340.0,64292.0,68913.0,60861.0,96403762012.66058,1264870242318.5977,,,-0.05881872413723732,83.0,103.0,4.0,12.0,12.0,1.032307744026184,0.48603981484969455,3.0,5.832477778196335,1.9778631526577988,1.4451498886221128,2.274896078571791,0.299600599578275,0.28275442123413086,0.0,0.0,0.0,0.0,0.0,0.0,0.0,0.0,0.0,0.0,0.0,12.0,12.0,1.0805461883544922,0.45914241025845204,3.4,5.509708923101425,5.610075452923775,2.259602103199916,0.0,0.0,0.0,0.0,0.0,0.0,0.0,0.0,1.0,,0.0,0.0,1
2024-03-06,63789.0,66146.0,67510.0,62933.0,73151905042.04068,1297845751759.601,,,0.02842921339387151,84.0,104.0,4.0,12.0,12.0,0.9765987992286682,0.5043895288060108,3.0,6.052674345672131,1.9509125638068756,1.3954230179134202,2.352252628504137,0.2505251601452637,0.2758200690150261,0.0,0.0,0.0,0.0,0.0,0.0,0.0,0.0,0.0,0.0,0.0,12.0,12.0,1.0629961133003234,0.47753854853411515,3.2,5.730462582409382,5.70626083984971,2.2810187300191584,0.0,0.0,0.0,0.0,0.0,0.0,0.0,0.0,1.0,,0.0,0.0,1
2024-03-07,66090.0,66945.0,68006.0,65722.0,48853892626.0196,1317508010581.0813,,,0.01200696664857696,85.0,105.0,4.0,12.0,12.0,0.9327967166900635,0.546141811956962,4.0,6.553701743483543,2.0751564190832026,1.4677111736145052,2.37461928035382,0.24614081648022423,0.2633044943213463,0.0,0.0,0.0,0.0,0.0,0.0,0.0,0.0,0.0,0.0,0.0,12.0,12.0,1.048429548740387,0.5011686650415261,3.0,6.0140239804983135,5.791946018487215,2.299205276053878,0.0,0.0,0.0,0.0,0.0,0.0,0.0,0.0,1.0,,0.0,0.0,1
2024-03-08,66949.0,68315.0,69428.0,66610.0,63346588227.32869,1340971395884.519,,,0.020257975041108364,86.0,106.0,4.0,12.0,12.0,0.88921058177948,0.5827473277846972,4.0,6.992967933416367,2.1513260329579547,1.4972878634551934,2.4148455065060705,0.21468393892731133,0.34633077681064606,0.0,0.0,0.0,0.0,0.0,0.0,0.0,0.0,0.0,0.0,0.0,12.0,12.0,0.979254400730133,0.5216424908488989,3.4,6.2597098901867865,5.858018853515387,2.335229603710702,0.0,0.0,0.0,0.0,0.0,0.0,0.0,0.0,1.0,,0.0,0.0,1
2024-03-09,68315.0,68508.0,68670.0,68053.0,21359706190.81524,1346027264110.4956,,,0.002821164979671267,87.0,107.0,4.0,12.0,12.0,0.8641558885574341,0.5383352326850096,4.0,6.460022792220116,1.9935277615289138,1.3918602213938078,2.4118887038797694,0.20340744475604458,0.17791996896266937,0.0,0.0,0.0,0.0,0.0,0.0,0.0,0.0,0.0,0.0,0.0,12.0,12.0,0.939013946056366,0.5315307432164749,3.6,6.378368918597698,5.885075657814741,2.365700439563118,0.0,0.0,0.0,0.0,0.0,0.0,0.0,0.0,1.0,,0.0,0.0,1
2024-03-10,68484.0,69076.0,70009.0,68351.0,36660543917.16198,1357390358031.5388,,,0.008256820952301172,88.0,108.0,4.0,12.0,12.0,0.8453227877616882,0.4972330629825592,4.0,5.9667967557907104,1.8693705310556068,1.322578919256695,2.3970767041752348,0.20969373605787342,0.15778414905071259,0.0,0.0,0.0,0.0,0.0,0.0,0.0,0.0,0.0,0.0,0.0,12.0,12.0,0.9016169548034668,0.5337693928430478,3.8,6.405232714116574,5.957470818608999,2.3901365646838064,0.0,0.0,0.0,0.0,0.0,0.0,0.0,0.0,1.0,,0.0,0.0,1
2024-03-11,69046.0,72131.0,72711.0,67785.0,66653067165.93465,1417772589113.9521,,,0.043276562553980276,89.0,109.0,4.0,12.0,12.0,0.8167659640312195,0.4675050228834152,3.0,5.610060274600983,1.758182799316458,1.2480944623254981,2.39875870857886,0.1975844542547114,0.19269070029258728,0.0,0.0,0.0,0.0,0.0,0.0,0.0,0.0,0.0,0.0,0.0,12.0,12.0,0.8696503877639771,0.5263924916585287,3.8,6.316709899902344,6.023586241155863,2.3994377806987512,0.0,0.0,0.0,0.0,0.0,0.0,0.0,0.0,1.0,,0.0,0.0,1
2024-03-12,72109.0,71467.0,72734.0,69368.0,64599341551.27301,1403692914139.1924,,,-0.009248105579639428,90.0,110.0,4.0,12.0,12.0,0.806915283203125,0.5091113050778707,4.0,6.109335660934448,1.8856145385404957,1.320734155663608,2.4149948596062796,0.19261583883864392,0.14258918166160583,0.0,0.0,0.0,0.0,0.0,0.0,0.0,0.0,0.0,0.0,0.0,12.0,12.0,0.8444741010665894,0.5189863902827104,3.8,6.227836683392525,6.120930331945419,2.407512896549243,0.0,0.0,0.0,0.0,0.0,0.0,0.0,0.0,1.0,,0.0,0.0,1
2024-03-13,71444.0,73098.0,73604.0,71337.0,51906601043.53671,1436631290571.5388,,,0.02256520190356092,91.0,111.0,4.0,12.0,12.0,0.802283525466919,0.4838033566872279,4.0,5.805640280246735,1.7944283344298007,1.2603093829934202,2.4144378255613645,0.18510915520816354,0.0871412456035614,0.0,0.0,0.0,0.0,0.0,0.0,0.0,0.0,0.0,0.0,0.0,12.0,12.0,0.8270886898040771,0.4991975960632165,3.8,5.990371152758598,6.125040521472693,2.4074313603603015,0.0,0.0,0.0,0.0,0.0,0.0,0.0,0.0,1.0,,0.0,0.0,1
2024-03-14,73091.0,71420.0,73738.0,68862.0,63073551321.74747,1403843488135.24,,,-0.023223064434023003,92.0,112.0,4.0,12.0,12.0,0.8311737179756165,0.4759404957294464,3.0,5.711285948753357,1.7813945608690451,1.2644575582018713,2.407229709734842,0.1947507628978476,0.25629281997680664,0.0,0.0,0.0,0.0,0.0,0.0,0.0,0.0,0.0,0.0,0.0,12.0,12.0,0.8204922556877137,0.4867186486721039,3.6,5.840623784065246,6.109496351331472,2.4064995615313167,0.0,0.0,0.0,0.0,0.0,0.0,0.0,0.0,1.0,,0.0,0.0,1
2024-03-15,71385.0,69498.0,72288.0,65848.0,81204427005.22603,1367669237527.8738,,,-0.027279966988038345,93.0,113.0,4.0,12.0,12.0,0.900651752948761,0.4895156646768252,3.0,5.8741879761219025,1.805438035590719,1.2694188722518938,2.4234941142596544,0.17890860534309747,0.3343684673309326,0.0,0.0,0.0,0.0,0.0,0.0,0.0,0.0,0.0,0.0,0.0,12.0,12.0,0.8315580487251282,0.48517516901095703,3.4,5.822102028131485,6.113667371124029,2.4117830435482004,0.0,0.0,0.0,0.0,0.0,0.0,0.0,0.0,1.0,,0.0,0.0,1
2024-03-16,69441.0,65292.0,70034.0,65015.0,49265436012.59228,1282404282863.459,,,-0.062428457886475414,94.0,114.0,4.0,12.0,12.0,1.0136888027191162,0.5701326032479604,3.0,6.841591238975525,2.1077205460800297,1.4796437425414497,2.419186663503967,0.21249934841710774,0.2819705009460449,0.0,0.0,0.0,0.0,0.0,0.0,0.0,0.0,0.0,0.0,0.0,12.0,12.0,0.8709426164627075,0.5057006850838661,3.4,6.068408221006393,6.192559060454369,2.415868634533221,0.0,0.0,0.0,0.0,0.0,0.0,0.0,0.0,1.0,,0.0,0.0,1
2024-03-17,65323.0,68425.0,68804.0,64866.0,47190980586.56393,1344508983079.8567,,,0.046868737634954104,95.0,115.0,4.0,12.0,12.0,1.1916635036468506,0.6058547620971998,3.0,7.270257145166397,2.2282968176731495,1.5700093177622154,2.4284299601252917,0.21613784077567103,0.5389744639396667,0.0,0.0,0.0,0.0,0.0,0.0,0.0,0.0,0.0,0.0,0.0,12.0,12.0,0.9478922605514526,0.525049376487732,3.2,6.300592517852783,6.264214600622654,2.418555654637024,0.0,0.0,0.0,0.0,0.0,0.0,0.0,0.0,1.0,,0.0,0.0,1
2024-03-18,68425.0,67709.0,68834.0,66605.0,51101822566.75771,1331771923948.0378,,,-0.010519144405477394,96.0,116.0,4.0,12.0,12.0,1.4112313985824585,0.6711272845665613,3.0,8.053527414798737,2.490753349039291,1.7791505268884726,2.422580805117923,0.2580229738922177,0.6062991917133331,0.0,0.0,0.0,0.0,0.0,0.0,0.0,0.0,0.0,0.0,0.0,12.0,12.0,1.0696818351745605,0.5625141620635986,3.0,6.750169944763184,6.370270548760891,2.4201842505483357,0.0,0.0,0.0,0.0,0.0,0.0,0.0,0.0,1.0,,0.0,0.0,1
2024-03-19,67600.0,62133.0,68182.0,61593.0,80179417876.47993,1223867418062.399,,,-0.08594186175914183,97.0,117.0,4.0,12.0,12.0,1.490007758140564,0.7488342374563217,3.0,8.98601084947586,2.7540437991888864,1.9454121141049798,2.4300445146123595,0.2670400509301409,0.38279175758361816,0.0,0.0,0.0,0.0,0.0,0.0,0.0,0.0,0.0,0.0,0.0,12.0,12.0,1.20144864320755,0.6170929104089737,3.0,7.405114924907684,6.622869354486466,2.424747211523839,0.0,0.0,0.0,0.0,0.0,0.0,0.0,0.0,1.0,,0.0,0.0,1
2024-03-20,61866.0,67819.0,68034.0,60914.0,70836803714.91411,1332594162507.5205,,,0.08756514291365673,98.0,118.0,4.0,12.0,12.0,1.6703754663467407,0.8675314635038376,3.0,10.410377562046051,3.2576786972285277,2.3318245080314584,2.407309051351021,0.3629899461816209,0.23533010482788086,0.0,0.0,0.0,0.0,0.0,0.0,0.0,0.0,0.0,0.0,0.0,12.0,12.0,1.355393385887146,0.6926960701743762,3.0,8.312352842092514,7.067227435112,2.421510198942112,0.0,0.0,0.0,0.0,0.0,0.0,0.0,0.0,1.0,,0.0,0.0,1
2024-03-21,67855.0,65536.0,68120.0,64760.0,48393664548.05336,1287348061971.4202,,,-0.034242781698792385,99.0,119.0,4.0,12.0,12.0,1.655461072921753,0.9249768952528635,4.0,11.099722743034363,3.3891622770294467,2.365133013856854,2.42919553675163,0.31877811758597596,0.43803441524505615,2.0,2.0,0.25355637073516846,0.1591452956199646,1.0,0.3182905912399292,0.2616894198181294,0.25495511358232054,0.5050537480022272,0.09441107511520386,0.3182905912399292,12.0,12.0,1.4837478399276733,0.7636649285753567,3.2,9.163979142904282,7.6161936819553375,2.423511973591645,0.4,0.2,0.05071127414703369,0.03182905912399292,0.2,0.06365811824798584,0.03182905912399292,0.10101074960044545,1.0,,1.0,1.0,1
2024-03-22,65492.0,63509.0,66596.0,62450.0,42436600223.53738,1247366367469.2778,,,-0.031417981837948514,100.0,120.0,4.0,12.0,12.0,1.6480923891067505,0.926800529162089,3.0,11.121606349945068,3.376903820876378,2.35007190575772,2.436108283363231,0.30220974576000786,0.17542129755020142,2.0,2.0,0.2592473030090332,0.16271716356277466,1.0,0.3254343271255493,0.2675628641625324,0.2606774321216247,0.5050533466022801,0.09653013944625854,0.11586417300689184,12.0,12.0,1.5750336170196533,0.8278540819883347,3.2,9.934248983860016,8.1174207508564,2.4250476382392328,0.8,0.4,0.10256073474884034,0.06437249183654785,0.4,0.1287449836730957,0.06437249183654785,0.20202141892090147,1.0,,1.0,1.0,1
2024-03-23,63659.0,64286.0,65937.0,63169.0,25489933245.687557,1264722355270.5166,,,0.012160250004580741,101.0,121.0,4.0,12.0,12.0,1.7279295921325684,1.0223041027784348,4.0,12.267649233341217,3.773763378354333,2.649992650618833,2.4219351618385225,0.37638874995551064,0.4769824147224426,2.0,2.0,0.2718057632446289,0.1705995798110962,1.0,0.3411991596221924,0.28052418147783426,0.27330517969932894,0.5050537923319045,0.10120618343353271,0.2556841733364962,12.0,12.0,1.6383732557296753,0.8980894456307092,3.4,10.777073347568512,8.763621646165848,2.4249185095833528,1.2,0.6,0.1569218873977661,0.09849240779876708,0.6,0.19698481559753417,0.09849240779876708,0.30303217738728233,1.0,,1.0,1.0,1
2024-03-24,64018.0,67311.0,67590.0,63873.0,28098318940.431744,1323456466317.511,,,0.04598179240212991,102.0,122.0,4.0,12.0,12.0,1.8288542032241821,1.1455658078193665,4.0,13.746789693832397,4.2102530834060214,2.934351691575783,2.4240856257748815,0.40603558811511636,0.49692386388778687,2.0,2.0,0.28768110275268555,0.1805638074874878,1.0,0.3611276149749756,0.2969087520411283,0.2892680994334639,0.505053975365514,0.10711729526519775,0.32321849635608524,12.0,12.0,1.706142544746399,0.9774357597033182,3.6,11.72922911643982,9.567172020673752,2.423726731815857,1.6,0.8,0.21445810794830322,0.13460516929626465,0.8,0.2692103385925293,0.13460516929626465,0.40404297246038523,1.0,,1.0,1.0,1
2024-03-25,67232.0,69939.0,71007.0,66475.0,44820310272.647514,1371797489739.3416,,,0.03829976301757465,103.0,123.0,4.0,12.0,12.0,1.783467411994934,1.153323471546173,4.0,13.839881658554077,4.182116530882477,2.877398533186047,2.436968314832796,0.35686579149225145,0.19531673192977905,2.0,2.0,0.4824258089065552,0.2774333357810974,1.0,0.5548666715621948,0.48783433630837975,0.48296965876499487,0.38744121328659553,0.20499247312545776,0.2667017822884358,12.0,12.0,1.7287609338760377,1.0345941613117853,3.8,12.415129935741424,10.363741388916969,2.4296585845122123,2.0,1.0,0.3109432697296143,0.19009183645248412,1.0,0.38018367290496824,0.19009183645248412,0.4815312151177043,1.0,,1.0,1.0,1
2024-03-26,69946.0,70082.0,71419.0,69567.0,36257324508.56845,1375728580463.2524,,,0.002042551470372645,104.0,124.0,4.0,12.0,12.0,1.826921820640564,1.1692674557367961,4.0,14.031209468841553,4.255317378510708,2.9355834758460695,2.432963051576676,0.37655116908958913,0.2787533402442932,2.0,2.0,0.49418020248413086,0.2841929793357849,1.0,0.5683859586715698,0.4997204886520126,0.4947373001630417,0.38744080314116225,0.20998722314834595,0.1376574731906866,12.0,12.0,1.7630530834197997,1.0834522734085719,3.8,13.001427280902863,11.082703211903572,2.4304120874772215,2.0,1.2,0.35906803607940674,0.2151013731956482,1.0,0.4302027463912964,0.24693043231964112,0.45800862614549126,1.0,,1.0,1.0,1
2024-03-27,69979.0,69436.0,71528.0,68490.0,41441040887.822266,1360261687784.1018,,,-0.009260520027394484,105.0,125.0,4.0,12.0,12.0,1.8607255220413208,1.2497518559296925,5.0,14.997022271156311,4.603690000459807,3.2012981566857692,2.4189950411943806,0.45197761776599477,0.20277094841003418,2.0,2.0,0.4973304271697998,0.2860046625137329,1.0,0.5720093250274658,0.5029060464680568,0.49789107853749,0.38744110897089035,0.2113257646560669,0.03689292755455771,12.0,12.0,1.805579710006714,1.1480425387620925,4.2,13.776510465145112,11.855379724502564,2.426989439043451,2.0,1.4,0.4066846609115601,0.23975887298583984,1.0,0.4795177459716797,0.3041313648223877,0.43448617861921335,1.0,,1.0,1.0,1
2024-03-28,69402.0,70710.0,71552.0,68991.0,30455289338.47621,1390869723348.0437,,,0.01818154060984668,106.0,126.0,4.0,12.0,12.0,1.8375953435897827,1.2201355695724487,5.0,14.641626834869385,4.49468102544467,3.126837480144454,2.419176347267843,0.44134149880994933,0.2403917908668518,2.0,2.0,0.49114811420440674,0.28244930505752563,1.0,0.5648986101150513,0.49665441277976274,0.49170179456882446,0.3874409081827811,0.2086988091468811,0.07240085858411963,12.0,12.0,1.8275128602981567,1.1876088321208953,4.4,14.251305985450745,12.514189666509628,2.426437676129315,2.0,1.6,0.45055313110351564,0.2621288180351257,1.0,0.5242576360702514,0.36062122583389283,0.4109636017893886,1.0,,1.0,1.0,1
2024-03-29,70744.0,69919.0,70908.0,69197.0,25785951735.485695,1374646886107.8396,,,-0.011249576430641365,107.0,127.0,4.0,12.0,12.0,1.8252102136611938,1.1948593606551488,4.0,14.338312327861786,4.360356266689897,3.013199168378988,2.429536032223137,0.39585772607498404,0.16355520486831665,1.0,1.0,0.39135122299194336,0.39135122299194336,0.0,0.39135122299194336,0.39135122299194336,0.39135122299194336,-0.0,0.0,0.3904073213484619,12.0,12.0,1.8267840623855591,1.197467542688052,4.4,14.369610512256623,13.049419814348221,2.4275277574189666,1.8,1.7,0.4712871551513672,0.30428630113601685,0.8,0.530302357673645,0.39975634813308714,0.3099528067162859,1.0,,1.0,1.0,1
2024-03-30,69906.0,69702.0,70343.0,69622.0,16408802301.837431,1370247487960.0945,,,-0.003108417426115292,108.0,128.0,4.0,12.0,12.0,1.8171451091766357,1.1934526364008586,4.0,14.321431636810303,4.348488556120262,3.0023547406164894,2.431481029975409,0.3891660291275608,0.09760099649429321,1.0,1.0,0.3896219730377197,0.3896219730377197,0.0,0.3896219730377197,0.3896219730377197,0.3896219730377197,-0.0,0.0,0.013280574546348324,12.0,12.0,1.8335196018218993,1.205493375658989,4.4,14.465920507907867,13.440525221824647,2.426430300447489,1.6,1.8,0.4527263879776001,0.3267240285873413,0.6,0.49725341796875,0.4387185454368591,0.2324645640589668,1.0,,1.0,1.0,1
2024-03-31,69622.0,71247.0,71315.0,69622.0,19723005998.21497,1401370211582.3662,,,0.021923701239757808,109.0,129.0,4.0,12.0,12.0,1.7812209129333496,1.0917289555072784,3.0,13.100747466087341,4.024110053269917,2.809255867493079,2.420240761438825,0.3969672922412137,0.3436131477355957,0.0,0.0,0.0,0.0,0.0,0.0,0.0,0.0,0.0,0.0,0.3896219730377197,12.0,12.0,1.8243794202804566,1.1899856756130853,4.2,14.279828107357025,13.640627694129943,2.423885842419919,1.2,1.6,0.3538903474807739,0.26988543272018434,0.4,0.38357622623443605,0.4068894863128662,0.1549764034307343,1.0,,0.0,0.0,1
