fast_period,slow_period,profit_factor,n_trades
5,20,1.110437547344941,83
5,21,1.1168868129743212,81
5,22,1.1171697994639453,81
5,23,1.137254783348167,83
5,24,1.1605376271080952,73
5,25,1.15612775220003,69
5,26,1.136087414253309,67
5,27,1.1515616800985042,67
5,28,1.1523562601035404,65
5,29,1.1554342067834833,63
5,30,1.1466388342321903,63
5,31,1.1397776138600222,63
5,32,1.1401562767062818,63
5,33,1.1365770633627892,63
5,34,1.1364554111507794,61
5,35,1.1393082487560777,61
5,36,1.1391526954871045,61
5,37,1.145768092998484,59
5,38,1.1371891468085167,57
5,39,1.1417057242128261,57
5,40,1.1460563161595336,57
5,41,1.1549539258601595,57
5,42,1.1665856043283613,51
5,43,1.1728285079424805,47
5,44,1.1724267296749988,45
5,45,1.1652982165359056,47
5,46,1.1676827264655083,47
5,47,1.154446169880056,47
5,48,1.1498582159060895,47
5,49,1.1499757257052696,49
5,50,1.1527751278599887,49
6,20,1.1225304121309554,79
6,21,1.1380200662945652,71
6,22,1.1424448510744263,77
6,23,1.1550625132248953,67
6,24,1.1359372142793902,65
6,25,1.1304143475203003,63
6,26,1.1389402421297687,63
6,27,1.1393985850038235,59
6,28,1.1296218018473145,57
6,29,1.1280109279501855,57
6,30,1.1066759739166143,57
6,31,1.1167197918081346,57
6,32,1.121775893101038,57
6,33,1.1366410854039632,55
6,34,1.1339924885631847,55
6,35,1.1345587561348265,53
6,36,1.136621805229469,53
6,37,1.1170387065720973,57
6,38,1.1219475021864898,59
6,39,1.1446348858334985,55
6,40,1.150873845349205,45
6,41,1.1417796522709478,45
6,42,1.1350438988337015,45
6,43,1.136125968236454,43
6,44,1.1355096426799716,43
6,45,1.136897168308481,41
6,46,1.1337640098203143,45
6,47,1.1262444248639727,45
6,48,1.1257115046143953,45
6,49,1.1261338741087026,47
6,50,1.1273410263460868,47
7,20,1.1099174513505279,71
7,21,1.134406849721392,71
7,22,1.1571907946393416,61
7,23,1.1381335263872723,59
7,24,1.1389247559311486,61
7,25,1.1380628865539026,57
7,26,1.1384515272190245,57
7,27,1.115780424803052,57
7,28,1.1219939965204315,55
7,29,1.1296682907830036,51
7,30,1.1377255026156037,51
7,31,1.1485661134746126,51
7,32,1.1415013123612934,49
7,33,1.148364768852826,47
7,34,1.1522966545184572,47
7,35,1.1464878817015747,47
7,36,1.140684426387601,47
7,37,1.1557905745998156,43
7,38,1.1555857611842746,41
7,39,1.142421022550798,41
7,40,1.1512128761151932,41
7,41,1.1433567752448666,37
7,42,1.1392082820496883,37
7,43,1.1380107598963587,37
7,44,1.1278395342383485,43
7,45,1.1387332135189407,41
7,46,1.128709572950782,47
7,47,1.1243950815100079,45
7,48,1.1143876019469943,47
7,49,1.1094682452446354,45
7,50,1.11515864860687,45
8,20,1.1576213470908494,63
8,21,1.1472211035663042,59
8,22,1.133967383624914,57
8,23,1.1325254238400932,59
8,24,1.1383372804131124,51
8,25,1.1471796152563174,49
8,26,1.1346779321737137,49
8,27,1.1343607826891127,49
8,28,1.1249407600170664,49
8,29,1.15527376985869,47
8,30,1.1764868446396213,41
8,31,1.1683132703474817,43
8,32,1.1557103334275165,43
8,33,1.138967682326944,47
8,34,1.153427966886658,43
8,35,1.1597637443797548,41
8,36,1.146107205028925,41
8,37,1.1462008761577418,41
8,38,1.147584944310006,37
8,39,1.1453526327436256,35
8,40,1.1402917051388295,37
8,41,1.136473947419416,39
8,42,1.1359684391079166,39
8,43,1.1411157793963231,37
8,44,1.1358671174479045,39
8,45,1.1264110564843008,41
8,46,1.134078266832814,41
8,47,1.1305486652602619,41
8,48,1.127954685602059,41
8,49,1.1243313935784487,39
8,50,1.1367095029234335,37
9,20,1.1815992624430705,53
9,21,1.1558658840684404,51
9,22,1.1513399876519577,49
9,23,1.1369705719463052,51
9,24,1.1412684573422132,47
9,25,1.1334386658620257,47
9,26,1.1492623998660019,45
9,27,1.145418265096936,47
9,28,1.1580769158609472,43
9,29,1.1568989680273503,41
9,30,1.1606073532833097,41
9,31,1.152934338382094,43
9,32,1.1678904115563769,39
9,33,1.1589463886403923,41
9,34,1.1659160018896224,39
9,35,1.1615050652158536,39
9,36,1.1454081316430107,37
9,37,1.144157116514506,37
9,38,1.1454145447680113,35
9,39,1.140070777199612,35
9,40,1.1424271970936946,35
9,41,1.1417247514334339,37
9,42,1.1345494065469823,39
9,43,1.139042077834269,37
9,44,1.1261548074132046,37
9,45,1.125139524055722,41
9,46,1.1327885805600233,45
9,47,1.137910395759563,39
9,48,1.142665471371334,35
9,49,1.138178224173481,35
9,50,1.1367879544742499,35
10,20,1.1555303214308308,49
10,21,1.147270271485784,49
10,22,1.1457916433570565,47
10,23,1.1467717360814698,45
10,24,1.1496497390870988,45
10,25,1.147885379791451,45
10,26,1.166429467776731,41
10,27,1.1507140418344277,43
10,28,1.1542059495522878,41
10,29,1.160410764659898,41
10,30,1.1779803495004906,37
10,31,1.1595535411219116,39
10,32,1.1687929511775277,37
10,33,1.1582323561753056,39
10,34,1.151051097610991,37
10,35,1.15140837008331,35
10,36,1.1473129611962376,35
10,37,1.154557803684537,33
10,38,1.1544146861536626,33
10,39,1.1467786505115274,35
10,40,1.1446325369761556,35
10,41,1.1467978138535637,37
10,42,1.1272021004657595,39
10,43,1.128048287607852,39
10,44,1.1382043946252716,37
10,45,1.1346374787195188,39
10,46,1.1477155025057217,37
10,47,1.1379235860138845,35
10,48,1.1395651340392983,35
10,49,1.1292940678964145,35
10,50,1.1387930807910496,33
11,20,1.1635457885029161,47
11,21,1.1424626313262407,45
11,22,1.1467717360814698,45
11,23,1.1478169235372324,45
11,24,1.143719372834595,45
11,25,1.1606817341448326,41
11,26,1.1491902214579028,41
11,27,1.1514284436529236,41
11,28,1.169816156698728,37
11,29,1.1740205393881418,37
11,30,1.1597780789572514,39
11,31,1.1636611314917422,37
11,32,1.1585513133546939,37
11,33,1.151986334341803,37
11,34,1.1575742952966135,35
11,35,1.1495401858677416,35
11,36,1.1469530977583366,33
11,37,1.1429187315129168,33
11,38,1.1480389921784275,33
11,39,1.154961559473293,33
11,40,1.1350989927125097,35
11,41,1.12852955710728,37
11,42,1.1341052749830927,37
11,43,1.1344425710542774,37
11,44,1.1351537968360983,35
11,45,1.1291071702606859,39
11,46,1.1424632021200312,35
11,47,1.1391706501087717,35
11,48,1.1475155212520474,33
11,49,1.1522488321369202,33
11,50,1.142828292169133,33
12,20,1.141941555968811,45
12,21,1.1417973975108333,45
12,22,1.1445630913361577,45
12,23,1.1611234310081544,43
12,24,1.1547712830302692,41
12,25,1.1545418270061765,39
12,26,1.1558674271341822,41
12,27,1.1614035028774532,37
12,28,1.1665095702734882,37
12,29,1.1664767874340896,37
12,30,1.1698736846242221,35
12,31,1.166034716697573,35
12,32,1.1433412093416155,37
12,33,1.153607229433476,35
12,34,1.143226757413983,35
12,35,1.1446773641252133,33
12,36,1.150747458693993,33
12,37,1.153294404598466,33
12,38,1.139542125751741,33
12,39,1.1380392621270243,33
12,40,1.1465851394118232,31
12,41,1.1341715370953362,33
12,42,1.1339089038889465,35
12,43,1.1315769097681156,37
12,44,1.1338133236331462,37
12,45,1.1377569005632777,37
12,46,1.1552615221533933,35
12,47,1.1511420503584875,33
12,48,1.1453085897465025,33
12,49,1.1459622767705617,33
12,50,1.1451154187692123,33
13,20,1.1351213682258574,47
13,21,1.1421776049627843,45
13,22,1.1599732975794197,41
13,23,1.1487755067682432,41
13,24,1.1578783608155188,39
13,25,1.164680317724974,39
13,26,1.1612266160245972,37
13,27,1.1724024133037951,37
13,28,1.1739708237428919,35
13,29,1.1643637211881288,35
13,30,1.1506792228492804,35
13,31,1.1347875640846994,37
13,32,1.1420032452224433,35
13,33,1.139355715713209,35
13,34,1.1505967230613412,33
13,35,1.1548955531756135,33
13,36,1.1399516717060019,33
13,37,1.142350212190647,33
13,38,1.1491178551724537,31
13,39,1.1476035732969618,33
13,40,1.14873115690504,31
13,41,1.1371584893304691,35
13,42,1.1487649816106582,37
13,43,1.1357956919825631,35
13,44,1.137935543800482,35
13,45,1.144785381847448,35
13,46,1.1528690101660026,33
13,47,1.1526320181729153,33
13,48,1.1384794280088528,33
13,49,1.135417650545064,33
13,50,1.1391448240013315,33
14,20,1.1412142936668805,45
14,21,1.157183106211273,41
14,22,1.1487755067682432,41
14,23,1.1578783608155188,39
14,24,1.1614035028774532,37
14,25,1.1633366999371018,37
14,26,1.1753451413293308,35
14,27,1.1739708237428919,35
14,28,1.1592233963069525,35
14,29,1.1530590754355396,35
14,30,1.1435544832983233,35
14,31,1.14174398296597,35
14,32,1.1400113494318445,35
14,33,1.1570016722680312,33
14,34,1.157844797145342,33
14,35,1.1479629699629763,33
14,36,1.1389808731338165,33
14,37,1.1479014831452357,31
14,38,1.145062172692657,31
14,39,1.1466175536984717,31
14,40,1.1643612753226302,31
14,41,1.1376743969806011,35
14,42,1.1343175144873758,37
14,43,1.150323980858292,33
14,44,1.1355881262006484,35
14,45,1.1457200368096903,35
14,46,1.1442882079149506,33
14,47,1.1344916485597374,33
14,48,1.136803558597743,33
14,49,1.1405417666447215,31
14,50,1.1339699826605931,31
15,20,1.151364984810007,41
15,21,1.1487755067682432,41
15,22,1.1607629381798554,39
15,23,1.1594576039164126,37
15,24,1.1670907162365611,37
15,25,1.183757750701136,35
15,26,1.178049462074794,33
15,27,1.1633998115484643,35
15,28,1.1553640034233412,35
15,29,1.1477565351417385,33
15,30,1.137953736751964,35
15,31,1.1497893526412497,33
15,32,1.1546189852318196,33
15,33,1.147456414307945,33
15,34,1.1472442321970966,33
15,35,1.1529296651313536,31
15,36,1.1476961533411578,31
15,37,1.1457912807143442,31
15,38,1.1610875644383836,31
15,39,1.1457950447479657,31
15,40,1.1365312069924771,33
15,41,1.1491930263776036,35
15,42,1.1458606348243128,33
15,43,1.1349976826438049,33
15,44,1.128144811699257,35
15,45,1.141571195608231,33
15,46,1.1375878749651773,33
15,47,1.1390766571161506,33
15,48,1.1336050615849569,31
15,49,1.1269841012915567,33
15,50,1.1548498773104832,27
16,20,1.152308578447373,41
16,21,1.1708250816812436,37
16,22,1.1633366999371018,37
16,23,1.1660659179192865,37
16,24,1.1838173066412616,33
16,25,1.1769280198673882,33
16,26,1.1633998115484643,35
16,27,1.150099631322905,35
16,28,1.1410544246876726,33
16,29,1.1413150652580746,35
16,30,1.1533841731759176,33
16,31,1.153370205454125,33
16,32,1.1461542799434987,33
16,33,1.1387307647105158,33
16,34,1.1482682391431638,31
16,35,1.1429360941520001,31
16,36,1.1467048320170465,31
16,37,1.1653454148635203,31
16,38,1.1465684419267455,31
16,39,1.151780727152766,31
16,40,1.149006535194726,33
16,41,1.1402124242572778,33
16,42,1.129446718051651,33
16,43,1.1288943022097195,35
16,44,1.1392422166846272,33
16,45,1.1381200281294797,33
16,46,1.1345789633137786,31
16,47,1.1363804221983342,31
16,48,1.1541905053882668,29
16,49,1.1464938059740888,27
16,50,1.1402537421194892,27
17,20,1.1650693513835322,37
17,21,1.1721813636459721,35
17,22,1.1678508422935283,37
17,23,1.1838173066412616,33
17,24,1.1781267565530447,33
17,25,1.1554155042749072,35
17,26,1.150099631322905,35
17,27,1.1484163483013332,33
17,28,1.144883682336341,35
17,29,1.1500434102782173,33
17,30,1.143336218842921,33
17,31,1.1448340797000192,33
17,32,1.135446909830381,33
17,33,1.1406549758322493,31
17,34,1.138262738429719,31
17,35,1.1622700606269398,31
17,36,1.1491135730075601,31
17,37,1.152866402592332,31
17,38,1.1657719752465294,29
17,39,1.1472239177047703,31
17,40,1.1329034672234581,37
17,41,1.1290082787798768,33
17,42,1.1268288232172614,35
17,43,1.1370242054929414,33
17,44,1.128000316430013,33
17,45,1.1387304614291993,31
17,46,1.1517607096955853,31
17,47,1.165056436936852,29
17,48,1.1369897113275558,29
17,49,1.1521891950278804,25
17,50,1.1533671407438093,25
18,20,1.1721813636459721,35
18,21,1.1678508422935283,37
18,22,1.1770375352939861,33
18,23,1.180567775840026,33
18,24,1.1526653358242331,35
18,25,1.1534992906589248,35
18,26,1.1484163483013332,33
18,27,1.1455013165330372,35
18,28,1.1457041516084396,33
18,29,1.1461542799434987,33
18,30,1.1345372664925093,33
18,31,1.134010188769603,33
18,32,1.1417586563231203,31
18,33,1.1535633791707545,31
18,34,1.1462105008434105,31
18,35,1.1544742279911369,31
18,36,1.1512116732384958,31
18,37,1.165714594979962,29
18,38,1.1415590475035646,31
18,39,1.1356194203851275,37
18,40,1.1335750414026942,33
18,41,1.127476105679837,35
18,42,1.1305314797825736,33
18,43,1.1338021495293444,33
18,44,1.151001233776873,31
18,45,1.1579507504834248,29
18,46,1.1484692451821024,29
18,47,1.1420682501973878,29
18,48,1.1556633847750726,25
18,49,1.1828512579513322,23
18,50,1.1694476918229877,23
19,20,1.167063718185959,37
19,21,1.1770375352939861,33
19,22,1.180567775840026,33
19,23,1.1526653358242331,35
19,24,1.1401988510548922,35
19,25,1.1440426110133584,33
19,26,1.146626601567749,35
19,27,1.1410499330465371,33
19,28,1.1353986019761897,33
19,29,1.1282835872536618,33
19,30,1.1432249196878268,31
19,31,1.1404163650326946,31
19,32,1.1553271302728512,31
19,33,1.1544634988503333,31
19,34,1.1514979797414382,31
19,35,1.1652813791852439,29
19,36,1.1638076365007517,29
19,37,1.1501522262688328,29
19,38,1.1415274905958706,33
19,39,1.1369398656837797,35
19,40,1.1235045635221366,35
19,41,1.127427657860204,33
19,42,1.1358300025427126,31
19,43,1.1531097228825393,29
19,44,1.151050774982685,29
19,45,1.1452857166523682,29
19,46,1.1447852688845566,29
19,47,1.180171553442101,23
19,48,1.1838662021648374,23
19,49,1.155495725585636,23
19,50,1.1546898841776247,23
20,21,1.180567775840026,33
20,22,1.1460667487980156,35
20,23,1.1401988510548922,35
20,24,1.1409526539352124,33
20,25,1.1433067570184408,35
20,26,1.132369804694496,33
20,27,1.134091597189816,33
20,28,1.1282835872536618,33
20,29,1.1358873126077025,31
20,30,1.1431864196238046,31
20,31,1.1570691163235485,31
20,32,1.1544634988503333,31
20,33,1.1464930310472068,31
20,34,1.1629149705727833,29
20,35,1.150647641528276,29
20,36,1.1491209620608862,29
20,37,1.1451316978868329,31
20,38,1.135645074296983,35
20,39,1.1194358130667792,35
20,40,1.133123254123875,33
20,41,1.14967268459487,31
20,42,1.1471974245623766,29
20,43,1.146843861906053,29
20,44,1.1500269117937487,29
20,45,1.1656135710739368,27
20,46,1.185157857532283,23
20,47,1.1747031287771443,23
20,48,1.1541673653718962,23
20,49,1.156237313034511,23
20,50,1.1496034093970928,23
