date,stablecoin_dominance
2018-10-04,0.012667448578792883
2018-10-05,0.012473903667724428
2018-10-06,0.012431114211347526
2018-10-07,0.012584311015227268
2018-10-08,0.012517152439534857
2018-10-09,0.012343218299168648
2018-10-10,0.012399662924852001
2018-10-11,0.012692717278393077
2018-10-12,0.013880099122529034
2018-10-13,0.01346611677378746
2018-10-14,0.013437079994383079
2018-10-15,0.013366446499898722
2018-10-16,0.012745153242064945
2018-10-17,0.012748651412124935
2018-10-18,0.01259593326613228
2018-10-19,0.012951447085664359
2018-10-20,0.012974996898518623
2018-10-21,0.012828217269267398
2018-10-22,0.012858361449208076
2018-10-23,0.009722229575264977
2018-10-24,0.010156444353542045
2018-10-25,0.010142033927349692
2018-10-26,0.010183589511102202
2018-10-27,0.010183178007714925
2018-10-28,0.010155909226770204
2018-10-29,0.010157722070661733
2018-10-30,0.010572871569488477
2018-10-31,0.010513442545866414
2018-11-01,0.01044394407550192
2018-11-02,0.010381675038127291
2018-11-03,0.010284604237464736
2018-11-04,0.010119651960977477
2018-11-05,0.01034538588170049
2018-11-06,0.010027376474614226
2018-11-07,0.009670905177097271
2018-11-08,0.009742081523109231
2018-11-09,0.00996402281565755
2018-11-10,0.010055988363145875
2018-11-11,0.010072835679989347
2018-11-12,0.009996214323045177
2018-11-13,0.010061099420719864
2018-11-14,0.01010179391570841
2018-11-15,0.011240790048827564
2018-11-16,0.01141795565899451
2018-11-17,0.01172832443603955
2018-11-18,0.011675045723472978
2018-11-19,0.011543255960677005
2018-11-20,0.01342241179963627
2018-11-21,0.014810290094684887
2018-11-22,0.01447338670349324
2018-11-23,0.015339411187822087
2018-11-24,0.015187321550735967
2018-11-25,0.01745601858042552
2018-11-26,0.016392034930317306
2018-11-27,0.017601182245810382
2018-11-28,0.017289763516101602
2018-11-29,0.0159650852313226
2018-11-30,0.01585587311626045
2018-12-01,0.01690717972565977
2018-12-02,0.016160507857348287
2018-12-03,0.016554173817120252
2018-12-04,0.017519960876999214
2018-12-05,0.017225831679310258
2018-12-06,0.018218836747730713
2018-12-07,0.020173872979050014
2018-12-08,0.02037240700324467
2018-12-09,0.020173297933676133
2018-12-10,0.019754095404872992
2018-12-11,0.02048148608639982
2018-12-12,0.020947375225095197
2018-12-13,0.020563009479599152
2018-12-14,0.021396691454907864
2018-12-15,0.021878534873399188
2018-12-16,0.021941937279871326
2018-12-17,0.022084159339838438
2018-12-18,0.020384453127443747
2018-12-19,0.019165596800671304
2018-12-20,0.018914243706091467
2018-12-21,0.017229810836676997
2018-12-22,0.01815185947486896
2018-12-23,0.017440718783976746
2018-12-24,0.015820280452485652
2018-12-25,0.01656391917837848
2018-12-26,0.01798829674946246
2018-12-27,0.01778604438507219
2018-12-28,0.019280028500238685
2018-12-29,0.01747185394621126
2018-12-30,0.01823619985663451
2018-12-31,0.017835653573294485
2019-01-01,0.01872888618336292
2019-01-02,0.01830026519552806
2019-01-03,0.01754248784634373
2019-01-04,0.018314752506680243
2019-01-05,0.01795097737496078
2019-01-06,0.018157143623878547
2019-01-07,0.01739191399731313
2019-01-08,0.017652025048201767
2019-01-09,0.01778481240691715
2019-01-10,0.01781606494128962
2019-01-11,0.019887477835748273
2019-01-12,0.019879088261342964
2019-01-13,0.020093425256590112
2019-01-14,0.020962315696241726
2019-01-15,0.019682749050542844
2019-01-16,0.020220633641331687
2019-01-17,0.020000847152721966
2019-01-18,0.019838105447871016
2019-01-19,0.019990737632606156
2019-01-20,0.019520742281190346
2019-01-21,0.02026148556930147
2019-01-22,0.020287184956597593
2019-01-23,0.020065498956624753
2019-01-24,0.02007274099549416
2019-01-25,0.020028908728999976
2019-01-26,0.02002714838877422
2019-01-27,0.020103940991651928
2019-01-28,0.020198554052471018
2019-01-29,0.021110394506754587
2019-01-30,0.02124997555489454
2019-01-31,0.02053942737690117
2019-02-01,0.020908844921275694
2019-02-02,0.02068966580114439
2019-02-03,0.020567371619562024
2019-02-04,0.020753685300266757
2019-02-05,0.020651533530485544
2019-02-06,0.020610693210592487
2019-02-07,0.02101304096051192
2019-02-08,0.021110674206228777
2019-02-09,0.0193225525019691
2019-02-10,0.019287416101142624
2019-02-11,0.018871602196681568
2019-02-12,0.019208889984170203
2019-02-13,0.019074358331912924
2019-02-14,0.019135930546892794
2019-02-15,0.01930016440556289
2019-02-16,0.019161447373854036
2019-02-17,0.019037427726383085
2019-02-18,0.018598198724214834
2019-02-19,0.017489345973904058
2019-02-20,0.017401164152430405
2019-02-21,0.01694990088692767
2019-02-22,0.01721762710005953
2019-02-23,0.01695269012774077
2019-02-24,0.0163056933272108
2019-02-25,0.01799713203255799
2019-02-26,0.017621724400209586
2019-02-27,0.017836771783129035
2019-02-28,0.01779708473396932
2019-03-01,0.017753978887463627
2019-03-02,0.01771268470048942
2019-03-03,0.017777571057600944
2019-03-04,0.017899546652755734
2019-03-05,0.018438812390983713
2019-03-06,0.017498636394505114
2019-03-07,0.017381531515763275
2019-03-08,0.017372414808118696
2019-03-09,0.01751990684721145
2019-03-10,0.017066768192786397
2019-03-11,0.017099422526918137
2019-03-12,0.01741837708904827
2019-03-13,0.017180008314657606
2019-03-14,0.017283515945578403
2019-03-15,0.01720671413461199
2019-03-16,0.016710855130767508
2019-03-17,0.016297613935610678
2019-03-18,0.0165240092298969
2019-03-19,0.016477211512769888
2019-03-20,0.016366854342275226
2019-03-21,0.016227684044811178
2019-03-22,0.016548859251205892
2019-03-23,0.016439326563588957
2019-03-24,0.016311379475671715
2019-03-25,0.016338089602286734
2019-03-26,0.016659907691420145
2019-03-27,0.016612339641462984
2019-03-28,0.016053465729071778
2019-03-29,0.016127546894533207
2019-03-30,0.015824500893337045
2019-03-31,0.015818712080341597
2019-04-01,0.01579927424183977
2019-04-02,0.01571241315630066
2019-04-03,0.013562754232183397
2019-04-04,0.013365195674355929
2019-04-05,0.013569593448772042
2019-04-06,0.013019734892212783
2019-04-07,0.013038664493224545
2019-04-08,0.012717006815026136
2019-04-09,0.012638220336757638
2019-04-10,0.012859798987547574
2019-04-11,0.012603528374399736
2019-04-12,0.013453176032515085
2019-04-13,0.013361848796645042
2019-04-14,0.013411242989617623
2019-04-15,0.013117016498687536
2019-04-16,0.013479322459844931
2019-04-17,0.013055379365568616
2019-04-18,0.013005541987838438
2019-04-19,0.012789338125067174
2019-04-20,0.01278536573050712
2019-04-21,0.012806455741433475
2019-04-22,0.01292937892101349
2019-04-23,0.012835333477269718
2019-04-24,0.012728955299379102
2019-04-25,0.013030625593000035
2019-04-26,0.013326889125872725
2019-04-27,0.013664245722667693
2019-04-28,0.013628699329022425
2019-04-29,0.013678198286030372
2019-04-30,0.013957633107459785
2019-05-01,0.013538497014357222
2019-05-02,0.013431670159573613
2019-05-03,0.013284548183637078
2019-05-04,0.012802972470768214
2019-05-05,0.012796713429652825
2019-05-06,0.012926805854714861
2019-05-07,0.012920052467630542
2019-05-08,0.01292688075743258
2019-05-09,0.01283788058362694
2019-05-10,0.012432728575416663
2019-05-11,0.012399651812750349
2019-05-12,0.010862112188232338
2019-05-13,0.011438472178136073
2019-05-14,0.01050794233772076
2019-05-15,0.010009713083125779
2019-05-16,0.00947070230605029
2019-05-17,0.00977378029007055
2019-05-18,0.010421107166887543
2019-05-19,0.010576528854752418
2019-05-20,0.00954615344099505
2019-05-21,0.009792963816085262
2019-05-22,0.009712534565849007
2019-05-23,0.010084803420000779
2019-05-24,0.00986543867810167
2019-05-25,0.009691096535955835
2019-05-26,0.009633140174156177
2019-05-27,0.009014925139451376
2019-05-29,0.008927578279014123
2019-05-30,0.008747942482829396
2019-05-31,0.009127410790010282
2019-06-01,0.008755484693089953
2019-06-02,0.008803083144596175
2019-06-03,0.008585589406831597
2019-06-04,0.009195001378527688
2019-06-05,0.009753841568355634
2019-06-06,0.009629954393606947
2019-06-07,0.00954179315822392
2019-06-08,0.009329351587998368
2019-06-09,0.00946729103930287
2019-06-10,0.00986566534073848
2019-06-11,0.009359564978457528
2019-06-12,0.009484662480138097
2019-06-13,0.009155659959232593
2019-06-14,0.009126184025661928
2019-06-15,0.008836136333659265
2019-06-16,0.008679281944679216
2019-06-17,0.008523189098850208
2019-06-18,0.008323258252607508
2019-06-19,0.013799307513150411
2019-06-20,0.013506439729980661
2019-06-21,0.01329551632226586
2019-06-22,0.012581671720131119
2019-06-23,0.01195873088647796
2019-06-24,0.011926465132470832
2019-06-25,0.011780451194935829
2019-06-26,0.011201277549605516
2019-06-27,0.010609270178272998
2019-06-28,0.012094434555184157
2019-06-29,0.011237320762095064
2019-06-30,0.011313425043776788
2019-07-01,0.01254456154975603
2019-07-02,0.01260149382522126
2019-07-03,0.01256302843611241
2019-07-04,0.011609574489337972
2019-07-05,0.012242015004016844
2019-07-06,0.012486215475542989
2019-07-07,0.012240615361820164
2019-07-08,0.011979208966118867
2019-07-09,0.011400805948070202
2019-07-10,0.011351757246831894
2019-07-11,0.011841090968590507
2019-07-12,0.01271967932820798
2019-07-13,0.012249937079581446
2019-07-14,0.012563203763850693
2019-07-15,0.014167151012366683
2019-07-16,0.013555616159551951
2019-07-17,0.015581109920696905
2019-07-18,0.015153328040489139
2019-07-19,0.01378919273705466
2019-07-20,0.013879795672663096
2019-07-21,0.013498507258553056
2019-07-22,0.013673535007521734
2019-07-23,0.014037353379947036
2019-07-24,0.014622319234906058
2019-07-25,0.014653325849981719
2019-07-26,0.014815560343045835
2019-07-27,0.0145280882498495
2019-07-28,0.015160693645496222
2019-07-29,0.015027374024417652
2019-07-30,0.015095628637760856
2019-07-31,0.015051226943639586
2019-08-01,0.014304976999259292
2019-08-02,0.014111488513236554
2019-08-03,0.01396483456544463
2019-08-04,0.013680179825913802
2019-08-05,0.013364503952365188
2019-08-06,0.012882438024017544
2019-08-07,0.013226628555514661
2019-08-08,0.012880143147977759
2019-08-09,0.012744621259033792
2019-08-10,0.013082471649613783
2019-08-11,0.01352111732458945
2019-08-12,0.013159057138699692
2019-08-13,0.013393829141536692
2019-08-14,0.01379833553180572
2019-08-15,0.015122441046956016
2019-08-16,0.014753897366908958
2019-08-17,0.014875577918010151
2019-08-18,0.014874912376433864
2019-08-19,0.014648200345900362
2019-08-20,0.013990282302023368
2019-08-21,0.014314262620489956
2019-08-22,0.015077333809601244
2019-08-23,0.014989957121647014
2019-08-24,0.014644860181898827
2019-08-25,0.014990605397411748
2019-08-26,0.014979986432141004
2019-08-27,0.014713732826829485
2019-08-28,0.014953410261015623
2019-08-29,0.015901772402719096
2019-08-30,0.016332748677527
2019-08-31,0.01611354687147361
2019-09-01,0.01607668778655803
2019-09-02,0.015882638051394584
2019-09-03,0.015130266313702808
2019-09-04,0.014772957975941995
2019-09-05,0.01496296771090478
2019-09-06,0.014961246499522851
2019-09-07,0.015269288318767471
2019-09-08,0.014931689107153735
2019-09-09,0.014954022059102028
2019-09-10,0.015052840734446649
2019-09-11,0.015230918840536706
2019-09-12,0.015295853535887603
2019-09-13,0.015002253613219437
2019-09-14,0.015040166357322313
2019-09-15,0.014932074167609832
2019-09-16,0.014944381548738941
2019-09-17,0.014903279649918113
2019-09-18,0.014711746181579931
2019-09-19,0.014610731869004204
2019-09-20,0.014445938689603265
2019-09-21,0.014606604399074808
2019-09-22,0.014828900758106708
2019-09-23,0.01484069699900266
2019-09-24,0.015597628268687313
2019-09-25,0.017748512040730715
2019-09-26,0.017948492072311147
2019-09-27,0.018694144563699458
2019-09-28,0.018397699932151394
2019-09-29,0.018310335506722654
2019-09-30,0.01870282409209114
2019-10-01,0.018255461782965565
2019-10-02,0.01826606587619167
2019-10-03,0.018156741180348972
2019-10-04,0.01840732750325888
2019-10-05,0.01856751507883313
2019-10-06,0.018522583485593484
2019-10-07,0.019028926336143507
2019-10-08,0.0181836687512095
2019-10-09,0.018181459904537452
2019-10-10,0.017406585182800104
2019-10-11,0.01749839570472655
2019-10-12,0.01813514711159841
2019-10-13,0.018046020725579353
2019-10-14,0.018007866550637436
2019-10-15,0.017766466243996856
2019-10-16,0.02145884012373628
2019-10-17,0.021874819550961155
2019-10-18,0.02154135737702692
2019-10-19,0.02193087019224274
2019-10-20,0.02198532155973185
2019-10-21,0.02138269082616743
2019-10-22,0.021249156427771684
2019-10-23,0.02171344807884115
2019-10-24,0.02327145489070279
2019-10-25,0.023296926059516176
2019-10-26,0.020306000175925668
2019-10-27,0.019431056815679602
2019-10-28,0.018858955466870803
2019-10-29,0.019303193481567654
2019-10-30,0.018843312527135576
2019-10-31,0.019336477731057046
2019-11-01,0.019392042282483528
2019-11-02,0.01925717014202884
2019-11-03,0.019081004874888858
2019-11-04,0.01916480139238857
2019-11-05,0.018834870112033067
2019-11-06,0.018848931412096433
2019-11-07,0.018705476323811133
2019-11-08,0.018952525693359094
2019-11-09,0.01982503242803755
2019-11-10,0.019656486545765406
2019-11-11,0.0191934941637396
2019-11-12,0.01981025196624078
2019-11-13,0.019590586861083528
2019-11-14,0.019590531382689087
2019-11-15,0.019881759736982696
2019-11-16,0.02035819065619134
2019-11-17,0.020269513539985053
2019-11-18,0.020214214922120104
2019-11-19,0.021007192808478473
2019-11-20,0.021207626124281287
2019-11-21,0.021405836326961445
2019-11-22,0.022761935234648617
2019-11-23,0.023877212541088582
2019-11-24,0.023631261274853422
2019-11-25,0.025180161949578075
2019-11-26,0.024497876925898797
2019-11-27,0.024303158432040256
2019-11-28,0.02333525041104816
2019-11-29,0.02349880696963396
2019-11-30,0.022663473680211852
2019-12-01,0.023195893368776452
2019-12-02,0.02354644112091359
2019-12-03,0.023890644926172058
2019-12-04,0.023991614411898565
2019-12-05,0.024303868568061406
2019-12-06,0.02378664725603949
2019-12-07,0.02332531790289127
2019-12-08,0.023438722464497873
2019-12-09,0.023437678058117844
2019-12-10,0.023888484579388955
2019-12-11,0.02425597530213493
2019-12-12,0.024413606552340164
2019-12-13,0.0243444378392661
2019-12-14,0.02419394388813455
2019-12-15,0.024749509581475333
2019-12-16,0.024603203395752754
2019-12-17,0.02555142069041667
2019-12-18,0.026958743336706278
2019-12-19,0.02490265305730064
2019-12-20,0.025469609274413763
2019-12-21,0.02525754384887431
2019-12-22,0.025516837242050373
2019-12-23,0.024381706204641296
2019-12-24,0.024932985208997144
2019-12-25,0.02512653802088773
2019-12-26,0.025359124799660168
2019-12-27,0.0253310302365383
2019-12-28,0.025122253021065865
2019-12-29,0.02486779492227981
2019-12-30,0.024465068396710657
2019-12-31,0.024999952590907516
2020-01-01,0.025165987356305295
2020-01-02,0.025123140114625315
2020-01-03,0.02590905070555439
2020-01-04,0.02470165272109984
2020-01-05,0.024496822000087685
2020-01-06,0.024476520602809262
2020-01-07,0.022982352117782098
2020-01-08,0.02208350102757148
2020-01-09,0.0224821907999763
2020-01-10,0.02296499526368522
2020-01-11,0.021762239458959828
2020-01-12,0.022198988917862556
2020-01-13,0.021718652133852604
2020-01-14,0.02180335214816798
2020-01-15,0.019553774187000262
2020-01-16,0.019586070990289046
2020-01-17,0.019803859848519966
2020-01-18,0.01928415215683012
2020-01-19,0.019382754154321544
2020-01-20,0.01985982672603538
2020-01-21,0.0199018631664996
2020-01-22,0.0197049027672926
2020-01-23,0.020220081235150417
2020-01-24,0.020540449903506123
2020-01-25,0.020450704319838017
2020-01-26,0.02069001883409615
2020-01-27,0.01997666305478473
2020-01-28,0.019442198512241975
2020-01-29,0.01852049563037045
2020-01-30,0.018605278048708443
2020-01-31,0.01804571342710863
2020-02-01,0.018451528065875626
2020-02-02,0.018311010023436266
2020-02-03,0.018273909495900697
2020-02-04,0.018210032964242156
2020-02-05,0.018281937939914263
2020-02-06,0.017416919460540033
2020-02-07,0.017081254532575835
2020-02-08,0.016881748786944067
2020-02-09,0.01681082297277846
2020-02-10,0.016346780736310462
2020-02-11,0.01660021069311304
2020-02-12,0.01598131347407693
2020-02-13,0.01556296194497989
2020-02-14,0.0156428180056134
2020-02-15,0.015300981857885787
2020-02-16,0.016219007963667393
2020-02-17,0.016351099996534776
2020-02-18,0.01659154627002251
2020-02-19,0.015900311309433274
2020-02-20,0.016865645466130508
2020-02-21,0.016939088158319498
2020-02-22,0.01675274112552889
2020-02-23,0.016883884248551584
2020-02-24,0.016271021979749077
2020-02-25,0.016854619827284385
2020-02-26,0.01758022074683191
2020-02-27,0.01899152803670526
2020-02-28,0.01888125647834032
2020-02-29,0.018999791300019817
2020-03-01,0.019415231144749703
2020-03-02,0.019436489431916927
2020-03-03,0.018638937010194333
2020-03-04,0.01896845252950439
2020-03-05,0.01892286034183544
2020-03-06,0.018399333020989467
2020-03-07,0.018070450229004515
2020-03-08,0.01847545738649781
2020-03-09,0.02095875469765425
2020-03-10,0.021165465344605776
2020-03-11,0.02124322952156482
2020-03-12,0.02157501256129015
2020-03-13,0.036294206620189826
2020-03-14,0.030605442023839007
2020-03-15,0.03311975768008515
2020-03-16,0.03215489565157954
2020-03-17,0.03440187740470476
2020-03-18,0.03212344763651872
2020-03-19,0.032692950257412014
2020-03-20,0.028720977680363458
2020-03-21,0.0285401273298865
2020-03-22,0.028755378280439434
2020-03-23,0.03046926049710014
2020-03-24,0.027737972090509138
2020-03-25,0.026837294663556974
2020-03-26,0.027077656555027516
2020-03-27,0.02660795253238825
2020-03-28,0.028174101830734023
2020-03-29,0.02852551093390742
2020-03-30,0.030063976790208995
2020-03-31,0.027916232454939353
2020-04-01,0.027854845434653542
2020-04-02,0.0380195119052916
2020-04-03,0.03725439599773504
2020-04-04,0.03714357002074449
2020-04-05,0.036568560084935836
2020-04-06,0.03682817377195656
2020-04-07,0.033508865292384775
2020-04-08,0.03465915510339011
2020-04-09,0.033484464222049676
2020-04-10,0.03379883474657147
2020-04-11,0.03606061381685297
2020-04-12,0.03596962535009193
2020-04-13,0.03670958041634107
2020-04-14,0.03619923244717766
2020-04-15,0.03576655811587467
2020-04-16,0.037752607441933934
2020-04-17,0.0347871456940111
2020-04-18,0.03491663511179925
2020-04-19,0.03385365638973429
2020-04-20,0.03451110986830202
2020-04-21,0.0357534561810543
2020-04-22,0.039759361889979375
2020-04-23,0.03783873775117712
2020-04-24,0.03649251078020805
2020-04-25,0.036348567166379596
2020-04-26,0.03603899017823079
2020-04-27,0.03540471431161527
2020-04-30,0.03189062126912188
2020-05-01,0.034885196024831894
2020-05-02,0.03408030457336019
2020-05-03,0.03358927435541422
2020-05-04,0.03388977988798751
2020-05-05,0.03433650566866633
2020-05-06,0.03428362079295149
2020-05-07,0.03455744948179325
2020-05-08,0.032454571829264894
2020-05-09,0.03322155893824984
2020-05-10,0.03800786308504951
2020-05-11,0.03799883884770039
2020-05-12,0.039261198640103835
2020-05-13,0.03852364319408475
2020-05-14,0.03723508000161871
2020-05-15,0.03621018756078148
2020-05-16,0.03738585204099217
2020-05-17,0.037256254211984204
2020-05-18,0.03656837259897433
2020-05-19,0.03638100697987479
2020-05-20,0.036016907947270665
2020-05-21,0.03670124574025472
2020-05-22,0.038293409693881605
2020-05-23,0.037656813895753954
2020-05-24,0.037879961847806155
2020-05-25,0.03958044262489524
2020-05-26,0.03904126468583807
2020-05-27,0.0390054719393383
2020-05-28,0.038027211427593265
2020-05-29,0.03672467188063243
2020-05-30,0.03745427996689534
2020-05-31,0.03585111170473974
2020-06-01,0.03685691104586208
2020-06-02,0.034764260384721406
2020-06-03,0.03677968539303263
2020-06-04,0.03634418869153853
2020-06-05,0.03599596413182502
2020-06-06,0.036565999937605814
2020-06-07,0.036381766731633354
2020-06-08,0.03626267692518375
2020-06-09,0.036466655133275794
2020-06-10,0.036370995808797546
2020-06-11,0.03606484309923129
2020-06-12,0.03860784817259485
2020-06-13,0.03791257914963517
2020-06-14,0.03783495558220039
2020-06-15,0.038571039299394184
2020-06-16,0.03868433906292197
2020-06-17,0.0382428774225199
2020-06-18,0.038620991730200525
2020-06-19,0.03911087659530588
2020-06-20,0.03953579967037937
2020-06-21,0.03937816797919833
2020-06-22,0.039662744256211586
2020-06-23,0.038022403426091325
2020-06-24,0.03812264830585786
2020-06-25,0.03938752646351866
2020-06-26,0.03945331356516904
2020-06-27,0.04019676574259136
2020-06-28,0.041260054726918995
2020-06-29,0.0404530594779467
2020-06-30,0.04015022267081321
2020-07-01,0.040448813268914176
2020-07-02,0.03995930307329927
2020-07-03,0.04059732312177331
2020-07-04,0.04085770825740966
2020-07-05,0.040433688483967
2020-07-06,0.040717588039838166
2020-07-07,0.039209881075518975
2020-07-08,0.03953005518209134
2020-07-09,0.03861151695222061
2020-07-10,0.03958274661641549
2020-07-11,0.039483604047397355
2020-07-12,0.03945636306547798
2020-07-13,0.03927066290382738
2020-07-14,0.039476520526104064
2020-07-15,0.03938643356404397
2020-07-16,0.03950365197517359
2020-07-17,0.03996856242772808
2020-07-18,0.03991868093239328
2020-07-19,0.03984257625067462
2020-07-20,0.03955025327244292
2020-07-21,0.04000557755843503
2020-07-22,0.03933315550700551
2020-07-23,0.038636019035967695
2020-07-24,0.03859594711016016
2020-07-25,0.03885086085283421
2020-07-26,0.037866073763859
2020-07-27,0.036691297836544914
2020-07-28,0.035635994061285786
2020-07-29,0.035974442021699825
2020-07-30,0.03572518320463893
2020-07-31,0.035469113436984986
2020-08-01,0.035194970767583815
2020-08-02,0.03365973584029815
2020-08-03,0.035865035967186924
2020-08-04,0.03518528210397075
2020-08-05,0.035314647632775885
2020-08-06,0.034354303524964366
2020-08-07,0.03467857355217322
2020-08-08,0.035642443349770944
2020-08-09,0.03497132901050104
2020-08-10,0.035005283803991864
2020-08-11,0.03492218730004153
2020-08-12,0.03656567089269183
2020-08-13,0.03610882780305954
2020-08-14,0.03582074144838363
2020-08-15,0.03549749506422259
2020-08-16,0.035212061018815334
2020-08-17,0.03550758543963077
2020-08-18,0.035236271057854734
2020-08-19,0.03622147358542896
2020-08-20,0.03731193705542061
2020-08-21,0.03688771255914338
2020-08-22,0.0386411180111512
2020-08-23,0.03750083186567609
2020-08-24,0.037863608050705384
2020-08-25,0.0371806320383049
2020-08-26,0.0386448316142767
2020-08-27,0.03868768812342382
2020-08-28,0.03971835517940927
2020-08-29,0.03922024448439087
2020-08-30,0.03904325352043085
2020-08-31,0.03802336792256212
2020-09-01,0.038366683005559954
2020-09-02,0.03754012740891322
2020-09-03,0.039782869654695435
2020-09-04,0.045906509899896884
2020-09-05,0.04544567366135531
2020-09-06,0.04847457801776429
2020-09-07,0.04726992189918446
2020-09-08,0.047567347262363224
2020-09-09,0.04907490367120259
2020-09-10,0.048024405535171906
2020-09-11,0.048040974916705136
2020-09-12,0.048242777235172334
2020-09-13,0.04767959323528464
2020-09-14,0.04871535762918707
2020-09-15,0.04815920952068195
2020-09-16,0.0491803876450788
2020-09-17,0.04857989436126264
2020-09-18,0.048451972968954635
2020-09-19,0.049125721275472566
2020-09-20,0.04874641048808259
2020-09-21,0.04972652160236522
2020-09-22,0.0527542621116676
2020-09-23,0.05240361359477346
2020-09-24,0.054562891449283585
2020-09-25,0.05153629008580847
2020-09-26,0.051620230034290504
2020-09-27,0.05162626116727989
2020-09-28,0.05084755838265076
2020-09-29,0.05194380236278522
2020-09-30,0.051313041102672076
2020-10-01,0.051506934459733186
2020-10-02,0.05271974664791731
2020-10-03,0.05350816788925011
2020-10-04,0.05340098822470049
2020-10-05,0.052695684025196164
2020-10-06,0.0525247706507142
2020-10-07,0.053980226797278874
2020-10-08,0.05391174951567834
2020-10-09,0.05279715091866779
2020-10-10,0.05203711290999925
2020-10-11,0.0512792674664498
2020-10-12,0.050768997413744237
2020-10-13,0.0498578692199762
2020-10-14,0.05025745221373304
2020-10-15,0.05039327954024323
2020-10-16,0.05023437780784221
2020-10-17,0.05146185059679816
2020-10-18,0.05140073374162057
2020-10-19,0.05074659312207125
2020-10-20,0.05042166084085382
2020-10-21,0.05087084119067303
2020-10-22,0.048049663771991234
2020-10-23,0.04725367860960208
2020-10-24,0.04770565180663765
2020-10-25,0.04721620532090324
2020-10-26,0.04763979495970437
2020-10-27,0.048141873128822385
2020-10-28,0.04677889978228832
2020-10-29,0.048453062457895886
2020-10-30,0.04831950998791061
2020-10-31,0.04873126795238164
2020-11-01,0.04802200445561768
2020-11-02,0.048047641551032125
2020-11-03,0.04890338965482065
2020-11-04,0.0480856166977797
2020-11-05,0.048007181630994475
2020-11-06,0.04462788710339224
2020-11-07,0.04416163139817029
2020-11-08,0.04620132914241207
2020-11-09,0.044397525460003424
2020-11-10,0.04491990512969285
2020-11-11,0.045108620222894004
2020-11-12,0.04444264303886477
2020-11-13,0.043759105311291784
2020-11-14,0.043630572571885365
2020-11-15,0.04429601009136571
2020-11-16,0.04464515401542711
2020-11-17,0.04309222210852999
2020-11-18,0.041136855843867955
2020-11-19,0.0412559692535589
2020-11-20,0.041412264457837904
2020-11-21,0.039842026614375345
2020-11-22,0.03876790931880111
2020-11-23,0.03919159733834021
2020-11-24,0.038225247301619227
2020-11-25,0.03673578446060567
2020-11-26,0.03861055564737875
2020-11-27,0.042450284176636086
2020-11-28,0.04241929934933124
2020-11-29,0.04100955880023608
2020-11-30,0.03998085189664536
2020-12-01,0.03760429701109483
2020-12-02,0.039385661449845184
2020-12-03,0.038677817339081294
2020-12-04,0.038539225023807515
2020-12-05,0.0405611702251956
2020-12-06,0.039525531300091815
2020-12-07,0.039113913014522717
2020-12-08,0.03959194430287387
2020-12-09,0.04159144281106167
2020-12-10,0.04093601176128776
2020-12-11,0.04180646576310796
2020-12-12,0.042640338338991536
2020-12-13,0.04135703924948653
2020-12-14,0.040482100268889945
2020-12-15,0.04023881147609943
2020-12-16,0.04008025572619304
2020-12-17,0.03715251401516897
2020-12-18,0.03553818411869784
2020-12-19,0.035239242823147984
2020-12-20,0.03476854396091091
2020-12-21,0.035321266954925365
2020-12-22,0.036782809341474515
2020-12-23,0.03581839770292674
2020-12-24,0.03791965327802456
2020-12-25,0.03682615292753257
2020-12-26,0.03589531233968426
2020-12-27,0.03430178482078634
2020-12-28,0.03434051008337544
2020-12-29,0.03322315311258674
2020-12-30,0.03301905655135554
2020-12-31,0.03220416173183934
2021-01-01,0.03251765794239088
2021-01-02,0.03233422067468429
2021-01-03,0.030251687622777572
2021-01-04,0.029315337623646544
2021-01-05,0.030447872245763716
2021-01-06,0.02855864911482341
2021-01-07,0.026858691301502802
2021-01-08,0.02629010391395748
2021-01-09,0.026182760983139586
2021-01-10,0.026388993622024
2021-01-11,0.027528596907345288
2021-01-12,0.029938018968877524
2021-01-13,0.03111081408357003
2021-01-14,0.028378805834106246
2021-01-15,0.027126260283761777
2021-01-16,0.02874933883122042
2021-01-17,0.02861790706202505
2021-01-18,0.02892484181109829
2021-01-19,0.028211900745041346
2021-01-20,0.028763931036683718
2021-01-21,0.0292017279414575
2021-01-22,0.03364712005203045
2021-01-23,0.0314697744173082
2021-01-24,0.03195441848090005
2021-01-25,0.03112496505542633
2021-01-26,0.03144588258279544
2021-01-27,0.031389000268642324
2021-01-28,0.03387173496053724
2021-01-29,0.03129646021276599
2021-01-30,0.03133205264134588
2021-01-31,0.03132995487019794
2021-02-01,0.03218844886736311
2021-02-02,0.03196417530808169
2021-02-03,0.030470207223738017
2021-02-04,0.029122174195316226
2021-02-05,0.029936808248420523
2021-02-06,0.028846707564216405
2021-02-07,0.02872626785091861
2021-02-08,0.02939346566320762
2021-02-09,0.02624296871753012
2021-02-10,0.026212413165651486
2021-02-11,0.027010187127353598
2021-02-12,0.02584625856334249
2021-02-13,0.025853951868951244
2021-02-14,0.026289816352355954
2021-02-15,0.026065575211346635
2021-02-16,0.026665828821875404
2021-02-17,0.02604213831571409
2021-02-18,0.02527347891868394
2021-02-19,0.025499914291298068
2021-02-20,0.024057087098168874
2021-02-21,0.024313385889308686
2021-02-22,0.02391884750390672
2021-02-23,0.02547182060146656
2021-02-24,0.028878827752697095
2021-02-25,0.02792333243814263
2021-02-26,0.030226367474671372
2021-02-27,0.03034987905148364
2021-02-28,0.030216799040650246
2021-03-01,0.03130090052699487
2021-03-02,0.02867885915280723
2021-03-03,0.029377174637701127
2021-03-04,0.028662230172462756
2021-03-05,0.02967773757709695
2021-03-06,0.029680452201033884
2021-03-07,0.02939207336408157
2021-03-08,0.02815638922492336
2021-03-09,0.027710995250270893
2021-03-10,0.02666224280842102
2021-03-11,0.026815686844600218
2021-03-12,0.026556354477000686
2021-03-13,0.027025221871090563
2021-03-14,0.025332651554308142
2021-03-15,0.026180956482479915
2021-03-16,0.027466824891193894
2021-03-17,0.027250224686520677
2021-03-18,0.02638417313864152
2021-03-19,0.027217545448631295
2021-03-20,0.02697326655036542
2021-03-21,0.027036199208446885
2021-03-22,0.027333910119880046
2021-03-23,0.028667218977774137
2021-03-24,0.028867448551460725
2021-03-25,0.030388972751301552
2021-03-26,0.031097580781666762
2021-03-27,0.02910513706428785
2021-03-28,0.02887608763658107
2021-03-29,0.028672489712451624
2021-03-30,0.02778682889858688
2021-03-31,0.027248433920432445
2021-04-01,0.02701850549710546
2021-04-02,0.027244769853404776
2021-04-03,0.02693733321293304
2021-04-04,0.028044903890302675
2021-04-05,0.02711643426013055
2021-04-06,0.02674099649546052
2021-04-07,0.026732359249840115
2021-04-08,0.02842416968477269
2021-04-09,0.027203378628448537
2021-04-10,0.027420910303134236
2021-04-11,0.026538433514304995
2021-04-12,0.026218605309042676
2021-04-13,0.026517303345632424
2021-04-14,0.02542876766119788
2021-04-15,0.025515613155747113
2021-04-16,0.025311944533719488
2021-04-17,0.026108296706571676
2021-04-18,0.027112365377817065
2021-04-19,0.02873795511367014
2021-04-20,0.029607627492129626
2021-04-21,0.029145611678292056
2021-04-22,0.030284885873986294
2021-04-23,0.031370895867366154
2021-04-24,0.03210914462378353
2021-04-25,0.03365066855901518
2021-04-26,0.033932411353733635
2021-04-27,0.03077767045052945
2021-04-28,0.030106643429433408
2021-04-29,0.030389040030727187
2021-04-30,0.03058496014681713
2021-05-01,0.029102001761394564
2021-05-02,0.028686364917695533
2021-05-03,0.02918024868669211
2021-05-04,0.028002690836216537
2021-05-05,0.029964280937850658
2021-05-06,0.027825282189848262
2021-05-07,0.028529767151190124
2021-05-11,0.02976108057530242
2021-05-12,0.028716642670762557
2021-05-13,0.032712744942405884
2021-05-14,0.03247849844956182
2021-05-15,0.03128740198926065
2021-05-16,0.03346033634136279
2021-05-17,0.03355806232280397
2021-05-18,0.035897837396950065
2021-05-19,0.0356739466805913
2021-05-20,0.046528253706717045
2021-05-21,0.04293032626594362
2021-05-22,0.04824597455340325
2021-05-23,0.04970728046304847
2021-05-24,0.05493085148417281
2021-05-25,0.04738380892136958
2021-05-26,0.04816504830479179
2021-05-27,0.046036490747307895
2021-05-28,0.04773634163574029
2021-05-29,0.052021341502131654
2021-05-30,0.05461232742874614
2021-05-31,0.05291183799727406
2021-06-01,0.0494688556010862
2021-06-02,0.04995003461966502
2021-06-03,0.04835019735009947
2021-06-04,0.04644669834379576
2021-06-05,0.049608469241709044
2021-06-06,0.0513525876106078
2021-06-07,0.050476429288587754
2021-06-08,0.05412652852649925
2021-06-09,0.054469887842052006
2021-06-10,0.05096326935572069
2021-06-11,0.05289845731066711
2021-06-12,0.054162127049830304
2021-06-13,0.055086698155902176
2021-06-14,0.05156507379784761
2021-06-15,0.05002263552520862
2021-06-16,0.050105854431349045
2021-06-17,0.05319351143881784
2021-06-18,0.05313426282877256
2021-06-19,0.056491692153220335
2021-06-20,0.05718144784475715
2021-06-21,0.05654382767835732
2021-06-22,0.0664528230431075
2021-06-23,0.06723048347824838
2021-06-24,0.06340027851527262
2021-06-25,0.06168171852027323
2021-06-26,0.06709027581162683
2021-06-27,0.06703408437486334
2021-06-28,0.06214341472982426
2021-06-29,0.06087693914651277
2021-06-30,0.05863549148647819
2021-07-01,0.058641634529366965
2021-07-02,0.061577746123425384
2021-07-03,0.06110547525728911
2021-07-04,0.05923866889404124
2021-07-05,0.05815668291682972
2021-07-06,0.06035836857483374
2021-07-07,0.05910026318051443
2021-07-08,0.059482304446567616
2021-07-09,0.0625297505809572
2021-07-10,0.06085654530428995
2021-07-11,0.061378687719408784
2021-07-12,0.060799049831138194
2021-07-13,0.06269975469186025
2021-07-14,0.06422781437408044
2021-07-15,0.06368659612579279
2021-07-16,0.0654346919075168
2021-07-17,0.06728213979308792
2021-07-18,0.0670520709250724
2021-07-19,0.0662733005779081
2021-07-20,0.06885196363683972
2021-07-21,0.0713581796032955
2021-07-22,0.0657519042687539
2021-07-23,0.06502348747296322
2021-07-24,0.06304739838285606
2021-07-25,0.061614090588490406
2021-07-26,0.060333326598626884
2021-07-27,0.05875802655846878
2021-07-28,0.05652723777116057
2021-07-29,0.05577721557887098
2021-07-30,0.05518334285404633
2021-07-31,0.05306477639621769
2021-08-01,0.052680484006366005
2021-08-02,0.05411331352906021
2021-08-03,0.054170747700715935
2021-08-04,0.055422662327369275
2021-08-05,0.05305704717413732
2021-08-06,0.05177873507681483
2021-08-07,0.050119287481255936
2021-08-08,0.047579414064098435
2021-08-09,0.049399597018899885
2021-08-10,0.047050486020837064
2021-08-11,0.046946152634226794
2021-08-12,0.04630584147533214
2021-08-13,0.04732888759224651
2021-08-14,0.044093043985309395
2021-08-15,0.04416453662708171
2021-08-16,0.043867941935827284
2021-08-17,0.04501690236201852
2021-08-18,0.04682422912612968
2021-08-19,0.04622511155054787
2021-08-20,0.043952631074198674
2021-08-21,0.04236191941305612
2021-08-22,0.04283906806011166
2021-08-23,0.042357101090737294
2021-08-24,0.0416603238606795
2021-08-25,0.04365244462142861
2021-08-26,0.04265072378417529
2021-08-27,0.04453292102873671
2021-08-28,0.04251105878515565
2021-08-29,0.04262845907845904
2021-08-30,0.042865142120150156
2021-08-31,0.04408683821749438
2021-09-01,0.04298027717055061
2021-09-02,0.0410280588062648
2021-09-03,0.040961942157512615
2021-09-04,0.040181700576478185
2021-09-05,0.04024955509566172
2021-09-06,0.039412238920201785
2021-09-07,0.039014828149783236
2021-09-08,0.045030720817743154
2021-09-09,0.045062126718471956
2021-09-10,0.04464177111573493
2021-09-11,0.04658468149641888
2021-09-12,0.04629122163545012
2021-09-13,0.04469610824624112
2021-09-14,0.046365917333010556
2021-09-15,0.04456272896746696
2021-09-16,0.04337694754117373
2021-09-17,0.043867660165901524
2021-09-18,0.044855445518144035
2021-09-19,0.04418591848927276
2021-09-20,0.04498032537070934
2021-09-21,0.050255972918635546
2021-09-22,0.05382248434273664
2021-09-23,0.049023822314690914
2021-09-24,0.04789296575541425
2021-09-25,0.05023629623140536
2021-09-26,0.05078554884489829
2021-09-27,0.05005184445306117
2021-09-28,0.05134443384981078
2021-09-29,0.053427612024562685
2021-09-30,0.05261883992420862
2021-10-01,0.05032613048011971
2021-10-02,0.046212126273605325
2021-10-03,0.04597624191763535
2021-10-04,0.045500474219471926
2021-10-05,0.045294569534612354
2021-10-06,0.04369962301471373
2021-10-07,0.04246772606029
2021-10-08,0.04305422894964886
2021-10-09,0.04309224587052682
2021-10-10,0.042409886557236307
2021-10-11,0.04376317015450942
2021-10-12,0.042329709364812826
2021-10-13,0.04278036719657893
2021-10-14,0.04156577682117226
2021-10-15,0.041117853820301434
2021-10-16,0.03964050313070761
2021-10-17,0.03973049820423429
2021-10-18,0.039774807796300424
2021-10-19,0.03965084728216229
2021-10-20,0.03877998641758907
2021-10-21,0.037249775074575595
2021-10-22,0.03886626254861928
2021-10-23,0.03923676562522156
2021-10-24,0.0384835726395424
2021-10-25,0.03890404489191483
2021-10-26,0.037779258194283176
2021-10-27,0.03845003857410166
2021-10-28,0.04033585748341069
2021-10-29,0.038605985031201356
2021-10-30,0.037570278774317754
2021-10-31,0.037934391598363496
2021-11-01,0.03802730238437163
2021-11-02,0.037868608420299155
2021-11-03,0.03685154578502982
2021-11-04,0.03674630372433374
2021-11-05,0.03769380786986947
2021-11-06,0.037730482643785264
2021-11-07,0.037714393388603544
2021-11-08,0.03712625982254187
2021-11-09,0.035678184514327305
2021-11-10,0.03594553038004905
2021-11-11,0.03717127052988763
2021-11-12,0.036684188423711614
2021-11-13,0.03712212907059869
2021-11-14,0.03689736208151094
2021-11-15,0.03644040750620564
2021-11-16,0.03722887285691464
2021-11-17,0.03977305114652722
2021-11-18,0.039405050895556425
2021-11-19,0.04189663764004016
2021-11-20,0.03987540409035178
2021-11-21,0.039428629518030854
2021-11-22,0.03965925782209474
2021-11-23,0.04147486111001141
2021-11-24,0.04032090654708462
2021-11-25,0.04094569507548237
2021-11-26,0.039818304597455396
2021-11-27,0.04370828774218821
2021-11-28,0.04324193776088301
2021-11-29,0.04176048869390541
2021-11-30,0.04100808340336
2021-12-01,0.04122544762521761
2021-12-02,0.04112267158498046
2021-12-03,0.04171291622138603
2021-12-04,0.04415588587063651
2021-12-05,0.04843738952010509
2021-12-06,0.04869027314352472
2021-12-07,0.04775424686076953
2021-12-08,0.047734248155703915
2021-12-09,0.04699187096850748
2021-12-10,0.04969506189797631
2021-12-11,0.051524627865182866
2021-12-12,0.049808367499445984
2021-12-13,0.049032461013780594
2021-12-14,0.05324521771427901
2021-12-15,0.05168862479961679
2021-12-16,0.05011851268627557
2021-12-17,0.05120412163958615
2021-12-18,0.05236801106690151
2021-12-19,0.0512638924348966
2021-12-20,0.05203359301347136
2021-12-21,0.0517102044192048
2021-12-22,0.05011400191563366
2021-12-23,0.050069142905626696
2021-12-24,0.04802507462097123
2021-12-25,0.0485338873394519
2021-12-26,0.04819588548482679
2021-12-27,0.04770717964402785
2021-12-28,0.04779061099261264
2021-12-29,0.05073591672627847
2021-12-30,0.052561873940539
2021-12-31,0.051674393809841165
2022-01-01,0.052513708025440996
2022-01-02,0.05077774418597631
2022-01-03,0.05070754484511728
2022-01-04,0.05155417992431114
2022-01-05,0.0518371949455597
2022-01-06,0.055054937329795516
2022-01-07,0.05403332600246889
2022-01-08,0.058529064940694896
2022-01-09,0.05917552160141826
2022-01-10,0.058908312713932584
2022-01-11,0.059916082175286864
2022-01-12,0.05806327869192913
2022-01-13,0.05584744002548075
2022-01-14,0.057679466814221626
2022-01-15,0.05671187381020108
2022-01-16,0.05651321712137912
2022-01-17,0.056326729621345856
2022-01-18,0.05806530554263197
2022-01-19,0.05868430066974945
2022-01-20,0.05999983799723865
2022-01-21,0.05981117536448178
2022-01-22,0.06807975296634564
2022-01-23,0.07447824058402815
2022-01-24,0.07182980863892943
2022-01-25,0.07275081061908024
2022-01-26,0.07260764645946935
2022-01-27,0.07303807421248998
2022-01-28,0.07310988427132387
2022-01-29,0.07165213309991585
2022-01-30,0.07052276931975492
2022-01-31,0.07118847850429479
2022-02-01,0.06989034611106641
2022-02-02,0.068921802110829
2022-02-03,0.0720524573440749
2022-02-04,0.07188735564273853
2022-02-05,0.0651559347030041
2022-02-06,0.06520040304677645
2022-02-07,0.06391102800352291
2022-02-08,0.06169674139870948
2022-02-09,0.0620380315721854
2022-02-10,0.06132574848290988
2022-02-11,0.06330043616722773
2022-02-12,0.0659620211802347
2022-02-13,0.06623831858643267
2022-02-14,0.06657317865751551
2022-02-15,0.06602139782917721
2022-02-16,0.06254478174105468
2022-02-17,0.0633013737557737
2022-02-18,0.06801966654481834
2022-02-19,0.06933521295081814
2022-02-20,0.06929264318479077
2022-02-21,0.07248392280179712
2022-02-22,0.07529039824085582
2022-02-23,0.07327187110599949
2022-02-24,0.07490289884111886
2022-02-25,0.07420806455314516
2022-02-26,0.07152867056139003
2022-02-27,0.07170918752421589
2022-02-28,0.07433653582542055
2022-03-01,0.0666819775379587
2022-03-02,0.06558896308697566
2022-03-03,0.06599346501484503
2022-03-04,0.06775532513454736
2022-03-05,0.0725349884844042
2022-03-06,0.07162584516203681
2022-03-07,0.07353396256048787
2022-03-08,0.0747563045011805
2022-03-09,0.07330318316532278
2022-03-10,0.06898574809693384
2022-03-11,0.07223480777584909
2022-03-12,0.07320122954233525
2022-03-13,0.07311863494150884
2022-03-14,0.07469615132954394
2022-03-15,0.07227016379872156
2022-03-16,0.07239527658373363
2022-03-17,0.06989588347183251
2022-03-18,0.06964343054750138
2022-03-19,0.0681235453570703
2022-03-20,0.06745052000324722
2022-03-21,0.06899073586894211
2022-03-22,0.06844169641511313
2022-03-23,0.06652955493850327
2022-03-24,0.06555951265031729
2022-03-25,0.0640146289615888
2022-03-26,0.06420209627625956
2022-03-27,0.06348559558535966
2022-03-28,0.060902727513799194
2022-03-29,0.06039548936347461
2022-03-30,0.05981868851469133
2022-03-31,0.05957640763136883
2022-04-01,0.06131801828072903
2022-04-02,0.05975435137631537
2022-04-03,0.05992840625705547
2022-04-04,0.05903076456389435
2022-04-05,0.05902977506921823
2022-04-06,0.06001423675632704
2022-04-07,0.06415862695872064
2022-04-08,0.06316768530489245
2022-04-09,0.0650541158247907
2022-04-10,0.06406735129941638
2022-04-11,0.06466474016428808
2022-04-12,0.06948278114297154
2022-04-13,0.06784967071970555
2022-04-14,0.06623235192740408
2022-04-15,0.0679067782776691
2022-04-16,0.06701892649609503
2022-04-17,0.06700800880227747
2022-04-18,0.06831209797727203
2022-04-19,0.06685078613127315
2022-04-20,0.06571633722152494
2022-04-21,0.06590786840833802
2022-04-22,0.06749983180952131
2022-04-23,0.06813022174649988
2022-04-24,0.06870502788486994
2022-04-25,0.06895544402972852
2022-04-26,0.06737269010024254
2022-04-27,0.07148664146803993
2022-04-28,0.06982804388723289
2022-04-29,0.06921611445910315
2022-04-30,0.07165496279598144
2022-05-01,0.0742718084513012
2022-05-02,0.07208597611290951
2022-05-03,0.07224395401045787
2022-05-04,0.0733064256731851
2022-05-05,0.06948156524583055
2022-05-06,0.07432273794340143
2022-05-07,0.0753777993212017
2022-05-08,0.07706332207223743
2022-05-09,0.07980800154012908
2022-05-10,0.09050808617571889
2022-05-11,0.0884877915150952
2022-05-12,0.09760510039762768
2022-05-13,0.1009369899639518
2022-05-14,0.09656324890238407
2022-05-15,0.09398286700175086
2022-05-16,0.09120272494637552
2022-05-17,0.09462246209996704
2022-05-18,0.09230463627858551
2022-05-19,0.09892981742680196
2022-05-20,0.09420551166255563
2022-05-21,0.09687321224874906
2022-05-22,0.09587565969416315
2022-05-23,0.09338697971916891
2022-05-24,0.09658382873013827
2022-05-25,0.09538101014853452
2022-05-26,0.09603340962139582
2022-05-27,0.09910835743938835
2022-05-28,0.10189948404286578
2022-05-29,0.09978635795195344
2022-05-30,0.09852726059740549
2022-05-31,0.09206334596479179
2022-06-01,0.09229534637577536
2022-06-02,0.09800183996937133
2022-06-03,0.09656136400154856
2022-06-04,0.09903881807766035
2022-06-05,0.09834690432992695
2022-06-06,0.09790894023625378
2022-06-07,0.09485680461548786
2022-06-08,0.095667729380661
2022-06-09,0.09762692965794065
2022-06-10,0.0978658673616939
2022-06-11,0.10199602254303068
2022-06-12,0.10676335683691635
2022-06-13,0.11256979385455275
2022-06-14,0.12763698188732348
2022-06-15,0.12729605917062276
2022-06-16,0.12387846681579878
2022-06-17,0.13400674477054966
2022-06-18,0.13289900768629093
2022-06-19,0.14174503194382432
2022-06-20,0.1308242716647576
2022-06-21,0.12993918042719388
2022-06-22,0.12902059292338217
2022-06-23,0.13304755762924625
2022-06-24,0.12648447971143326
2022-06-25,0.1228825026247102
2022-06-26,0.12189757108125819
2022-06-27,0.12428253168042282
2022-06-28,0.12554707995393205
2022-06-29,0.12900997807169962
2022-06-30,0.1311603211294544
2022-07-01,0.13258230421243775
2022-07-02,0.13439239408252998
2022-07-03,0.13433889928678677
2022-07-04,0.1338318124614931
2022-07-05,0.12832494225125987
2022-07-06,0.12897029922818729
2022-07-07,0.1263055829691757
2022-07-08,0.12183343187199214
2022-07-09,0.1213748141998423
2022-07-10,0.12175555283683955
2022-07-11,0.12559258767875958
2022-07-12,0.13080525236091847
2022-07-13,0.13507459740471908
2022-07-14,0.12886793084413975
2022-07-15,0.12564136712558
2022-07-16,0.12352412669185643
2022-07-17,0.11933477862289583
2022-07-18,0.12098727153822932
2022-07-19,0.11245703688069585
2022-07-20,0.11035433745001524
2022-07-21,0.11151710894976985
2022-07-22,0.10951273150610545
2022-07-23,0.1120226493486752
2022-07-24,0.11291334112533662
2022-07-25,0.11179636973063739
2022-07-26,0.11986949065985851
2022-07-27,0.11888752816569534
2022-07-28,0.11062701338327564
2022-07-29,0.10587302309827959
2022-07-30,0.10467857426463675
2022-07-31,0.10541684366664944
2022-08-01,0.10657449900596958
2022-08-02,0.10706709582007307
2022-08-03,0.10999053350952602
2022-08-04,0.10668982088920705
2022-08-05,0.10843510379797291
2022-08-06,0.10472706409332282
2022-08-07,0.10638119835879949
2022-08-08,0.10514346060786241
2022-08-09,0.10305829853254847
2022-08-10,0.10682736835899223
2022-08-11,0.10032356400902723
2022-08-12,0.10116531729018224
2022-08-13,0.09949345169942823
2022-08-14,0.09905962973812689
2022-08-15,0.09945209280792938
2022-08-16,0.10086669990080073
2022-08-17,0.10148395743569882
2022-08-18,0.10313301148296401
2022-08-19,0.10505267030373967
2022-08-20,0.11320409027354955
2022-08-21,0.11380162274983119
2022-08-22,0.111713238920916
2022-08-23,0.11215445209922002
2022-08-24,0.11194105146178362
2022-08-25,0.1107291278457627
2022-08-26,0.11040544063297592
2022-08-27,0.11781974131443045
2022-08-28,0.11936782406243689
2022-08-29,0.1212959241361548
2022-08-30,0.11657433294300977
2022-08-31,0.1178448954796532
2022-09-01,0.11712893126706583
2022-09-02,0.11675031245316825
2022-09-03,0.1169979363157385
2022-09-04,0.11712458217304007
2022-09-05,0.11639368423394944
2022-09-06,0.1138577931329127
2022-09-07,0.12013405870766629
2022-09-08,0.11676530114739059
2022-09-09,0.11596132429801499
2022-09-10,0.10932912625547926
2022-09-11,0.10753830210880193
2022-09-12,0.10730629530301027
2022-09-13,0.10723464142193913
2022-09-14,0.11512654760071112
2022-09-15,0.11337276013960162
2022-09-16,0.11801815053678423
2022-09-17,0.11768256765005627
2022-09-18,0.11679803163947648
2022-09-19,0.12147903969404704
2022-09-20,0.11996344648773774
2022-09-21,0.12281024031683987
2022-09-22,0.12538134141319252
2022-09-23,0.11985645126565037
2022-09-24,0.12025279251957414
2022-09-25,0.12103496269225329
2022-09-26,0.121783098582786
2022-09-27,0.11997255358079988
2022-09-28,0.12025594849034127
2022-09-29,0.11872817380619549
2022-09-30,0.11701499000345789
2022-10-01,0.11744941494138181
2022-10-02,0.11839920308681676
2022-10-03,0.11969994990882296
2022-10-04,0.11697926880681328
2022-10-05,0.11363237637607719
2022-10-06,0.11403020245534999
2022-10-07,0.11499628430700859
2022-10-08,0.11606161340782833
2022-10-09,0.11671405352084087
2022-10-10,0.11630208838998496
2022-10-11,0.11866179463790981
2022-10-12,0.11939735115397816
2022-10-13,0.11862405467129453
2022-10-14,0.11771919703439594
2022-10-15,0.11820222534601188
2022-10-16,0.11898572011474226
2022-10-17,0.11744156198765078
2022-10-18,0.11556562062543473
2022-10-19,0.116774706354484
2022-10-20,0.11794955775722261
2022-10-21,0.11842026170084662
2022-10-22,0.1174782668649317
2022-10-23,0.11693163519694631
2022-10-24,0.11446531585622328
2022-10-25,0.11601145531022368
2022-10-26,0.11132920287606168
2022-10-27,0.10807960226947406
2022-10-28,0.1100178202381422
2022-10-29,0.10802110765577173
2022-10-30,0.10580930113101202
2022-10-31,0.10663272664966544
2022-11-01,0.10627240537706192
2022-11-02,0.10589230883401411
2022-11-03,0.1074150219653128
2022-11-04,0.10654420048646442
2022-11-05,0.10116669868160055
2022-11-06,0.10123862922273154
2022-11-07,0.10496079251874682
2022-11-08,0.10491850931436318
2022-11-09,0.11676783089858682
2022-11-10,0.13480985109403404
2022-11-11,0.12142401027227803
2022-11-12,0.12320458632605993
2022-11-13,0.12544892945387642
2022-11-14,0.12887030683574882
2022-11-15,0.12700807334011133
2022-11-16,0.12500189682051355
2022-11-17,0.12667408816749204
2022-11-18,0.1274419049165772
2022-11-19,0.1269078687857466
2022-11-20,0.1268728997484941
2022-11-21,0.13094707159424973
2022-11-22,0.1336182422436179
2022-11-23,0.12976225758970433
2022-11-24,0.12578343066070685
2022-11-25,0.1253631452341108
2022-11-26,0.12601443361540496
2022-11-27,0.12591318613089927
2022-11-28,0.12509931427516144
2022-11-29,0.12711403540162144
2022-11-30,0.12508934967938495
2022-12-01,0.12029100644833514
2022-12-02,0.12196730456268835
2022-12-03,0.1210956006874062
2022-12-04,0.12323719455504639
2022-12-05,0.1211351232306904
2022-12-06,0.12208202854134158
2022-12-07,0.1215476100468325
2022-12-08,0.12367555860802515
2022-12-09,0.12118985081884211
2022-12-10,0.12187307146343707
2022-12-11,0.12203426747330566
2022-12-12,0.12200290233436736
2022-12-13,0.12501968369836464
2022-12-14,0.12266949903042218
2022-12-15,0.12308478079941194
2022-12-16,0.12544572161697828
2022-12-17,0.1331610354888061
2022-12-18,0.13154911469632152
2022-12-19,0.1312289064702284
2022-12-20,0.13397602821583943
2022-12-21,0.1301270173185711
2022-12-22,0.13093595376437414
2022-12-23,0.13073640074586254
2022-12-24,0.13089443844547097
2022-12-25,0.1308728814487832
2022-12-26,0.131267399265715
2022-12-27,0.13018214114817916
2022-12-28,0.1316284874569383
2022-12-29,0.13374828717679327
2022-12-30,0.13329418640226576
2022-12-31,0.1335586433901712
2023-01-01,0.13384808403447748
2023-01-02,0.1333029133620563
2023-01-03,0.13166226114085802
2023-01-04,0.13144299737645132
2023-01-05,0.12866433546636574
2023-01-06,0.12917622464120304
2023-01-07,0.12818103960276497
2023-01-08,0.128424689195128
2023-01-09,0.1266722253107849
2023-01-10,0.12441573709037733
2023-01-11,0.12237164254570847
2023-01-12,0.11976594352828243
2023-01-13,0.11636328744831287
2023-01-14,0.11221075798572876
2023-01-15,0.10766619941360786
2023-01-16,0.10763550491997868
2023-01-17,0.10664435980050609
2023-01-18,0.10647070560589299
2023-01-19,0.11023769703789044
2023-01-20,0.10834686606979711
2023-01-21,0.10180732713490423
2023-01-22,0.10302012092497653
2023-01-23,0.10233045776124809
2023-01-24,0.10178161975393162
2023-01-25,0.10459912221101231
2023-01-26,0.10196211462662183
2023-01-27,0.1017589317248392
2023-01-28,0.10142838609421831
2023-01-29,0.10213578409327516
2023-01-30,0.09876540963153643
2023-01-31,0.1025574238681948
2023-02-01,0.10110583439001286
2023-02-02,0.09882737880615138
2023-02-03,0.09856580556164177
2023-02-04,0.09788326881236267
2023-02-05,0.0979841127749288
2023-02-06,0.09940099048680742
2023-02-07,0.10038237008302524
2023-02-08,0.09644147570311844
2023-02-09,0.09759573791043773
2023-02-10,0.10349434745266242
2023-02-11,0.1040052356714383
2023-02-12,0.10261064598712509
2023-02-13,0.10305146126840137
2023-02-14,0.1049648221196503
2023-02-15,0.10281482252245905
2023-02-16,0.096561627973308
2023-02-17,0.1001549805953617
2023-02-18,0.09577308807821129
2023-02-19,0.09595402910901929
2023-02-20,0.09684701883232309
2023-02-21,0.09529612158733543
2023-02-22,0.09735917885647906
2023-02-23,0.09801836668513067
2023-02-24,0.0988005387736842
2023-02-25,0.1018632477128285
2023-02-26,0.10228984130458096
2023-02-27,0.10034824536056179
2023-02-28,0.10072968452214494
2023-03-01,0.10269188845364585
2023-03-02,0.1008176083950833
2023-03-03,0.10232777923890064
2023-03-04,0.10713245821074986
2023-03-05,0.10766292619200059
2023-03-06,0.10741697221844194
2023-03-07,0.10739285693632782
2023-03-08,0.10828300270809689
2023-03-09,0.11063466362423381
2023-03-10,0.11656406949384157
2023-03-11,0.1144718405336622
2023-03-12,0.11474930652103005
2023-03-13,0.10730088780356026
2023-03-14,0.10060468223265188
2023-03-15,0.09902019897441007
2023-03-16,0.10110979967957967
2023-03-17,0.09933861193092819
2023-03-18,0.09312775349915549
2023-03-19,0.09489298676393904
2023-03-20,0.09200353897996967
2023-03-21,0.09386731378735659
2023-03-22,0.09181380427647101
2023-03-23,0.09476254179451188
2023-03-24,0.09228735267276635
2023-03-25,0.09483666062754621
2023-03-26,0.09448427286786375
2023-03-27,0.09347745685858991
2023-03-28,0.09604368753204474
2023-03-29,0.09468249153122629
2023-03-30,0.09187464060923188
2023-03-31,0.09237619062709254
2023-04-01,0.09096268749429873
2023-04-02,0.09105933960873952
2023-04-03,0.0921021339726842
2023-04-04,0.09287892916107601
2023-04-05,0.0912729004680133
2023-04-06,0.09093472236305586
2023-04-07,0.0917916588577093
2023-04-08,0.09215167592276392
2023-04-09,0.0923526786950752
2023-04-10,0.09138751460799441
2023-04-11,0.08884248418530535
2023-04-12,0.08788992660603165
2023-04-13,0.08835283791214675
2023-04-14,0.08619154469985213
2023-04-15,0.08494841838547292
2023-04-16,0.0851232559136658
2023-04-17,0.08435472546145478
2023-04-18,0.08637806894141548
2023-04-19,0.0845628318983757
2023-04-20,0.08936447869560657
2023-04-21,0.09042126672921047
2023-04-22,0.09375389391454877
2023-04-23,0.09189514099960241
2023-04-24,0.09268472470837408
2023-04-25,0.0931391965261019
2023-04-26,0.0912571551771836
2023-04-27,0.09128815840046546
2023-04-28,0.08899923022401543
2023-04-29,0.08951300210182557
2023-04-30,0.08949587882689373
2023-05-01,0.08975912458330235
2023-05-02,0.09228553674458177
2023-05-03,0.09103785474912557
2023-05-04,0.09021536427573378
2023-05-05,0.09105606031189714
2023-05-06,0.08868995469580895
2023-05-07,0.09089469841181436
2023-05-08,0.09178271821836351
2023-05-09,0.0946790936471534
2023-05-10,0.09468927142565126
2023-05-11,0.09466411511036434
2023-05-12,0.09690000841495552
2023-05-13,0.09666739987499536
2023-05-14,0.09658987132649725
2023-05-15,0.09597918192119828
2023-05-16,0.09522694746185445
2023-05-17,0.09555634678310282
2023-05-18,0.09486101638137877
2023-05-19,0.09610909412706269
2023-05-20,0.09594308723903278
2023-05-21,0.09540977785235483
2023-05-22,0.09648523108132881
2023-05-23,0.09586589226966145
2023-05-24,0.09463367891667163
2023-05-25,0.09702116759312365
2023-05-26,0.09689238580646317
2023-05-27,0.09590881585585302
2023-05-28,0.09565391766229263
2023-05-29,0.09216909572936718
2023-05-30,0.0931541662894469
2023-05-31,0.09297189817799029
2023-06-01,0.09442990183165363
2023-06-02,0.09535760572242526
2023-06-03,0.09365890178720072
2023-06-04,0.09422810105299938
2023-06-05,0.09396758557748074
2023-06-06,0.09858658551469858
2023-06-07,0.09469417559681086
2023-06-08,0.09777038065708402
2023-06-09,0.09716373688749853
2023-06-10,0.09758773072829485
2023-06-11,0.10182042809306172
2023-06-12,0.10166512597289139
2023-06-13,0.1019222183226511
2023-06-14,0.10161164073697662
2023-06-15,0.1051222546781843
2023-06-16,0.10402052504721455
2023-06-17,0.10163061166291137
2023-06-18,0.10051812061520124
2023-06-19,0.1012724525136066
2023-06-20,0.10013764265290996
2023-06-21,0.09625744840021247
2023-06-22,0.09186672082889083
2023-06-23,0.09262182330167694
2023-06-24,0.09070943087605299
2023-06-25,0.09125778838200173
2023-06-26,0.09069268996247393
2023-06-27,0.09174526120295655
2023-06-28,0.09054722358786509
2023-06-29,0.09277584053729626
2023-06-30,0.09099531729862675
2023-07-01,0.08954985522102488
2023-07-02,0.08914835642442057
2023-07-03,0.08915154526705646
2023-07-04,0.08817659147711909
2023-07-05,0.08891060503976965
2023-07-06,0.08995446260646629
2023-07-07,0.09165209970890646
2023-07-08,0.09069692663120008
2023-07-09,0.0907233610213018
2023-07-10,0.0909989596180635
2023-07-11,0.09025624988270198
2023-07-12,0.08975914975558194
2023-07-13,0.09022354004009589
2023-07-14,0.08527221067444055
2023-07-15,0.0881248002597799
2023-07-16,0.087918561156562
2023-07-17,0.08832450362247656
2023-07-18,0.0885072925610415
2023-07-19,0.08919907001404177
2023-07-20,0.08882786492743491
2023-07-21,0.08890079951438633
2023-07-22,0.08875944758930013
2023-07-23,0.08951468423864245
2023-07-24,0.08853901276374057
2023-07-25,0.09079643674477902
2023-07-26,0.0903436381352901
2023-07-27,0.08980302276542754
2023-07-28,0.09013314635927351
2023-07-29,0.08967189183004387
2023-07-30,0.08935750626334979
2023-07-31,0.08993341526559238
2023-08-01,0.09014202134660694
2023-08-02,0.08868263982897745
2023-08-03,0.09046822906967461
2023-08-04,0.09067601228976496
2023-08-05,0.09104480196039508
2023-08-06,0.09090307213869019
2023-08-07,0.09088154853157918
2023-08-08,0.09093594814308546
2023-08-09,0.08932424976308563
2023-08-10,0.08942233379089279
2023-08-11,0.08968813830523632
2023-08-12,0.0898281878407943
2023-08-13,0.08972205636323553
2023-08-14,0.08999653302229005
2023-08-15,0.08946470257511799
2023-08-16,0.09065078519666407
2023-08-17,0.09174869350867791
2023-08-18,0.09831511943063466
2023-08-19,0.09958132226534706
2023-08-20,0.09900281055514948
2023-08-21,0.09847053341770932
2023-08-22,0.09929816232234676
2023-08-23,0.10003015133794126
2023-08-24,0.09820958694456933
2023-08-25,0.09926813771334474
2023-08-26,0.09953479705737665
2023-08-27,0.09976382993786405
2023-08-28,0.09938694875633639
2023-08-29,0.09954489171761768
2023-08-30,0.0950338830074896
2023-08-31,0.09645830646995407
2023-09-01,0.10028790494750255
2023-09-02,0.10086263724457939
2023-09-03,0.100596112923353
2023-09-04,0.10020282513613776
2023-09-05,0.10062085583860987
2023-09-06,0.10069178789689612
2023-09-07,0.1005716067957928
2023-09-08,0.09963136053642307
2023-09-09,0.10050931048064711
2023-09-10,0.10069278766001787
2023-09-11,0.10130980226411032
2023-09-12,0.1044672434618914
2023-09-13,0.10215224836796083
2023-09-14,0.10093638891864065
2023-09-15,0.09977824202221862
2023-09-16,0.0991995482517436
2023-09-17,0.09928863825033689
2023-09-18,0.09978959092935846
2023-09-19,0.09886580038925909
2023-09-20,0.09762672689360034
2023-09-21,0.09793041453085467
2023-09-22,0.09981111893540648
2023-09-23,0.09961102262132622
2023-09-24,0.099605822693068
2023-09-25,0.10050377606385295
2023-09-26,0.10007883127078727
2023-09-27,0.10021543632755246
2023-09-28,0.10000571897572647
2023-09-29,0.09725241872008569
2023-09-30,0.09720597927987389
2023-10-01,0.09702738795476924
2023-10-02,0.09414349036989635
2023-10-03,0.09624656656208853
2023-10-04,0.09646545446295005
2023-10-05,0.09595078890456846
2023-10-06,0.09754549557653303
2023-10-07,0.09597288994303076
2023-10-08,0.09621127287256172
2023-10-09,0.09628885726353269
2023-10-10,0.09804452786793738
2023-10-11,0.09859195147873068
2023-10-12,0.0995697820052531
2023-10-13,0.10035399664742127
2023-10-14,0.09985933679914373
2023-10-15,0.0997213055764786
2023-10-16,0.09906840677246481
2023-10-17,0.09576146049287108
2023-10-18,0.09688732372863502
2023-10-19,0.09742453779637321
2023-10-20,0.0965200533910809
2023-10-21,0.09443713136747836
2023-10-22,0.0932420839729584
2023-10-23,0.09275003069692536
2023-10-24,0.08577224679160504
2023-10-25,0.08458985299653443
2023-10-26,0.08372093767259411
2023-10-27,0.08389494510867868
2023-10-28,0.08467173735688939
2023-10-29,0.0843444973634978
2023-10-30,0.08316517918566427
2023-10-31,0.0827365704049621
2023-11-01,0.08246473442281377
2023-11-02,0.0806987400703039
2023-11-03,0.0819606616008786
2023-11-04,0.08196608739700648
2023-11-05,0.08090210455523315
2023-11-06,0.0800747267309317
2023-11-07,0.07954476932564153
2023-11-08,0.07931002004110745
2023-11-09,0.07926641018404315
2023-11-10,0.07623967583168433
2023-11-11,0.07545672492586492
2023-11-12,0.07573196011955996
2023-11-13,0.07561769330252387
2023-11-14,0.076730379493451
2023-11-15,0.07884960876113928
2023-11-16,0.07481177102675007
2023-11-17,0.07817114261656355
2023-11-18,0.07783511452807108
2023-11-19,0.07780103146800908
2023-11-20,0.07624463299912965
2023-11-21,0.0764290622519633
2023-11-22,0.08018804289141532
2023-11-23,0.07649218699195957
2023-11-24,0.07682651399697062
2023-11-25,0.07611150553348256
2023-11-26,0.07567042790381913
2023-11-27,0.07617297291757652
2023-11-28,0.07718588437721584
2023-11-29,0.0761705034752922
2023-11-30,0.07654956595763553
2023-12-01,0.07648140704578711
2023-12-02,0.07508226664038406
2023-12-03,0.0733994410284415
2023-12-04,0.07269745470985527
2023-12-05,0.07069225986898811
2023-12-06,0.06811458308092817
2023-12-07,0.06884626611332463
2023-12-08,0.06843965316127465
2023-12-09,0.06708893341235336
2023-12-10,0.06752200928622466
2023-12-11,0.06704229355671783
2023-12-12,0.07059989180090664
2023-12-13,0.07020552835313304
2023-12-14,0.06872616774734243
2023-12-15,0.06759428487432996
2023-12-16,0.07009046217413592
2023-12-17,0.06934272820369397
2023-12-18,0.07083294885956307
2023-12-19,0.06953263260139542
2023-12-20,0.06997638358492039
2023-12-21,0.0680244896966727
2023-12-22,0.06711103210319504
2023-12-23,0.06636819164997383
2023-12-24,0.06640161718035133
2023-12-25,0.06722097070741795
2023-12-26,0.06590543616782782
2023-12-27,0.06728322251524943
2023-12-28,0.06547464594941428
2023-12-29,0.06653639121114545
2023-12-30,0.06728590183149905
2023-12-31,0.06719937801152093
2024-01-01,0.06743445945088875
2024-01-02,0.06502704454643513
2024-01-03,0.06495851769408831
2024-01-04,0.06858328421174122
2024-01-05,0.06704693670787676
2024-01-06,0.06795527712457664
2024-01-07,0.06886725107288208
2024-01-08,0.0697085899201838
2024-01-09,0.06585053274257491
2024-01-10,0.06712182466485724
2024-01-11,0.06485212455265815
2024-01-12,0.0646837477703239
2024-01-13,0.06864625536858698
2024-01-14,0.06804933914208626
2024-01-15,0.06984655831586885
2024-01-16,0.06863526823992158
2024-01-17,0.06798957092224137
2024-01-18,0.06829698956742741
2024-01-19,0.07046757618358314
2024-01-20,0.07018394060150375
2024-01-21,0.07014857764922583
2024-01-22,0.07021332648456294
2024-01-23,0.07438608903223747
2024-01-24,0.07454426137206335
2024-01-25,0.07420815603781075
2024-01-26,0.07468902413344637
2024-01-27,0.07227554102118813
2024-01-28,0.07183011664419221
2024-01-29,0.07224396892122016
2024-01-30,0.07036620217203113
2024-01-31,0.07119852883699812
2024-02-01,0.07302405269890883
2024-02-02,0.07147054655920324
2024-02-03,0.07125288512927831
2024-02-04,0.0721345708060266
2024-02-05,0.0721445482729261
2024-02-06,0.07200438470654184
2024-02-07,0.07121829847819178
2024-02-08,0.06955838048915244
2024-02-09,0.06876405556388089
2024-02-10,0.06660054394495904
2024-02-11,0.06606445520681453
2024-02-12,0.06567508325437808
2024-02-13,0.06348562383767166
2024-02-14,0.06391453187551066
2024-02-15,0.0616698208409918
2024-02-16,0.06130010948395145
2024-02-17,0.06134099314380924
2024-02-18,0.06174632451765727
2024-02-19,0.060810054812593696
2024-02-20,0.06058698351755732
2024-02-21,0.06024891267244363
2024-02-22,0.060655373886218306
2024-02-23,0.061125356389905704
2024-02-24,0.061723676673519995
2024-02-25,0.0605990044984831
2024-02-26,0.06016953356161984
2024-02-27,0.057986359971990996
2024-02-28,0.056384649612705284
2024-02-29,0.05316418614226557
2024-03-01,0.054110602158197095
2024-03-02,0.05258127886616293
2024-03-03,0.05229667048446553
2024-03-04,0.0515219901583107
2024-03-05,0.04894218585853148
2024-03-06,0.051990839264567754
2024-03-07,0.0496309512377449
2024-03-08,0.0492045532436851
2024-03-09,0.048610294859044216
2024-03-10,0.04847893619507469
2024-03-11,0.04834772139784102
2024-03-12,0.046471631356961994
2024-03-13,0.04718617074231422
2024-03-14,0.04605400572117779
2024-03-15,0.047138227021254205
2024-03-16,0.048380752668199446
2024-03-17,0.051677877533864845
2024-03-18,0.04934254904222031
2024-03-19,0.050676374062072205
2024-03-20,0.05537031533478349
2024-03-21,0.05071649219208687
2024-03-22,0.05200736794120107
2024-03-23,0.05347385235990284
2024-03-24,0.053105517272211876
2024-03-25,0.05090485686097486
2024-03-26,0.04927504826238941
2024-03-27,0.049195671131814944
2024-03-28,0.049849713095814416
2024-03-29,0.04905447961866607
2024-03-30,0.049371738493857516
2024-03-31,0.049613661223791544
2024-04-01,0.04831176251753741
2024-04-02,0.04994629563440987
2024-04-03,0.05333559094823399
2024-04-04,0.0533992939802685
2024-04-05,0.05215585560400095
2024-04-06,0.05274968749004846
2024-04-07,0.05199806347939471
2024-04-08,0.05127076294499056
2024-04-09,0.04938977838897019
2024-04-10,0.051263306863498836
2024-04-11,0.050703107066081055
2024-04-12,0.050951757183502346
2024-04-13,0.05431133211844877
2024-04-14,0.05828267972321797
2024-04-15,0.05606720933650774
2024-04-16,0.05801163037720601
2024-04-17,0.058227025598221585
2024-04-18,0.060593378197519684
2024-04-19,0.05929049859421924
2024-04-20,0.05897281309854548
2024-04-21,0.05725809039845354
2024-04-22,0.057435128890169544
2024-04-23,0.056038884316083774
2024-04-24,0.05593821662856165
2024-04-25,0.05764881339095158
2024-04-26,0.057417408119256434
2024-04-27,0.058352133376540424
2024-04-28,0.05807303311014917
2024-04-29,0.05812242978186961
2024-04-30,0.05803750833553394
2024-05-01,0.061100014065699294
2024-05-02,0.0623162906823763
2024-05-03,0.06182798201619674
2024-05-04,0.058912334812006854
2024-05-05,0.058269603455833104
2024-05-06,0.057920127403466894
2024-05-07,0.058685576305481886
2024-05-08,0.05949344592644116
2024-05-09,0.06050162777756108
2024-05-10,0.05877833916916828
2024-05-11,0.060841268278662125
2024-05-12,0.06080691824773741
2024-05-13,0.06046044658366936
2024-05-14,0.05952973313580757
2024-05-15,0.06120378716612226
2024-05-16,0.057494659276171825
2024-05-17,0.05849777379022662
2024-05-18,0.05677306459426908
2024-05-19,0.056774516359075065
2024-05-20,0.057503169239834714
2024-05-21,0.052480257458930216
2024-05-22,0.052780060924721
2024-05-23,0.05334378993559383
2024-05-24,0.0539418768893793
2024-05-25,0.053907390485766635
2024-05-26,0.05336169674278914
2024-05-27,0.053536921801264625
2024-05-28,0.05258797600074412
2024-05-29,0.05319892822108125
2024-05-30,0.05406687902873545
2024-05-31,0.053906278704754514
2024-06-01,0.054236822528454846
2024-06-02,0.05401798632353336
2024-06-03,0.054170531089246306
2024-06-04,0.053701829750247176
2024-06-05,0.052485402315562785
2024-06-06,0.05196842600172959
2024-06-07,0.052252133352331684
2024-06-08,0.053822113724862966
2024-06-09,0.05415060364431798
2024-06-10,0.05374853487051968
2024-06-11,0.05428746608685495
2024-06-12,0.056401243778690754
2024-06-13,0.055379366497308
2024-06-14,0.05682739517748789
2024-06-15,0.05734371492903893
2024-06-16,0.056902850963426205
2024-06-17,0.05637707889785086
2024-06-18,0.057467367874263854
2024-06-19,0.058735550676253606
2024-06-20,0.05839378894733628
2024-06-21,0.05867184620220487
2024-06-22,0.059063244958724524
2024-06-23,0.059050808914144375
2024-06-24,0.06014027987321664
2024-06-25,0.06205739581636836
2024-06-26,0.06066281644958997
2024-06-27,0.061248613996429
2024-06-28,0.06002666936220898
2024-06-29,0.06140245730400503
2024-06-30,0.06117763375543522
2024-07-01,0.059818597450101124
2024-07-02,0.059696507524495235
2024-07-03,0.06006479452207126
2024-07-04,0.06222223719855624
2024-07-05,0.06648954294631158
2024-07-06,0.06712315265618539
2024-07-07,0.06475474035151496
2024-07-08,0.06814354170139598
2024-07-09,0.06669021971896229
2024-07-10,0.06548542968958596
2024-07-11,0.06537082470997882
2024-07-12,0.06570654368792589
2024-07-13,0.06500800650432949
2024-07-14,0.06381342838618329
2024-07-15,0.06250745920386606
2024-07-16,0.05881299324370045
2024-07-17,0.05881262519816352
2024-07-18,0.05973060559634124
2024-07-19,0.05989073684514993
2024-07-20,0.05802239754762734
2024-07-21,0.0576111003323412
2024-07-22,0.05682322066236279
2024-07-23,0.057951068826238426
2024-07-24,0.0589055498793327
2024-07-25,0.05962875184364368
2024-07-26,0.060317868490588636
2024-07-27,0.05846818094124951
2024-07-28,0.058614067618466305
2024-07-29,0.05831897429074551
2024-07-30,0.058962823298203286
2024-07-31,0.05942368241445759
2024-08-01,0.060508732790046316
2024-08-02,0.06037212243646127
2024-08-03,0.06435654431644505
2024-08-04,0.06562377892137586
2024-08-05,0.06905750315756648
2024-08-06,0.07456772435008892
2024-08-07,0.07228030572144292
2024-08-08,0.07373866991626978
2024-08-09,0.06666139238496528
2024-08-10,0.06773413948434069
2024-08-11,0.06745784287238389
2024-08-12,0.0700146302279703
2024-08-13,0.06836437708993731
2024-08-14,0.06769930119291442
2024-08-15,0.06939477290581517
2024-08-16,0.07115912038178851
2024-08-17,0.07025169336689738
2024-08-18,0.06939117609036163
2024-08-19,0.0703370861522723
2024-08-20,0.06910169120375591
2024-08-21,0.0697321002138697
2024-08-22,0.06775937478183686
2024-08-23,0.06829600195861467
2024-08-24,0.06479061877121661
2024-08-25,0.06452462916512988
2024-08-26,0.06465995481986996
2024-08-27,0.06622426883336421
2024-08-28,0.0700641614352357
2024-08-29,0.07027443488863717
2024-08-30,0.07015896503708048
2024-08-31,0.07037844177901775
2024-09-01,0.07075349229181592
2024-09-02,0.07276985359150145
2024-09-03,0.07037837450292428
2024-09-04,0.07285622271922675
2024-09-05,0.07227259803717248
2024-09-06,0.07418963094844386
2024-09-07,0.07711248939346559
2024-09-08,0.07635994248302719
2024-09-09,0.07547253013847298
2024-09-10,0.0731737704887806
2024-09-11,0.07246750151933047
2024-09-12,0.07307008421871058
2024-09-13,0.07231720016064269
2024-09-14,0.06990728130484401
2024-09-15,0.07053860740799395
2024-09-16,0.07169195007851278
2024-09-17,0.07290587631463794
2024-09-18,0.07105426687050286
2024-09-19,0.06964699582404994
2024-09-20,0.06822046109788625
2024-09-21,0.06743907773031838
2024-09-22,0.06682655078183138
2024-09-23,0.06703149650748123
2024-09-24,0.06671889751182153
2024-09-25,0.06587429944450157
2024-09-26,0.06713609346358225
2024-09-27,0.06519200150010225
2024-09-28,0.0643793335393644
2024-09-29,0.06442609227870183
2024-09-30,0.06441660348165114
2024-10-01,0.0664665902547714
2024-10-02,0.06948698512238802
2024-10-03,0.07031565409224541
2024-10-04,0.07049053223070108
2024-10-05,0.06877657260692584
2024-10-06,0.06881049355193805
2024-10-07,0.06773306788287525
2024-10-08,0.06835952185336437
2024-10-09,0.06816338906964992
2024-10-10,0.06982522004062862
2024-10-11,0.07001957996255337
2024-10-12,0.06789606322914134
2024-10-13,0.06701669251515231
2024-10-14,0.06727775003540878
2024-10-15,0.06420406969539597
2024-10-16,0.06406859895597322
2024-10-17,0.0637371233563774
2024-10-18,0.06428193238546677
2024-10-19,0.06325535958399088
2024-10-20,0.06318675788183464
2024-10-21,0.061980056650591406
2024-10-22,0.06339990391040232
2024-10-23,0.06346230346477633
2024-10-24,0.0645211297052075
2024-10-25,0.06350334147324624
2024-10-26,0.06563847023350433
2024-10-27,0.06494338949134162
2024-10-28,0.0641559199724873
2024-10-29,0.0627655828228973
2024-10-30,0.060898731180597486
2024-10-31,0.06101669609174664
2024-11-01,0.06326313257522369
2024-11-02,0.06376871561856699
2024-11-03,0.06412873563572238
2024-11-04,0.06501912998613465
2024-11-05,0.06614529925960572
2024-11-06,0.0650163210463523
2024-11-07,0.06008033428110322
2024-11-08,0.05953400034906467
2024-11-09,0.0591234276866887
2024-11-10,0.0580730093343795
2024-11-11,0.05568616816869061
2024-11-12,0.051453098529928416
2024-11-13,0.052682692178459535
2024-11-14,0.05229684710657895
2024-11-15,0.05424664698349709
2024-11-16,0.05231500433757752
2024-11-17,0.05191013720771829
2024-11-18,0.0524095904291166
2024-11-19,0.05164073803182796
2024-11-20,0.05162460074875393
2024-11-21,0.05191028644731131
2024-11-22,0.049765027189633354
2024-11-23,0.049483797842028755
2024-11-24,0.04932342189199583
2024-11-25,0.04907741592914854
2024-11-26,0.051069212132519325
2024-11-27,0.0519638571571307
2024-11-28,0.04940900265824569
2024-11-29,0.0498617234551378
2024-11-30,0.04883894290953258
2024-12-01,0.04869490505624478
2024-12-02,0.04798676537114222
2024-12-03,0.04815927459171265
2024-12-04,0.047719943912495524
2024-12-05,0.04695955440113326
2024-12-06,0.047801211095166496
2024-12-07,0.046533221722199106
2024-12-08,0.04644915061068344
2024-12-09,0.04588719023558182
2024-12-10,0.049300285906196395
2024-12-11,0.05001029459765152
2024-12-12,0.0478878617181908
2024-12-13,0.048245402847805256
2024-12-14,0.04765132700628221
2024-12-15,0.048178945789156
2024-12-16,0.04721857530846752
2024-12-17,0.04680779589382345
2024-12-18,0.04706977478324922
2024-12-19,0.0503017872519776
2024-12-20,0.05227972346073224
2024-12-21,0.051615384338913065
2024-12-22,0.05255524024562647
2024-12-23,0.05349072264833636
2024-12-24,0.05260546693823121
2024-12-25,0.050774406623810116
2024-12-26,0.05073823724327324
2024-12-27,0.05285834602777553
2024-12-28,0.05326139863781614
2024-12-29,0.05233495279476209
2024-12-30,0.053502835206554585
2024-12-31,0.05348190607406674
2025-01-01,0.053189393055298094
2025-01-02,0.052337796817934226
2025-01-03,0.051248949660575575
2025-01-04,0.0500201237650714
2025-01-05,0.049824219457155615
2025-01-06,0.0500434036343435
2025-01-07,0.04864091144077654
2025-01-08,0.05173350097875724
2025-01-09,0.05267996427037935
2025-01-10,0.05430718670069658
2025-01-11,0.053134933208034155
2025-01-12,0.052861337846943864
2025-01-13,0.05315169242443618
2025-01-14,0.053614977188089906
2025-01-15,0.05236839679083816
2025-01-16,0.04980347045208577
2025-01-17,0.050530379584626035
2025-01-18,0.04870667583588847
2025-01-19,0.04914027424464227
2025-01-20,0.0514597231432694
2025-01-21,0.051673007495750156
2025-01-22,0.05009923321050442
2025-01-23,0.051217120562133726
2025-01-24,0.05120661617101037
2025-01-25,0.05121567841434145
2025-01-26,0.051170711614571505
2025-01-27,0.052351342531326
2025-01-28,0.052880990802656534
2025-01-29,0.05380276221919971
2025-01-30,0.05294970093071335
2025-01-31,0.051950671384281485
2025-02-01,0.05267492165312462
2025-02-02,0.05445960072853615
2025-02-03,0.057708458335337796
2025-02-04,0.056305634534362145
2025-02-05,0.05896543019606846
2025-02-06,0.05975422484455129
2025-02-07,0.06060340522685789
2025-02-08,0.0607240619586657
2025-02-09,0.060406967630720974
2025-02-10,0.060439448108128055
2025-02-11,0.05978655543974046
2025-02-12,0.060541528159459165
2025-02-13,0.058901030860868064
2025-02-14,0.05968643509291866
2025-02-15,0.05889739925762696
2025-02-16,0.05903896098223427
2025-02-17,0.059677754160334606
2025-02-18,0.059844943728479726
2025-02-19,0.060684693533606886
2025-02-20,0.0598047008306499
2025-02-21,0.059276058479347006
2025-02-22,0.060864860961620575
2025-02-23,0.06013303535288174
2025-02-24,0.059968204264196794
2025-02-25,0.06421638388658553
2025-02-26,0.06511625297525273
2025-02-27,0.0680105932302132
2025-02-28,0.06802920067211603
2025-03-01,0.06845661528547364
2025-03-02,0.06763619122560736
2025-03-03,0.06084812500925348
2025-03-04,0.06802053178147556
2025-03-05,0.0671230203256466
2025-03-06,0.06512284466417356
2025-03-07,0.06587784891203907
2025-03-08,0.06809251451205976
2025-03-09,0.0684022321720027
2025-03-10,0.07313504700899968
2025-03-11,0.07588172298988664
2025-03-12,0.07256956382117712
2025-03-13,0.07200028736930925
2025-03-14,0.073710088876519
2025-03-15,0.07146776783054448
2025-03-16,0.0707441709750817
2025-03-17,0.0725036641415589
2025-03-18,0.0710907065841351
2025-03-19,0.07211558318420676
2025-03-20,0.06878183348645078
2025-03-21,0.07093651253933027
2025-03-22,0.07118757932659976
2025-03-23,0.07124292085300452
2025-03-24,0.06983577734126692
2025-03-25,0.06865259547626673
2025-03-26,0.06867541009782892
2025-03-27,0.06956377381344632
2025-03-28,0.06926347625446193
2025-03-29,0.07191961888133483
2025-03-30,0.0736788695488836
2025-03-31,0.07385545599500051
2025-04-01,0.07377901307903467
2025-04-02,0.07199019214354298
2025-04-03,0.07481442379875099
2025-04-04,0.07416694678576806
2025-04-05,0.07351240104986553
2025-04-06,0.07370859282578224
2025-04-07,0.07952679826467471
2025-04-08,0.07880778322217392
2025-04-09,0.08132469105581348
2025-04-10,0.07511283521365755
2025-04-11,0.07793530356516896
2025-04-12,0.07502048425110541
2025-04-13,0.07290259827317218
2025-04-14,0.07458004480116683
2025-04-15,0.07414465768197959
2025-04-16,0.07515971004795376
2025-04-17,0.07513001948717216
2025-04-18,0.0744569983419745
2025-04-19,0.07456489364267226
2025-04-20,0.07384666524466701
2025-04-21,0.07393557991431439
2025-04-22,0.07294426792530068
2025-04-23,0.06868296632656996
2025-04-24,0.06848625208898912
2025-04-25,0.06851768496198063
2025-04-26,0.06836401768389594
2025-04-27,0.068081218148443
2025-04-28,0.06871433178454225
2025-04-29,0.0682593870362227
2025-04-30,0.06870154713998812
2025-05-01,0.06889759041221825
2025-05-02,0.0675918064631993
2025-05-03,0.06749441921002092
2025-05-04,0.06829874014936275
2025-05-05,0.06947314790576967
2025-05-06,0.06892914493050768
2025-05-07,0.06802881909907416
2025-05-08,0.06794111422078525
2025-05-09,0.06296689121975427
2025-05-10,0.0622916331212066
2025-05-11,0.06029595504379933
2025-05-12,0.061133048633269654
2025-05-13,0.06138567765603171
2025-05-14,0.06010306147560989
2025-05-15,0.06101335270268751
2025-05-16,0.06183541623867266
2025-05-17,0.062050482430322816
2025-05-18,0.06264592099549056
2025-05-19,0.06092708557394601
2025-05-20,0.06145734388781542
2025-05-21,0.06122276154062469
2025-05-22,0.059925053210033795
2025-05-23,0.058759216279836976
2025-05-24,0.061321086094711
2025-05-25,0.061056499054911076
2025-05-26,0.06047212350591907
2025-05-27,0.0603258571314143
2025-05-28,0.06009615914027918
2025-05-29,0.06061265919808469
2025-05-30,0.061774299314878475
2025-05-31,0.0634324486884608
2025-06-01,0.06307004573753851
2025-06-02,0.06257660830991738
2025-06-03,0.06242884087746002
2025-06-04,0.06271765891103306
2025-06-05,0.06308759891605353
2025-06-06,0.06551566593152802
2025-06-07,0.06401738673777477
2025-06-08,0.06324145307374332
2025-06-09,0.06309007703289227
2025-06-10,0.060628526355214825
2025-06-11,0.06012187386111686
2025-06-12,0.061042127257245046
2025-06-13,0.06300363226372824
2025-06-14,0.06339987137944703
2025-06-15,0.06391846330145945
2025-06-16,0.06370707251098424
2025-06-17,0.06303812286245632
2025-06-18,0.06440021761636842
2025-06-19,0.0642683706541503
2025-06-20,0.06439505889921003
2025-06-21,0.06560028872303605
2025-06-22,0.06681542933197555
2025-06-23,0.06792212427205674
2025-06-24,0.06473448900128712
2025-06-25,0.06444043122017314
2025-06-26,0.06425456476522887
2025-06-27,0.06479959146718121
2025-06-28,0.0645543046064869
2025-06-29,0.06417567919503422
2025-06-30,0.0633344927988679
2025-07-01,0.06395764223482199
2025-07-02,0.06524284679771031
2025-07-03,0.06334276570916525
2025-07-04,0.06368599486214489
2025-07-05,0.06490596014046435
2025-07-06,0.06478393709436268
2025-07-07,0.06395276674748274
2025-07-08,0.06451989544271651
2025-07-09,0.06426192833810541
2025-07-10,0.06274624524626464
2025-07-11,0.06039289144866748
2025-07-12,0.05963386921830906
2025-07-13,0.05980824961168664
